page_time_jst,scrape_time_jst,sell_kwh,buy_kwh,cons_kwh,self_kwh,gen_kwh
2025-11-11T18:24+09:00,2025-11-11T18:24+09:00,,,,,
2025-11-11T18:35+09:00,2025-11-11T18:36+09:00,,,,,18.1
2025-11-11T18:47+09:00,2025-11-11T18:47+09:00,,,,,18.1
2025-11-11T18:53+09:00,2025-11-11T18:53+09:00,,,,,18.1
2025-11-11T19:14+09:00,2025-11-11T19:15+09:00,,,,,18.1
2025-11-11T19:42+09:00,2025-11-11T19:45+09:00,,,,,18.1
2025-11-11T20:13+09:00,2025-11-11T20:13+09:00,,,,,18.1
2025-11-11T20:37+09:00,2025-11-11T20:37+09:00,,,,,18.1
2025-11-11T21:36+09:00,2025-11-11T21:36+09:00,,,,,18.1
2025-11-11T22:47+09:00,2025-11-11T22:48+09:00,,,,,18.1
2025-11-11T23:13+09:00,2025-11-11T23:13+09:00,,,,,18.1
2025-11-11T23:43+09:00,2025-11-11T23:43+09:00,,,,,18.1
2025-11-12T00:14+09:00,2025-11-12T00:14+09:00,,,,,18.1
2025-11-12T00:41+09:00,2025-11-12T00:41+09:00,,,,,
2025-11-12T01:47+09:00,2025-11-12T01:47+09:00,,,,,0.0
2025-11-12T02:12+09:00,2025-11-12T02:12+09:00,,,,,0.0
2025-11-12T02:40+09:00,2025-11-12T02:40+09:00,,,,,0.0
2025-11-12T03:48+09:00,2025-11-12T03:48+09:00,,,,,0.0
2025-11-12T04:11+09:00,2025-11-12T04:11+09:00,,,,,0.0
2025-11-12T04:35+09:00,2025-11-12T04:35+09:00,,,,,0.0
2025-11-12T05:14+09:00,2025-11-12T05:14+09:00,,,,,0.0
2025-11-12T05:40+09:00,2025-11-12T05:40+09:00,,,,,0.0
2025-11-12T06:14+09:00,2025-11-12T06:14+09:00,,,,,0.0
2025-11-12T06:36+09:00,2025-11-12T06:36+09:00,,,,,0.0
2025-11-12T07:12+09:00,2025-11-12T07:13+09:00,,,,,0.0
2025-11-12T07:40+09:00,2025-11-12T07:40+09:00,,,,,0.0
2025-11-12T08:12+09:00,2025-11-12T08:12+09:00,,,,,1.4
2025-11-12T08:37+09:00,2025-11-12T08:37+09:00,,,,,1.4
2025-11-12T10:02+09:00,2025-11-12T10:02+09:00,,,,,
2025-11-12T11:42+09:00,2025-11-12T11:44+09:00,,,,,9.9
2025-11-12T12:44+09:00,2025-11-12T12:44+09:00,,,,,12.2
2025-11-12T13:24+09:00,2025-11-12T13:24+09:00,,,,,13.4
2025-11-12T13:46+09:00,2025-11-12T13:46+09:00,,,,,14.5
2025-11-12T14:20+09:00,2025-11-12T14:20+09:00,,,,,15.6
2025-11-12T14:43+09:00,2025-11-12T14:43+09:00,,,,,16.3
2025-11-12T15:30+09:00,2025-11-12T15:30+09:00,,,,,16.9
2025-11-12T15:38+09:00,2025-11-12T15:38+09:00,,,,,16.9
2025-11-12T16:19+09:00,2025-11-12T16:20+09:00,,,,,17.8
2025-11-12T16:40+09:00,2025-11-12T16:41+09:00,,,,,17.9
2025-11-12T16:51+09:00,2025-11-12T16:51+09:00,,,,,17.9
2025-11-12T17:43+09:00,2025-11-12T17:44+09:00,,,,,17.9
2025-11-12T18:00+09:00,2025-11-12T18:00+09:00,,,,,17.9
2025-11-12T18:35+09:00,2025-11-12T18:35+09:00,,,,,17.9
2025-11-12T18:52+09:00,2025-11-12T18:52+09:00,,,,,17.9
2025-11-12T19:39+09:00,2025-11-12T19:39+09:00,,,,,17.9
2025-11-12T19:55+09:00,2025-11-12T19:55+09:00,,,,,17.9
2025-11-12T20:29+09:00,2025-11-12T20:29+09:00,,,,,17.9
2025-11-12T20:51+09:00,2025-11-12T20:51+09:00,,,,,17.9
2025-11-12T22:03+09:00,2025-11-12T22:03+09:00,,,,,17.9
2025-11-12T22:45+09:00,2025-11-12T22:45+09:00,,,,,17.9
2025-11-12T22:58+09:00,2025-11-12T22:58+09:00,,,,,17.9
2025-11-12T23:36+09:00,2025-11-12T23:37+09:00,,,,,17.9
2025-11-12T23:54+09:00,2025-11-12T23:55+09:00,,,,,17.9
2025-11-13T00:36+09:00,2025-11-13T00:36+09:00,,,,,0.0
2025-11-13T00:54+09:00,2025-11-13T00:54+09:00,,,,,0.0
2025-11-13T01:44+09:00,2025-11-13T01:44+09:00,,,,,0.0
2025-11-13T02:00+09:00,2025-11-13T02:00+09:00,,,,,0.0
2025-11-13T02:34+09:00,2025-11-13T02:34+09:00,,,,,0.0
2025-11-13T02:54+09:00,2025-11-13T02:54+09:00,,,,,0.0
2025-11-13T03:41+09:00,2025-11-13T03:41+09:00,,,,,0.0
2025-11-13T03:55+09:00,2025-11-13T03:55+09:00,,,,,0.0
2025-11-13T04:28+09:00,2025-11-13T04:28+09:00,,,,,0.0
2025-11-13T04:51+09:00,2025-11-13T04:51+09:00,,,,,0.0
2025-11-13T05:35+09:00,2025-11-13T05:35+09:00,,,,,0.0
2025-11-13T05:50+09:00,2025-11-13T05:51+09:00,,,,,0.0
2025-11-13T06:31+09:00,2025-11-13T06:31+09:00,,,,,0.0
2025-11-13T06:50+09:00,2025-11-13T06:51+09:00,,,,,0.0
2025-11-13T07:33+09:00,2025-11-13T07:33+09:00,,,,,0.0
2025-11-13T07:51+09:00,2025-11-13T07:51+09:00,,,,,0.1
2025-11-13T08:30+09:00,2025-11-13T08:30+09:00,,,,,0.3
2025-11-13T08:50+09:00,2025-11-13T08:51+09:00,,,,,0.6
2025-11-13T11:18+09:00,2025-11-13T11:18+09:00,,,,,4.0
2025-11-13T12:39+09:00,2025-11-13T12:39+09:00,,,,,5.8
2025-11-13T13:03+09:00,2025-11-13T13:04+09:00,,,,,6.5
2025-11-13T13:39+09:00,2025-11-13T13:40+09:00,,,,,7.4
2025-11-13T13:53+09:00,2025-11-13T13:54+09:00,,,,,8.0
2025-11-13T14:35+09:00,2025-11-13T14:35+09:00,0.4,0.0,8.2,8.2,8.6
2025-11-13T14:51+09:00,2025-11-13T14:51+09:00,0.7,0.0,8.6,8.5,9.2
2025-11-13T15:46+09:00,2025-11-13T15:46+09:00,0.8,0.1,9.1,9.0,9.8
2025-11-13T16:31+09:00,2025-11-13T16:31+09:00,0.8,0.2,9.4,9.2,10.0
2025-11-13T16:50+09:00,2025-11-13T16:51+09:00,0.8,0.4,9.7,9.3,10.1
2025-11-13T17:42+09:00,2025-11-13T17:43+09:00,0.8,1.9,11.2,9.3,10.1
2025-11-13T17:58+09:00,2025-11-13T17:58+09:00,0.8,1.9,11.2,9.3,10.1
2025-11-13T18:35+09:00,2025-11-13T18:35+09:00,0.8,2.6,11.9,9.3,10.1
2025-11-13T18:51+09:00,2025-11-13T18:51+09:00,0.8,3.2,12.5,9.3,10.1
2025-11-13T19:39+09:00,2025-11-13T19:39+09:00,0.8,3.6,12.9,9.3,10.1
2025-11-13T19:54+09:00,2025-11-13T19:54+09:00,0.8,4.0,13.3,9.3,10.1
2025-11-13T20:29+09:00,2025-11-13T20:29+09:00,0.8,4.6,13.9,9.3,10.1
2025-11-13T20:51+09:00,2025-11-13T20:51+09:00,0.8,5.1,14.4,9.3,10.1
2025-11-13T22:03+09:00,2025-11-13T22:03+09:00,0.8,6.3,15.6,9.3,10.1
2025-11-13T22:45+09:00,2025-11-13T22:46+09:00,0.8,7.5,16.8,9.3,10.1
2025-11-13T23:33+09:00,2025-11-13T23:33+09:00,0.8,8.2,17.5,9.3,10.1
2025-11-14T00:33+09:00,2025-11-14T00:33+09:00,0.0,0.4,0.4,0.0,0.0
2025-11-14T00:51+09:00,2025-11-14T00:52+09:00,0.0,0.7,0.7,0.0,0.0
2025-11-14T01:40+09:00,2025-11-14T01:40+09:00,0.0,0.9,0.9,0.0,0.0
2025-11-14T01:57+09:00,2025-11-14T01:58+09:00,0.0,1.0,1.0,0.0,0.0
2025-11-14T02:34+09:00,2025-11-14T02:34+09:00,0.0,1.1,1.1,0.0,0.0
2025-11-14T02:51+09:00,2025-11-14T02:52+09:00,0.0,1.2,1.2,0.0,0.0
2025-11-14T03:44+09:00,2025-11-14T03:44+09:00,0.0,1.5,1.5,0.0,0.0
2025-11-14T03:58+09:00,2025-11-14T03:58+09:00,0.0,1.5,1.5,0.0,0.0
2025-11-14T04:26+09:00,2025-11-14T04:26+09:00,0.0,1.6,1.6,0.0,0.0
2025-11-14T04:51+09:00,2025-11-14T04:51+09:00,0.0,1.7,1.7,0.0,0.0
2025-11-14T05:34+09:00,2025-11-14T05:34+09:00,0.0,1.9,1.9,0.0,0.0
2025-11-14T05:53+09:00,2025-11-14T05:53+09:00,0.0,2.1,2.1,0.0,0.0
2025-11-14T06:28+09:00,2025-11-14T06:28+09:00,0.0,2.4,2.4,0.0,0.0
2025-11-14T06:50+09:00,2025-11-14T06:50+09:00,0.0,2.9,2.9,0.0,0.0
2025-11-14T07:34+09:00,2025-11-14T07:34+09:00,,,,,
2025-11-14T07:50+09:00,2025-11-14T07:50+09:00,0.0,3.5,3.8,0.3,0.3
2025-11-14T08:30+09:00,2025-11-14T08:30+09:00,0.4,3.5,4.0,0.5,0.9
2025-11-14T08:51+09:00,2025-11-14T08:51+09:00,1.1,3.5,4.3,0.8,1.9
2025-11-14T11:16+09:00,2025-11-14T11:16+09:00,6.4,3.5,5.9,2.4,8.8
2025-11-14T12:37+09:00,2025-11-14T12:37+09:00,9.0,3.5,6.1,2.6,11.6
2025-11-14T13:01+09:00,2025-11-14T13:01+09:00,10.6,3.5,6.3,2.7,13.3
2025-11-14T13:37+09:00,2025-11-14T13:37+09:00,11.6,3.5,6.4,2.9,14.5
2025-11-14T13:52+09:00,2025-11-14T13:52+09:00,12.1,3.5,6.6,3.1,15.2
2025-11-14T14:34+09:00,2025-11-14T14:34+09:00,12.6,3.5,6.9,3.3,15.9
2025-11-14T14:50+09:00,2025-11-14T14:51+09:00,13.0,3.5,7.0,3.5,16.5
2025-11-14T15:46+09:00,2025-11-14T15:46+09:00,13.3,3.5,7.4,3.9,17.2
2025-11-14T16:31+09:00,2025-11-14T16:31+09:00,13.5,3.5,7.6,4.0,17.5
2025-11-14T16:51+09:00,2025-11-14T16:51+09:00,13.5,3.6,7.8,4.1,17.6
2025-11-14T17:40+09:00,2025-11-14T17:41+09:00,13.5,4.6,8.8,4.1,17.6
2025-11-14T17:55+09:00,2025-11-14T17:56+09:00,13.5,4.6,8.8,4.1,17.6
2025-11-14T18:34+09:00,2025-11-14T18:34+09:00,13.5,5.2,9.3,4.1,17.6
2025-11-14T18:52+09:00,2025-11-14T18:52+09:00,13.5,5.5,9.7,4.1,17.6
2025-11-14T19:36+09:00,2025-11-14T19:37+09:00,13.5,5.8,10.0,4.1,17.6
2025-11-14T19:52+09:00,2025-11-14T19:53+09:00,13.5,6.1,10.2,4.1,17.6
2025-11-14T20:28+09:00,2025-11-14T20:28+09:00,13.5,6.3,10.5,4.1,17.6
2025-11-14T20:51+09:00,2025-11-14T20:51+09:00,13.5,6.5,10.7,4.1,17.6
2025-11-14T22:00+09:00,2025-11-14T22:00+09:00,13.5,7.3,11.5,4.1,17.6
2025-11-14T22:41+09:00,2025-11-14T22:41+09:00,13.5,8.4,12.5,4.1,17.6
2025-11-14T22:52+09:00,2025-11-14T22:52+09:00,13.5,8.4,12.5,4.1,17.6
2025-11-14T23:34+09:00,2025-11-14T23:34+09:00,13.5,8.9,13.0,4.1,17.6
2025-11-14T23:51+09:00,2025-11-14T23:51+09:00,13.5,9.3,13.4,4.1,17.6
2025-11-15T00:30+09:00,2025-11-15T00:30+09:00,0.0,0.2,0.2,0.0,0.0
2025-11-15T00:46+09:00,2025-11-15T00:51+09:00,0.0,0.3,0.3,0.0,0.0
2025-11-15T01:42+09:00,2025-11-15T01:42+09:00,0.0,0.6,0.6,0.0,0.0
2025-11-15T01:56+09:00,2025-11-15T01:56+09:00,0.0,0.6,0.6,0.0,0.0
2025-11-15T02:32+09:00,2025-11-15T02:32+09:00,0.0,0.7,0.7,0.0,0.0
2025-11-15T02:50+09:00,2025-11-15T02:50+09:00,0.0,0.8,0.8,0.0,0.0
2025-11-15T03:44+09:00,2025-11-15T03:44+09:00,0.0,0.9,0.9,0.0,0.0
2025-11-15T03:58+09:00,2025-11-15T03:58+09:00,0.0,0.9,0.9,0.0,0.0
2025-11-15T04:26+09:00,2025-11-15T04:26+09:00,0.0,1.0,1.0,0.0,0.0
2025-11-15T04:50+09:00,2025-11-15T04:51+09:00,0.0,1.0,1.0,0.0,0.0
2025-11-15T05:33+09:00,2025-11-15T05:34+09:00,0.0,1.1,1.1,0.0,0.0
2025-11-15T05:51+09:00,2025-11-15T05:51+09:00,0.0,1.2,1.2,0.0,0.0
2025-11-15T06:30+09:00,2025-11-15T06:30+09:00,0.0,1.3,1.3,0.0,0.0
2025-11-15T06:50+09:00,2025-11-15T06:50+09:00,0.0,1.4,1.4,0.0,0.0
2025-11-15T07:30+09:00,2025-11-15T07:33+09:00,0.0,1.4,1.4,0.0,0.0
2025-11-15T07:50+09:00,2025-11-15T07:51+09:00,0.0,1.6,1.8,0.3,0.3
2025-11-15T08:29+09:00,2025-11-15T08:30+09:00,0.3,1.7,2.5,0.8,1.1
2025-11-15T08:51+09:00,2025-11-15T08:51+09:00,0.7,1.7,3.1,1.4,2.1
2025-11-15T11:06+09:00,2025-11-15T11:07+09:00,4.5,1.7,4.9,3.2,7.7
2025-11-15T12:13+09:00,2025-11-15T12:16+09:00,8.8,1.8,6.0,4.2,13.0
2025-11-15T12:56+09:00,2025-11-15T12:57+09:00,9.1,2.1,7.0,4.9,14.0
2025-11-15T13:34+09:00,2025-11-15T13:34+09:00,10.9,2.1,7.2,5.0,15.9
2025-11-15T13:51+09:00,2025-11-15T13:51+09:00,12.1,2.1,7.6,5.5,17.6
2025-11-15T14:28+09:00,2025-11-15T14:32+09:00,12.8,2.1,8.2,6.0,18.8
2025-11-15T14:50+09:00,2025-11-15T14:50+09:00,13.1,2.1,8.6,6.5,19.6
2025-11-15T15:41+09:00,2025-11-15T15:42+09:00,13.8,2.1,9.2,7.0,20.8
2025-11-15T15:53+09:00,2025-11-15T15:53+09:00,13.8,2.1,9.2,7.0,20.8
2025-11-15T16:27+09:00,2025-11-15T16:27+09:00,13.9,2.1,9.3,7.2,21.1
2025-11-15T16:51+09:00,2025-11-15T16:51+09:00,13.9,2.2,9.4,7.2,21.1
2025-11-15T17:35+09:00,2025-11-15T17:35+09:00,13.9,2.4,9.7,7.3,21.2
2025-11-15T17:52+09:00,2025-11-15T17:52+09:00,13.9,2.7,10.0,7.3,21.2
2025-11-15T18:29+09:00,2025-11-15T18:29+09:00,13.9,3.0,10.3,7.3,21.2
2025-11-15T18:50+09:00,2025-11-15T18:51+09:00,13.9,3.2,10.5,7.3,21.2
2025-11-15T19:33+09:00,2025-11-15T19:33+09:00,13.9,3.6,10.9,7.3,21.2
2025-11-15T19:50+09:00,2025-11-15T19:51+09:00,13.9,4.1,11.4,7.3,21.2
2025-11-15T20:26+09:00,2025-11-15T20:26+09:00,13.9,4.5,11.8,7.3,21.2
2025-11-15T20:50+09:00,2025-11-15T20:51+09:00,13.9,4.8,12.1,7.3,21.2
2025-11-15T21:54+09:00,2025-11-15T21:54+09:00,13.9,5.6,12.9,7.3,21.2
2025-11-15T22:33+09:00,2025-11-15T22:33+09:00,13.9,5.9,13.2,7.3,21.2
2025-11-15T22:50+09:00,2025-11-15T22:50+09:00,13.9,6.1,13.4,7.3,21.2
2025-11-15T23:30+09:00,2025-11-15T23:31+09:00,13.9,6.2,13.5,7.3,21.2
2025-11-15T23:50+09:00,2025-11-15T23:51+09:00,13.9,6.5,13.8,7.3,21.2
2025-11-16T00:29+09:00,2025-11-16T00:29+09:00,13.9,6.5,13.8,7.3,21.2
2025-11-16T00:50+09:00,2025-11-16T00:50+09:00,0.0,0.6,0.6,0.0,0.0
2025-11-16T01:34+09:00,2025-11-16T01:34+09:00,0.0,0.8,0.8,0.0,0.0
2025-11-16T01:50+09:00,2025-11-16T01:50+09:00,0.0,1.0,1.0,0.0,0.0
2025-11-16T02:28+09:00,2025-11-16T02:28+09:00,0.0,1.2,1.2,0.0,0.0
2025-11-16T02:50+09:00,2025-11-16T02:50+09:00,0.0,1.3,1.3,0.0,0.0
2025-11-16T03:38+09:00,2025-11-16T03:38+09:00,0.0,1.5,1.5,0.0,0.0
2025-11-16T03:52+09:00,2025-11-16T03:52+09:00,0.0,1.7,1.7,0.0,0.0
2025-11-16T04:24+09:00,2025-11-16T04:24+09:00,0.0,1.9,1.9,0.0,0.0
2025-11-16T04:50+09:00,2025-11-16T04:50+09:00,0.0,2.0,2.0,0.0,0.0
2025-11-16T05:30+09:00,2025-11-16T05:30+09:00,0.0,2.1,2.1,0.0,0.0
2025-11-16T05:50+09:00,2025-11-16T05:51+09:00,0.0,2.4,2.4,0.0,0.0
2025-11-16T06:27+09:00,2025-11-16T06:27+09:00,0.0,2.7,2.7,0.0,0.0
2025-11-16T06:50+09:00,2025-11-16T06:50+09:00,0.0,2.8,2.8,0.0,0.0
2025-11-16T07:30+09:00,2025-11-16T07:30+09:00,,,,,
2025-11-16T07:51+09:00,2025-11-16T07:51+09:00,,,,,
2025-11-16T08:28+09:00,2025-11-16T08:28+09:00,0.9,2.9,3.0,0.1,1.0
2025-11-16T08:50+09:00,2025-11-16T08:50+09:00,1.4,2.9,3.5,0.6,2.0
2025-11-16T11:22+09:00,2025-11-16T11:22+09:00,6.6,2.9,5.7,2.8,9.4
2025-11-16T12:41+09:00,2025-11-16T12:41+09:00,11.1,2.9,7.0,4.1,15.2
2025-11-16T13:04+09:00,2025-11-16T13:04+09:00,11.1,2.9,7.0,4.1,15.2
2025-11-16T13:39+09:00,2025-11-16T13:39+09:00,12.4,2.9,7.7,4.7,17.1
2025-11-16T13:52+09:00,2025-11-16T13:52+09:00,13.7,2.9,7.9,5.0,18.7
2025-11-16T14:32+09:00,2025-11-16T14:32+09:00,14.6,2.9,8.1,5.2,19.8
2025-11-16T14:50+09:00,2025-11-16T14:50+09:00,15.3,2.9,8.3,5.4,20.7
2025-11-16T15:43+09:00,2025-11-16T15:43+09:00,16.2,2.9,8.6,5.6,21.8
2025-11-16T15:56+09:00,2025-11-16T15:56+09:00,,,,,
2025-11-16T16:28+09:00,2025-11-16T16:28+09:00,16.4,2.9,8.6,5.6,22.0
2025-11-16T16:46+09:00,2025-11-16T16:50+09:00,16.4,3.0,8.8,5.7,22.1
2025-11-16T17:36+09:00,2025-11-16T17:36+09:00,16.4,3.7,9.4,5.7,22.1
2025-11-16T17:52+09:00,2025-11-16T17:53+09:00,16.4,4.3,10.1,5.7,22.1
2025-11-16T18:30+09:00,2025-11-16T18:30+09:00,16.4,5.0,10.8,5.7,22.1
2025-11-16T18:50+09:00,2025-11-16T18:50+09:00,16.4,6.0,11.7,5.7,22.1
2025-11-16T19:33+09:00,2025-11-16T19:33+09:00,16.4,6.8,12.5,5.7,22.1
2025-11-16T19:50+09:00,2025-11-16T19:50+09:00,16.4,7.2,13.0,5.7,22.1
2025-11-16T20:25+09:00,2025-11-16T20:25+09:00,16.4,7.6,13.3,5.7,22.1
2025-11-16T20:50+09:00,2025-11-16T20:50+09:00,16.4,7.8,13.6,5.7,22.1
2025-11-16T21:53+09:00,2025-11-16T21:54+09:00,16.4,8.9,14.6,5.7,22.1
2025-11-16T22:33+09:00,2025-11-16T22:33+09:00,16.4,10.0,15.7,5.7,22.1
2025-11-16T22:50+09:00,2025-11-16T22:50+09:00,16.4,10.7,16.4,5.7,22.1
2025-11-16T23:30+09:00,2025-11-16T23:31+09:00,16.4,11.3,17.0,5.7,22.1
2025-11-16T23:50+09:00,2025-11-16T23:50+09:00,16.4,11.6,17.3,5.7,22.1
2025-11-17T00:29+09:00,2025-11-17T00:29+09:00,16.4,11.6,17.3,5.7,22.1
2025-11-17T00:50+09:00,2025-11-17T00:50+09:00,0.0,0.4,0.4,0.0,0.0
2025-11-17T01:35+09:00,2025-11-17T01:35+09:00,0.0,0.5,0.5,0.0,0.0
2025-11-17T01:52+09:00,2025-11-17T01:52+09:00,0.0,0.7,0.7,0.0,0.0
2025-11-17T02:29+09:00,2025-11-17T02:29+09:00,0.0,0.8,0.8,0.0,0.0
2025-11-17T02:50+09:00,2025-11-17T02:50+09:00,0.0,0.9,0.9,0.0,0.0
2025-11-17T03:39+09:00,2025-11-17T03:39+09:00,0.0,1.0,1.0,0.0,0.0
2025-11-17T03:53+09:00,2025-11-17T03:53+09:00,0.0,1.1,1.1,0.0,0.0
2025-11-17T04:25+09:00,2025-11-17T04:25+09:00,,,,,
2025-11-17T04:50+09:00,2025-11-17T04:50+09:00,0.0,1.3,1.3,0.0,0.0
2025-11-17T05:32+09:00,2025-11-17T05:32+09:00,0.0,1.6,1.6,0.0,0.0
2025-11-17T05:50+09:00,2025-11-17T05:50+09:00,0.0,1.8,1.8,0.0,0.0
2025-11-17T06:28+09:00,2025-11-17T06:28+09:00,0.0,2.5,2.5,0.0,0.0
2025-11-17T06:48+09:00,2025-11-17T06:50+09:00,0.0,3.5,3.5,0.0,0.0
2025-11-17T07:32+09:00,2025-11-17T07:32+09:00,0.0,4.0,4.1,0.1,0.1
2025-11-17T07:50+09:00,2025-11-17T07:50+09:00,0.0,4.4,4.6,0.3,0.3
2025-11-17T08:28+09:00,2025-11-17T08:28+09:00,0.2,4.4,4.9,0.6,0.8
2025-11-17T08:50+09:00,2025-11-17T08:50+09:00,0.4,4.4,5.2,0.9,1.3
2025-11-17T11:17+09:00,2025-11-17T11:17+09:00,5.6,4.4,6.7,2.3,7.9
2025-11-17T12:41+09:00,2025-11-17T12:41+09:00,10.9,4.4,7.0,2.6,13.5
2025-11-17T13:04+09:00,2025-11-17T13:04+09:00,10.9,4.4,7.0,2.6,13.5
2025-11-17T13:40+09:00,2025-11-17T13:40+09:00,14.0,4.4,7.2,2.8,16.8
2025-11-17T13:54+09:00,2025-11-17T13:54+09:00,14.0,4.4,7.2,2.8,16.8
2025-11-17T14:34+09:00,2025-11-17T14:34+09:00,15.1,4.4,7.4,2.9,18.0
2025-11-17T14:51+09:00,2025-11-17T14:51+09:00,15.9,4.4,7.4,3.0,18.9
2025-11-17T15:47+09:00,2025-11-17T15:47+09:00,,,,,
2025-11-17T16:31+09:00,2025-11-17T16:31+09:00,16.7,4.4,7.6,3.2,19.9
2025-11-17T16:50+09:00,2025-11-17T16:50+09:00,16.7,4.5,7.7,3.2,19.9
2025-11-17T17:44+09:00,2025-11-17T17:44+09:00,16.7,5.4,8.6,3.2,19.9
2025-11-17T18:00+09:00,2025-11-17T18:00+09:00,16.7,5.4,8.6,3.2,19.9
2025-11-17T18:37+09:00,2025-11-17T18:37+09:00,16.7,6.3,9.5,3.2,19.9
2025-11-17T18:52+09:00,2025-11-17T18:52+09:00,16.7,7.0,10.2,3.2,19.9
2025-11-17T19:39+09:00,2025-11-17T19:39+09:00,16.7,7.8,11.0,3.2,19.9
2025-11-17T19:54+09:00,2025-11-17T19:54+09:00,16.7,8.1,11.3,3.2,19.9
2025-11-17T20:29+09:00,2025-11-17T20:29+09:00,16.7,8.6,11.8,3.2,19.9
2025-11-17T20:51+09:00,2025-11-17T20:51+09:00,16.7,9.1,12.3,3.2,19.9
2025-11-17T22:01+09:00,2025-11-17T22:02+09:00,16.7,9.9,13.1,3.2,19.9
2025-11-17T22:44+09:00,2025-11-17T22:44+09:00,16.7,11.7,14.9,3.2,19.9
2025-11-17T22:56+09:00,2025-11-17T22:56+09:00,16.7,11.7,14.9,3.2,19.9
2025-11-17T23:35+09:00,2025-11-17T23:36+09:00,16.7,12.7,15.9,3.2,19.9
2025-11-17T23:53+09:00,2025-11-17T23:54+09:00,16.7,13.1,16.3,3.2,19.9
2025-11-18T00:35+09:00,2025-11-18T00:35+09:00,0.0,0.2,0.2,0.0,0.0
2025-11-18T00:51+09:00,2025-11-18T00:53+09:00,0.0,0.4,0.4,0.0,0.0
2025-11-18T01:43+09:00,2025-11-18T01:44+09:00,0.0,0.6,0.6,0.0,0.0
2025-11-18T01:59+09:00,2025-11-18T01:59+09:00,0.0,0.6,0.6,0.0,0.0
2025-11-18T02:34+09:00,2025-11-18T02:34+09:00,0.0,0.8,0.8,0.0,0.0
2025-11-18T02:50+09:00,2025-11-18T02:50+09:00,0.0,0.9,0.9,0.0,0.0
2025-11-18T03:44+09:00,2025-11-18T03:44+09:00,0.0,1.2,1.2,0.0,0.0
2025-11-18T03:56+09:00,2025-11-18T03:56+09:00,0.0,1.2,1.2,0.0,0.0
2025-11-18T04:37+09:00,2025-11-18T04:37+09:00,0.0,1.3,1.3,0.0,0.0
2025-11-18T04:50+09:00,2025-11-18T04:50+09:00,0.0,1.5,1.5,0.0,0.0
2025-11-18T05:44+09:00,2025-11-18T05:44+09:00,0.0,1.8,1.8,0.0,0.0
2025-11-18T05:51+09:00,2025-11-18T05:51+09:00,0.0,1.8,1.8,0.0,0.0
2025-11-18T06:31+09:00,2025-11-18T06:31+09:00,0.0,2.4,2.4,0.0,0.0
2025-11-18T06:50+09:00,2025-11-18T06:51+09:00,0.0,2.9,2.9,0.0,0.0
2025-11-18T07:33+09:00,2025-11-18T07:34+09:00,0.0,3.2,3.2,0.0,0.0
2025-11-18T07:50+09:00,2025-11-18T07:51+09:00,0.0,3.6,3.7,0.1,0.1
2025-11-18T08:30+09:00,2025-11-18T08:30+09:00,0.0,3.8,4.1,0.3,0.3
2025-11-18T08:51+09:00,2025-11-18T08:51+09:00,0.1,3.9,4.4,0.5,0.6
2025-11-18T11:15+09:00,2025-11-18T11:15+09:00,1.9,3.9,5.8,1.9,3.8
2025-11-18T12:30+09:00,2025-11-18T12:30+09:00,3.5,3.9,5.9,2.0,5.5
2025-11-18T13:00+09:00,2025-11-18T13:00+09:00,4.5,3.9,6.0,2.0,6.5
2025-11-18T13:36+09:00,2025-11-18T13:37+09:00,5.3,3.9,6.0,2.1,7.4
2025-11-18T13:52+09:00,2025-11-18T13:52+09:00,6.2,3.9,6.1,2.2,8.4
2025-11-18T14:34+09:00,2025-11-18T14:34+09:00,7.2,3.9,6.2,2.3,9.5
2025-11-18T14:51+09:00,2025-11-18T14:51+09:00,8.0,3.9,6.3,2.4,10.4
2025-11-18T15:45+09:00,2025-11-18T15:45+09:00,9.1,3.9,6.5,2.5,11.6
2025-11-18T15:58+09:00,2025-11-18T15:59+09:00,9.1,3.9,6.5,2.5,11.6
2025-11-18T16:31+09:00,2025-11-18T16:31+09:00,,,,,
2025-11-18T16:50+09:00,2025-11-18T16:50+09:00,9.1,4.5,7.2,2.7,11.8
2025-11-18T17:42+09:00,2025-11-18T17:42+09:00,9.1,6.0,8.7,2.7,11.8
2025-11-18T17:58+09:00,2025-11-18T17:58+09:00,9.1,6.0,8.7,2.7,11.8
2025-11-18T18:34+09:00,2025-11-18T18:35+09:00,9.1,6.6,9.3,2.7,11.8
2025-11-18T18:52+09:00,2025-11-18T18:52+09:00,9.1,7.5,10.1,2.7,11.8
2025-11-18T19:39+09:00,2025-11-18T19:39+09:00,9.1,8.3,10.9,2.7,11.8
2025-11-18T19:54+09:00,2025-11-18T19:54+09:00,9.1,8.7,11.3,2.7,11.8
2025-11-18T20:29+09:00,2025-11-18T20:30+09:00,9.1,9.1,11.8,2.7,11.8
2025-11-18T20:51+09:00,2025-11-18T20:51+09:00,,,,,
2025-11-18T22:01+09:00,2025-11-18T22:01+09:00,9.1,11.5,14.2,2.7,11.8
2025-11-18T22:44+09:00,2025-11-18T22:44+09:00,9.1,13.9,16.6,2.7,11.8
2025-11-18T22:56+09:00,2025-11-18T22:56+09:00,9.1,13.9,16.6,2.7,11.8
2025-11-18T23:35+09:00,2025-11-18T23:36+09:00,9.1,14.7,17.4,2.7,11.8
2025-11-18T23:54+09:00,2025-11-18T23:54+09:00,9.1,15.4,18.0,2.7,11.8
2025-11-19T00:36+09:00,2025-11-19T00:36+09:00,0.0,0.2,,,
2025-11-19T00:54+09:00,2025-11-19T00:54+09:00,0.0,0.3,,,
2025-11-19T01:44+09:00,2025-11-19T01:44+09:00,0.0,0.5,0.5,0.0,0.0
2025-11-19T02:00+09:00,2025-11-19T02:01+09:00,0.0,0.5,0.5,0.0,0.0
2025-11-19T02:33+09:00,2025-11-19T02:33+09:00,0.0,0.6,0.6,0.0,0.0
2025-11-19T02:51+09:00,2025-11-19T02:51+09:00,0.0,0.7,0.7,0.0,0.0
2025-11-19T03:45+09:00,2025-11-19T03:46+09:00,0.0,0.9,0.9,0.0,0.0
2025-11-19T04:26+09:00,2025-11-19T04:26+09:00,0.0,1.0,1.0,0.0,0.0
2025-11-19T04:50+09:00,2025-11-19T04:51+09:00,0.0,1.1,1.1,0.0,0.0
2025-11-19T06:50+09:00,2025-11-19T06:51+09:00,0.0,2.2,2.2,0.0,0.0
2025-11-19T07:34+09:00,2025-11-19T07:34+09:00,0.0,3.1,3.1,0.0,0.0
2025-11-19T07:51+09:00,2025-11-19T07:51+09:00,0.0,3.7,3.9,0.2,0.2
2025-11-19T08:29+09:00,2025-11-19T08:29+09:00,0.1,3.9,4.3,0.4,0.5
2025-11-19T08:50+09:00,2025-11-19T08:50+09:00,0.2,4.0,4.8,0.7,0.9
2025-11-19T11:14+09:00,2025-11-19T11:15+09:00,2.2,4.2,5.7,1.5,3.7
2025-11-19T12:29+09:00,2025-11-19T12:30+09:00,3.6,4.2,5.8,1.6,5.2
2025-11-19T13:00+09:00,2025-11-19T13:00+09:00,4.3,4.2,5.9,1.8,6.1
2025-11-19T13:37+09:00,2025-11-19T13:37+09:00,5.2,4.2,6.1,1.9,7.1
2025-11-19T13:53+09:00,2025-11-19T13:53+09:00,5.8,4.2,6.0,1.9,7.7
2025-11-19T14:35+09:00,2025-11-19T14:35+09:00,6.3,4.2,6.2,2.0,8.3
2025-11-19T14:51+09:00,2025-11-19T14:51+09:00,7.1,4.2,6.2,2.1,9.2
2025-11-19T15:45+09:00,2025-11-19T15:45+09:00,8.3,4.2,6.4,2.2,10.5
2025-11-19T15:58+09:00,2025-11-19T15:58+09:00,8.3,4.2,6.4,2.2,10.5
2025-11-19T16:30+09:00,2025-11-19T16:30+09:00,8.5,4.2,6.4,2.2,10.7
2025-11-19T16:50+09:00,2025-11-19T16:51+09:00,8.5,4.4,6.7,2.3,10.8
2025-11-19T17:41+09:00,2025-11-19T17:41+09:00,8.5,6.9,9.3,2.3,10.8
2025-11-19T17:57+09:00,2025-11-19T17:58+09:00,8.5,6.9,9.3,2.3,10.8
2025-11-19T18:35+09:00,2025-11-19T18:35+09:00,,,,,
2025-11-19T18:51+09:00,2025-11-19T18:51+09:00,8.5,8.0,10.4,2.3,10.8
2025-11-19T19:38+09:00,2025-11-19T19:38+09:00,8.5,8.6,10.9,2.3,10.8
2025-11-19T19:53+09:00,2025-11-19T19:53+09:00,8.5,8.9,11.3,2.3,10.8
2025-11-19T20:29+09:00,2025-11-19T20:29+09:00,8.5,9.4,11.8,2.3,10.8
2025-11-19T20:50+09:00,2025-11-19T20:50+09:00,8.5,10.0,12.3,2.3,10.8
2025-11-19T22:01+09:00,2025-11-19T22:01+09:00,8.5,11.4,13.7,2.3,10.8
2025-11-19T22:44+09:00,2025-11-19T22:44+09:00,8.5,13.5,15.9,2.3,10.8
2025-11-19T22:57+09:00,2025-11-19T22:57+09:00,8.5,13.5,15.9,2.3,10.8
2025-11-19T23:36+09:00,2025-11-19T23:36+09:00,8.5,14.7,17.1,2.3,10.8
2025-11-19T23:54+09:00,2025-11-19T23:55+09:00,8.5,15.6,17.9,2.3,10.8
2025-11-20T00:28+09:00,2025-11-20T00:33+09:00,8.5,15.6,17.9,2.3,10.8
2025-11-20T00:51+09:00,2025-11-20T00:51+09:00,0.0,1.0,1.0,0.0,0.0
2025-11-20T01:43+09:00,2025-11-20T01:43+09:00,0.0,1.3,1.3,0.0,0.0
2025-11-20T01:59+09:00,2025-11-20T01:59+09:00,0.0,1.3,1.3,0.0,0.0
2025-11-20T02:30+09:00,2025-11-20T02:31+09:00,0.0,1.4,1.4,0.0,0.0
2025-11-20T02:51+09:00,2025-11-20T02:51+09:00,0.0,1.5,1.5,0.0,0.0
2025-11-20T03:44+09:00,2025-11-20T03:44+09:00,0.0,1.6,1.6,0.0,0.0
2025-11-20T03:55+09:00,2025-11-20T03:56+09:00,0.0,1.6,1.6,0.0,0.0
2025-11-20T04:27+09:00,2025-11-20T04:27+09:00,0.0,1.7,1.7,0.0,0.0
2025-11-20T04:51+09:00,2025-11-20T04:51+09:00,0.0,1.8,1.8,0.0,0.0
2025-11-20T05:31+09:00,2025-11-20T05:31+09:00,0.0,1.8,1.8,0.0,0.0
2025-11-20T05:51+09:00,2025-11-20T05:51+09:00,0.0,2.0,2.0,0.0,0.0
2025-11-20T06:27+09:00,2025-11-20T06:27+09:00,0.0,2.6,2.6,0.0,0.0
2025-11-20T06:50+09:00,2025-11-20T06:51+09:00,0.0,3.6,3.6,0.0,0.0
2025-11-20T07:33+09:00,2025-11-20T07:33+09:00,0.0,4.5,4.5,0.0,0.0
2025-11-20T07:51+09:00,2025-11-20T07:51+09:00,0.0,5.1,5.4,0.3,0.3
2025-11-20T08:29+09:00,2025-11-20T08:29+09:00,0.3,5.2,6.0,0.7,1.0
2025-11-20T08:51+09:00,2025-11-20T08:51+09:00,0.9,5.2,6.2,1.0,1.9
2025-11-20T11:13+09:00,2025-11-20T11:14+09:00,6.4,5.2,7.5,2.2,8.6
2025-11-20T12:19+09:00,2025-11-20T12:19+09:00,10.1,5.2,7.7,2.4,12.5
2025-11-20T12:59+09:00,2025-11-20T12:59+09:00,11.9,5.2,7.8,2.6,14.5
2025-11-20T13:36+09:00,2025-11-20T13:36+09:00,13.4,5.2,7.9,2.7,16.1
2025-11-20T13:52+09:00,2025-11-20T13:52+09:00,14.9,5.2,8.0,2.7,17.6
2025-11-20T14:34+09:00,2025-11-20T14:34+09:00,15.8,5.2,8.1,2.8,18.6
2025-11-20T14:49+09:00,2025-11-20T14:51+09:00,16.5,5.2,8.2,3.0,19.5
2025-11-20T15:45+09:00,2025-11-20T15:45+09:00,17.7,5.2,8.3,3.0,20.7
2025-11-20T15:55+09:00,2025-11-20T15:59+09:00,17.7,5.2,8.3,3.0,20.7
2025-11-20T16:29+09:00,2025-11-20T16:31+09:00,17.8,5.2,8.3,3.1,20.9
2025-11-20T16:50+09:00,2025-11-20T16:50+09:00,17.9,5.4,8.5,3.1,21.0
2025-11-20T17:43+09:00,2025-11-20T17:43+09:00,17.9,6.4,9.5,3.1,21.0
2025-11-20T17:58+09:00,2025-11-20T17:58+09:00,17.9,6.4,9.5,3.1,21.0
2025-11-20T18:33+09:00,2025-11-20T18:33+09:00,17.9,6.7,9.8,3.1,21.0
2025-11-20T18:51+09:00,2025-11-20T18:51+09:00,17.9,7.0,10.2,3.1,21.0
2025-11-20T19:37+09:00,2025-11-20T19:37+09:00,17.9,7.3,10.5,3.1,21.0
2025-11-20T19:53+09:00,2025-11-20T19:53+09:00,17.9,8.1,11.3,3.1,21.0
2025-11-20T20:28+09:00,2025-11-20T20:28+09:00,17.9,9.0,12.2,3.1,21.0
2025-11-20T20:50+09:00,2025-11-20T20:51+09:00,17.9,9.5,12.7,3.1,21.0
2025-11-20T22:00+09:00,2025-11-20T22:00+09:00,17.9,11.3,14.4,3.1,21.0
2025-11-20T22:41+09:00,2025-11-20T22:42+09:00,17.9,13.5,16.6,3.1,21.0
2025-11-20T22:52+09:00,2025-11-20T22:52+09:00,17.9,13.5,16.6,3.1,21.0
2025-11-20T23:35+09:00,2025-11-20T23:35+09:00,17.9,14.1,17.2,3.1,21.0
2025-11-20T23:50+09:00,2025-11-20T23:50+09:00,17.9,14.5,17.6,3.1,21.0
2025-11-21T00:35+09:00,2025-11-21T00:35+09:00,0.0,0.5,0.5,0.0,0.0
2025-11-21T00:52+09:00,2025-11-21T00:52+09:00,0.0,0.7,0.7,0.0,0.0
2025-11-21T01:43+09:00,2025-11-21T01:43+09:00,0.0,0.9,0.9,0.0,0.0
2025-11-21T01:59+09:00,2025-11-21T01:59+09:00,0.0,0.9,0.9,0.0,0.0
2025-11-21T02:30+09:00,2025-11-21T02:30+09:00,0.0,1.0,1.0,0.0,0.0
2025-11-21T02:50+09:00,2025-11-21T02:50+09:00,0.0,1.1,1.1,0.0,0.0
2025-11-21T03:45+09:00,2025-11-21T03:45+09:00,0.0,1.2,1.2,0.0,0.0
2025-11-21T03:59+09:00,2025-11-21T03:59+09:00,0.0,1.2,1.2,0.0,0.0
2025-11-21T04:27+09:00,2025-11-21T04:27+09:00,0.0,1.3,1.3,0.0,0.0
2025-11-21T04:51+09:00,2025-11-21T04:51+09:00,0.0,1.4,1.4,0.0,0.0
2025-11-21T05:35+09:00,2025-11-21T05:35+09:00,0.0,1.5,1.5,0.0,0.0
2025-11-21T05:51+09:00,2025-11-21T05:51+09:00,0.0,1.6,1.6,0.0,0.0
2025-11-21T06:29+09:00,2025-11-21T06:29+09:00,0.0,2.3,2.3,0.0,0.0
2025-11-21T06:50+09:00,2025-11-21T06:50+09:00,0.0,3.3,3.3,0.0,0.0
2025-11-21T07:28+09:00,2025-11-21T07:31+09:00,0.0,3.7,3.8,0.1,0.1
2025-11-21T07:50+09:00,2025-11-21T07:51+09:00,0.0,4.1,4.4,0.3,0.3
2025-11-21T08:29+09:00,2025-11-21T08:29+09:00,0.2,4.1,4.9,0.7,0.9
2025-11-21T08:51+09:00,2025-11-21T08:51+09:00,0.4,4.2,5.4,1.3,1.7
2025-11-21T11:14+09:00,2025-11-21T11:14+09:00,4.9,4.2,8.1,3.9,8.8
2025-11-21T12:19+09:00,2025-11-21T12:20+09:00,8.1,4.2,8.7,4.5,12.6
2025-11-21T12:59+09:00,2025-11-21T12:59+09:00,,,,,
2025-11-21T13:37+09:00,2025-11-21T13:37+09:00,11.6,4.2,9.3,5.1,16.7
2025-11-21T13:53+09:00,2025-11-21T13:53+09:00,12.4,4.2,9.6,5.4,17.8
2025-11-21T14:34+09:00,2025-11-21T14:34+09:00,13.4,4.2,10.0,5.8,19.2
2025-11-21T14:51+09:00,2025-11-21T14:51+09:00,13.7,4.2,10.2,6.0,19.7
2025-11-21T15:46+09:00,2025-11-21T15:47+09:00,14.6,4.3,10.8,6.5,21.1
2025-11-21T16:31+09:00,2025-11-21T16:31+09:00,14.6,4.4,11.2,6.7,21.3
2025-11-21T16:50+09:00,2025-11-21T16:51+09:00,14.6,4.6,11.4,6.7,21.3
2025-11-21T17:43+09:00,2025-11-21T17:43+09:00,14.6,5.7,12.4,6.7,21.3
2025-11-21T17:57+09:00,2025-11-21T17:57+09:00,14.6,5.7,12.4,6.7,21.3
2025-11-21T18:33+09:00,2025-11-21T18:33+09:00,14.6,6.2,12.9,6.7,21.3
2025-11-21T18:50+09:00,2025-11-21T18:51+09:00,14.6,6.6,13.3,6.7,21.3
2025-11-21T19:36+09:00,2025-11-21T19:36+09:00,14.6,6.9,13.6,6.7,21.3
2025-11-21T19:52+09:00,2025-11-21T19:52+09:00,14.6,7.6,14.3,6.7,21.3
2025-11-21T20:28+09:00,2025-11-21T20:28+09:00,14.6,8.2,15.0,6.7,21.3
2025-11-21T20:51+09:00,2025-11-21T20:51+09:00,14.6,9.0,15.7,6.7,21.3
2025-11-21T21:59+09:00,2025-11-21T21:59+09:00,14.6,10.4,17.1,6.7,21.3
2025-11-21T22:39+09:00,2025-11-21T22:39+09:00,14.6,11.2,17.9,6.7,21.3
2025-11-21T22:52+09:00,2025-11-21T22:52+09:00,14.6,12.1,18.8,6.7,21.3
2025-11-21T23:34+09:00,2025-11-21T23:34+09:00,14.6,12.9,19.6,6.7,21.3
2025-11-21T23:51+09:00,2025-11-21T23:51+09:00,14.6,13.5,20.2,6.7,21.3
2025-11-22T00:29+09:00,2025-11-22T00:29+09:00,14.6,13.5,20.2,6.7,21.3
2025-11-22T00:50+09:00,2025-11-22T00:50+09:00,0.0,0.5,0.5,0.0,0.0
2025-11-22T01:36+09:00,2025-11-22T01:36+09:00,0.0,0.7,0.7,0.0,0.0
2025-11-22T01:54+09:00,2025-11-22T01:54+09:00,0.0,0.9,0.9,0.0,0.0
2025-11-22T02:31+09:00,2025-11-22T02:31+09:00,0.0,1.0,1.0,0.0,0.0
2025-11-22T02:50+09:00,2025-11-22T02:51+09:00,0.0,1.2,1.2,0.0,0.0
2025-11-22T03:39+09:00,2025-11-22T03:39+09:00,0.0,1.4,1.4,0.0,0.0
2025-11-22T03:54+09:00,2025-11-22T03:54+09:00,0.0,1.5,1.5,0.0,0.0
2025-11-22T04:26+09:00,2025-11-22T04:26+09:00,0.0,1.5,1.5,0.0,0.0
2025-11-22T04:50+09:00,2025-11-22T04:50+09:00,0.0,1.6,1.6,0.0,0.0
2025-11-22T05:34+09:00,2025-11-22T05:34+09:00,0.0,1.7,1.7,0.0,0.0
2025-11-22T05:51+09:00,2025-11-22T05:51+09:00,,,,,
2025-11-22T06:29+09:00,2025-11-22T06:29+09:00,0.0,1.8,1.8,0.0,0.0
2025-11-22T06:51+09:00,2025-11-22T06:51+09:00,0.0,2.0,2.0,0.0,0.0
2025-11-22T07:33+09:00,2025-11-22T07:33+09:00,0.0,2.2,2.3,0.1,0.1
2025-11-22T07:50+09:00,2025-11-22T07:50+09:00,0.1,2.2,2.3,0.1,0.2
2025-11-22T08:29+09:00,2025-11-22T08:29+09:00,0.6,2.2,2.5,0.3,0.9
2025-11-22T08:50+09:00,2025-11-22T08:50+09:00,1.4,2.2,2.6,0.4,1.8
2025-11-22T11:04+09:00,2025-11-22T11:04+09:00,5.1,2.2,4.1,1.9,7.0
2025-11-22T12:14+09:00,2025-11-22T12:14+09:00,7.5,2.2,4.8,2.6,10.1
2025-11-22T12:46+09:00,2025-11-22T12:46+09:00,8.2,2.2,5.0,2.8,11.0
2025-11-22T13:35+09:00,2025-11-22T13:35+09:00,8.6,2.2,5.4,3.2,11.8
2025-11-22T13:51+09:00,2025-11-22T13:51+09:00,9.5,2.2,5.6,3.4,12.9
2025-11-22T14:32+09:00,2025-11-22T14:32+09:00,10.0,2.2,5.9,3.7,13.7
2025-11-22T14:51+09:00,2025-11-22T14:51+09:00,10.2,2.2,6.4,4.2,14.4
2025-11-22T15:41+09:00,2025-11-22T15:41+09:00,10.3,2.6,7.3,4.7,15.0
2025-11-22T15:54+09:00,2025-11-22T15:54+09:00,10.3,2.6,7.3,4.7,15.0
2025-11-22T16:28+09:00,2025-11-22T16:28+09:00,10.3,3.0,8.0,5.0,15.3
2025-11-22T16:50+09:00,2025-11-22T16:50+09:00,10.3,3.5,8.6,5.1,15.4
2025-11-22T17:36+09:00,2025-11-22T17:36+09:00,10.3,4.2,9.3,5.1,15.4
2025-11-22T17:53+09:00,2025-11-22T17:53+09:00,10.3,5.2,10.3,5.1,15.4
2025-11-22T18:30+09:00,2025-11-22T18:30+09:00,10.3,6.3,11.4,5.1,15.4
2025-11-22T18:50+09:00,2025-11-22T18:51+09:00,10.3,7.3,12.4,5.1,15.4
2025-11-22T19:33+09:00,2025-11-22T19:33+09:00,10.3,8.1,13.1,5.1,15.4
2025-11-22T19:50+09:00,2025-11-22T19:50+09:00,10.3,8.8,13.9,5.1,15.4
2025-11-22T20:25+09:00,2025-11-22T20:25+09:00,10.3,9.5,14.6,5.1,15.4
2025-11-22T20:51+09:00,2025-11-22T20:51+09:00,10.3,10.3,15.4,5.1,15.4
2025-11-22T21:53+09:00,2025-11-22T21:53+09:00,10.3,12.1,17.2,5.1,15.4
2025-11-22T22:32+09:00,2025-11-22T22:32+09:00,10.3,13.1,18.2,5.1,15.4
2025-11-22T22:50+09:00,2025-11-22T22:50+09:00,10.3,13.8,18.9,5.1,15.4
2025-11-22T23:30+09:00,2025-11-22T23:30+09:00,10.3,14.4,19.4,5.1,15.4
2025-11-22T23:50+09:00,2025-11-22T23:51+09:00,10.3,14.9,20.0,5.1,15.4
2025-11-23T00:29+09:00,2025-11-23T00:29+09:00,10.3,14.9,20.0,5.1,15.4
2025-11-23T00:50+09:00,2025-11-23T00:50+09:00,0.0,1.1,1.1,0.0,0.0
2025-11-23T01:36+09:00,2025-11-23T01:36+09:00,0.0,1.4,1.4,0.0,0.0
2025-11-23T01:52+09:00,2025-11-23T01:52+09:00,0.0,1.6,1.6,0.0,0.0
2025-11-23T02:29+09:00,2025-11-23T02:29+09:00,0.0,1.9,1.9,0.0,0.0
2025-11-23T02:50+09:00,2025-11-23T02:50+09:00,0.0,2.1,2.1,0.0,0.0
2025-11-23T03:40+09:00,2025-11-23T03:40+09:00,0.0,2.2,2.2,0.0,0.0
2025-11-23T03:53+09:00,2025-11-23T03:53+09:00,0.0,2.4,2.4,0.0,0.0
2025-11-23T04:25+09:00,2025-11-23T04:25+09:00,0.0,2.6,2.6,0.0,0.0
2025-11-23T04:50+09:00,2025-11-23T04:50+09:00,0.0,2.7,2.7,0.0,0.0
2025-11-23T05:32+09:00,2025-11-23T05:32+09:00,0.0,2.9,2.9,0.0,0.0
2025-11-23T05:50+09:00,2025-11-23T05:50+09:00,0.0,3.1,3.1,0.0,0.0
2025-11-23T06:28+09:00,2025-11-23T06:28+09:00,0.0,3.2,3.2,0.0,0.0
2025-11-23T06:50+09:00,2025-11-23T06:50+09:00,0.0,3.2,3.2,0.0,0.0
2025-11-23T07:31+09:00,2025-11-23T07:32+09:00,0.0,3.3,3.3,0.0,0.0
2025-11-23T07:50+09:00,2025-11-23T07:50+09:00,0.1,3.3,3.4,0.1,0.2
2025-11-23T08:29+09:00,2025-11-23T08:29+09:00,0.9,3.3,3.4,0.1,1.0
2025-11-23T08:46+09:00,2025-11-23T08:50+09:00,1.7,3.3,3.6,0.3,2.0
2025-11-23T11:28+09:00,2025-11-23T11:31+09:00,6.6,3.4,5.8,2.4,9.0
2025-11-23T12:48+09:00,2025-11-23T12:49+09:00,10.0,3.4,7.7,4.3,14.3
2025-11-23T13:45+09:00,2025-11-23T13:46+09:00,12.1,3.4,8.9,5.5,17.6
2025-11-23T14:33+09:00,2025-11-23T14:33+09:00,12.8,3.4,9.3,5.9,18.7
2025-11-23T14:50+09:00,2025-11-23T14:50+09:00,13.6,3.4,9.5,6.0,19.6
2025-11-23T15:44+09:00,2025-11-23T15:44+09:00,14.4,3.4,9.8,6.4,20.8
2025-11-23T15:56+09:00,2025-11-23T15:56+09:00,14.4,3.4,9.8,6.4,20.8
2025-11-23T16:29+09:00,2025-11-23T16:29+09:00,14.5,3.5,9.9,6.5,21.0
2025-11-23T16:50+09:00,2025-11-23T16:51+09:00,14.5,3.9,10.5,6.6,21.1
2025-11-23T17:36+09:00,2025-11-23T17:36+09:00,14.5,4.8,11.3,6.6,21.1
2025-11-23T17:53+09:00,2025-11-23T17:53+09:00,14.5,5.7,12.3,6.6,21.1
2025-11-23T18:30+09:00,2025-11-23T18:30+09:00,14.5,6.4,13.0,6.6,21.1
2025-11-23T18:50+09:00,2025-11-23T18:50+09:00,14.5,6.9,13.5,6.6,21.1
2025-11-23T19:33+09:00,2025-11-23T19:34+09:00,14.5,7.2,13.8,6.6,21.1
2025-11-23T19:50+09:00,2025-11-23T19:50+09:00,14.5,7.5,14.1,6.6,21.1
2025-11-23T20:26+09:00,2025-11-23T20:26+09:00,14.5,8.1,14.7,6.6,21.1
2025-11-23T20:51+09:00,2025-11-23T20:51+09:00,14.5,8.7,15.3,6.6,21.1
2025-11-23T21:52+09:00,2025-11-23T21:53+09:00,14.5,10.0,16.6,6.6,21.1
2025-11-23T22:32+09:00,2025-11-23T22:32+09:00,14.5,10.6,17.1,6.6,21.1
2025-11-23T22:50+09:00,2025-11-23T22:50+09:00,14.5,11.1,17.7,6.6,21.1
2025-11-23T23:31+09:00,2025-11-23T23:31+09:00,14.5,11.6,18.1,6.6,21.1
2025-11-23T23:50+09:00,2025-11-23T23:51+09:00,14.5,11.9,18.5,6.6,21.1
2025-11-24T00:29+09:00,2025-11-24T00:29+09:00,14.5,11.9,18.5,6.6,21.1
2025-11-24T00:51+09:00,2025-11-24T00:51+09:00,0.0,0.3,0.3,0.0,0.0
2025-11-24T01:35+09:00,2025-11-24T01:36+09:00,0.0,0.4,0.4,0.0,0.0
2025-11-24T01:52+09:00,2025-11-24T01:52+09:00,0.0,0.5,0.5,0.0,0.0
2025-11-24T02:29+09:00,2025-11-24T02:29+09:00,0.0,0.6,0.6,0.0,0.0
2025-11-24T02:51+09:00,2025-11-24T02:51+09:00,0.0,0.7,0.7,0.0,0.0
2025-11-24T03:40+09:00,2025-11-24T03:40+09:00,0.0,0.9,0.9,0.0,0.0
2025-11-24T03:54+09:00,2025-11-24T03:54+09:00,0.0,0.9,0.9,0.0,0.0
2025-11-24T04:26+09:00,2025-11-24T04:26+09:00,0.0,0.9,0.9,0.0,0.0
2025-11-24T04:50+09:00,2025-11-24T04:50+09:00,0.0,1.0,1.0,0.0,0.0
2025-11-24T05:33+09:00,2025-11-24T05:33+09:00,0.0,1.1,1.1,0.0,0.0
2025-11-24T05:51+09:00,2025-11-24T05:51+09:00,0.0,1.3,1.3,0.0,0.0
2025-11-24T06:28+09:00,2025-11-24T06:29+09:00,0.0,1.5,1.5,0.0,0.0
2025-11-24T06:50+09:00,2025-11-24T06:51+09:00,0.0,1.8,1.8,0.0,0.0
2025-11-24T07:33+09:00,2025-11-24T07:33+09:00,0.0,2.0,2.0,0.0,0.0
2025-11-24T07:50+09:00,2025-11-24T07:51+09:00,0.0,2.1,2.2,0.2,0.2
2025-11-24T08:29+09:00,2025-11-24T08:29+09:00,0.6,2.1,2.4,0.3,0.9
2025-11-24T08:50+09:00,2025-11-24T08:51+09:00,1.4,2.1,2.5,0.4,1.8
2025-11-24T11:24+09:00,2025-11-24T11:24+09:00,4.6,2.1,5.1,3.0,7.6
2025-11-24T12:48+09:00,2025-11-24T12:48+09:00,8.2,2.1,6.6,4.5,12.7
2025-11-24T13:47+09:00,2025-11-24T13:47+09:00,10.2,2.1,7.5,5.4,15.6
2025-11-24T14:36+09:00,2025-11-24T14:36+09:00,10.9,2.1,7.9,5.8,16.7
2025-11-24T14:48+09:00,2025-11-24T14:52+09:00,11.1,2.2,8.4,6.2,17.3
2025-11-24T15:47+09:00,2025-11-24T15:47+09:00,11.1,2.7,9.5,6.8,17.9
2025-11-24T16:31+09:00,2025-11-24T16:31+09:00,11.1,2.9,9.9,7.0,18.1
2025-11-24T16:50+09:00,2025-11-24T16:50+09:00,11.1,3.3,10.3,7.0,18.1
2025-11-24T17:44+09:00,2025-11-24T17:44+09:00,11.1,4.4,11.4,7.1,18.2
2025-11-24T18:00+09:00,2025-11-24T18:00+09:00,,,,,
2025-11-24T18:38+09:00,2025-11-24T18:39+09:00,11.1,5.0,12.1,7.1,18.2
2025-11-24T18:53+09:00,2025-11-24T18:53+09:00,11.1,5.6,12.7,7.1,18.2
2025-11-24T19:40+09:00,2025-11-24T19:40+09:00,11.1,6.0,13.1,7.1,18.2
2025-11-24T19:54+09:00,2025-11-24T19:55+09:00,11.1,6.4,13.5,7.1,18.2
2025-11-24T20:29+09:00,2025-11-24T20:29+09:00,11.1,6.9,14.0,7.1,18.2
2025-11-24T20:50+09:00,2025-11-24T20:50+09:00,11.1,7.4,14.5,7.1,18.2
2025-11-24T22:03+09:00,2025-11-24T22:03+09:00,11.1,8.9,16.0,7.1,18.2
2025-11-24T22:45+09:00,2025-11-24T22:45+09:00,11.1,10.6,17.7,7.1,18.2
2025-11-24T22:58+09:00,2025-11-24T22:59+09:00,11.1,10.6,17.7,7.1,18.2
2025-11-24T23:36+09:00,2025-11-24T23:36+09:00,11.1,11.3,18.4,7.1,18.2
2025-11-24T23:54+09:00,2025-11-24T23:54+09:00,11.1,12.2,19.3,7.1,18.2
2025-11-25T00:35+09:00,2025-11-25T00:36+09:00,0.0,0.2,0.2,0.0,0.0
2025-11-25T00:53+09:00,2025-11-25T00:54+09:00,0.0,0.3,0.3,0.0,0.0
2025-11-25T01:36+09:00,2025-11-25T01:36+09:00,0.0,0.4,0.4,0.0,0.0
2025-11-25T01:54+09:00,2025-11-25T01:55+09:00,0.0,0.4,0.4,0.0,0.0
2025-11-25T02:34+09:00,2025-11-25T02:34+09:00,0.0,0.5,0.5,0.0,0.0
2025-11-25T02:51+09:00,2025-11-25T02:51+09:00,0.0,0.6,0.6,0.0,0.0
2025-11-25T03:46+09:00,2025-11-25T03:46+09:00,0.0,0.7,0.7,0.0,0.0
2025-11-25T04:26+09:00,2025-11-25T04:26+09:00,0.0,0.8,0.8,0.0,0.0
2025-11-25T04:51+09:00,2025-11-25T04:51+09:00,0.0,0.9,0.9,0.0,0.0
2025-11-25T05:51+09:00,2025-11-25T05:51+09:00,0.0,1.2,1.2,0.0,0.0
2025-11-25T06:31+09:00,2025-11-25T06:31+09:00,0.0,1.3,1.3,0.0,0.0
2025-11-25T06:50+09:00,2025-11-25T06:51+09:00,0.0,1.5,1.5,0.0,0.0
2025-11-25T07:33+09:00,2025-11-25T07:33+09:00,0.0,2.2,2.2,0.0,0.0
2025-11-25T07:50+09:00,2025-11-25T07:51+09:00,0.0,2.9,2.9,0.0,0.0
2025-11-25T08:30+09:00,2025-11-25T08:30+09:00,0.0,3.3,3.4,0.1,0.1
2025-11-25T08:50+09:00,2025-11-25T08:51+09:00,0.0,3.7,3.8,0.1,0.1
2025-11-25T11:17+09:00,2025-11-25T11:17+09:00,,5.4,6.4,1.0,1.1
2025-11-25T12:39+09:00,2025-11-25T12:40+09:00,0.2,5.6,6.8,1.2,1.4
2025-11-25T13:03+09:00,2025-11-25T13:03+09:00,0.2,5.7,7.1,1.3,1.5
2025-11-25T13:41+09:00,2025-11-25T13:41+09:00,0.4,5.7,7.5,1.8,2.2
2025-11-25T13:54+09:00,2025-11-25T13:54+09:00,0.4,5.7,7.5,1.8,2.2
2025-11-25T14:35+09:00,2025-11-25T14:35+09:00,0.5,6.0,7.9,1.9,2.4
2025-11-25T14:52+09:00,2025-11-25T14:52+09:00,0.5,6.0,8.3,2.3,2.8
2025-11-25T15:48+09:00,2025-11-25T15:48+09:00,0.6,6.5,9.2,2.8,3.4
2025-11-25T16:31+09:00,2025-11-25T16:31+09:00,0.6,6.7,9.8,3.1,3.7
2025-11-25T16:50+09:00,2025-11-25T16:51+09:00,0.6,6.9,9.9,3.1,3.7
2025-11-25T17:43+09:00,2025-11-25T17:43+09:00,0.6,8.0,11.1,3.1,3.7
2025-11-25T18:00+09:00,2025-11-25T18:00+09:00,0.6,8.0,11.1,3.1,3.7
2025-11-25T18:36+09:00,2025-11-25T18:36+09:00,0.6,8.7,11.8,3.1,3.7
2025-11-25T18:53+09:00,2025-11-25T18:53+09:00,0.6,9.0,12.1,3.1,3.7
2025-11-25T19:41+09:00,2025-11-25T19:41+09:00,0.6,9.6,12.7,3.1,3.7
2025-11-25T19:55+09:00,2025-11-25T19:55+09:00,0.6,9.6,12.7,3.1,3.7
2025-11-25T20:29+09:00,2025-11-25T20:29+09:00,0.6,10.2,13.3,3.1,3.7
2025-11-25T20:50+09:00,2025-11-25T20:51+09:00,0.6,10.8,13.9,3.1,3.7
2025-11-25T22:02+09:00,2025-11-25T22:02+09:00,0.6,12.3,15.4,3.1,3.7
2025-11-25T22:46+09:00,2025-11-25T22:46+09:00,0.6,14.3,17.4,3.1,3.7
2025-11-25T23:37+09:00,2025-11-25T23:37+09:00,0.6,15.4,18.5,3.1,3.7
2025-11-25T23:52+09:00,2025-11-25T23:53+09:00,0.6,16.0,19.1,3.1,3.7
2025-11-26T00:35+09:00,2025-11-26T00:35+09:00,0.0,0.3,,,
2025-11-26T00:54+09:00,2025-11-26T00:54+09:00,0.0,0.4,,,
2025-11-26T01:45+09:00,2025-11-26T01:45+09:00,0.0,0.7,0.7,0.0,0.0
2025-11-26T02:01+09:00,2025-11-26T02:01+09:00,0.0,0.7,0.7,0.0,0.0
2025-11-26T02:34+09:00,2025-11-26T02:34+09:00,0.0,0.8,0.8,0.0,0.0
2025-11-26T02:51+09:00,2025-11-26T02:51+09:00,0.0,0.9,0.9,0.0,0.0
2025-11-26T03:45+09:00,2025-11-26T03:45+09:00,0.0,1.0,1.0,0.0,0.0
2025-11-26T03:57+09:00,2025-11-26T03:58+09:00,0.0,1.0,1.0,0.0,0.0
2025-11-26T04:29+09:00,2025-11-26T04:29+09:00,,,,,
2025-11-26T04:51+09:00,2025-11-26T04:51+09:00,,,,,
2025-11-26T05:35+09:00,2025-11-26T05:35+09:00,0.0,1.2,1.2,0.0,0.0
2025-11-26T05:52+09:00,2025-11-26T05:52+09:00,0.0,1.4,1.4,0.0,0.0
2025-11-26T06:30+09:00,2025-11-26T06:30+09:00,0.0,1.6,1.6,0.0,0.0
2025-11-26T06:50+09:00,2025-11-26T06:51+09:00,0.0,1.7,1.7,0.0,0.0
2025-11-26T07:34+09:00,2025-11-26T07:34+09:00,0.0,2.0,2.1,0.1,0.1
2025-11-26T07:50+09:00,2025-11-26T07:51+09:00,0.0,2.5,2.7,0.2,0.2
2025-11-26T08:30+09:00,2025-11-26T08:30+09:00,0.1,2.6,3.3,0.7,0.8
2025-11-26T08:51+09:00,2025-11-26T08:51+09:00,,,,,
2025-11-26T11:17+09:00,2025-11-26T11:17+09:00,4.1,2.6,5.5,2.9,7.0
2025-11-26T12:40+09:00,2025-11-26T12:40+09:00,5.1,2.7,6.2,3.6,8.7
2025-11-26T13:03+09:00,2025-11-26T13:03+09:00,5.3,2.9,6.7,3.8,9.1
2025-11-26T13:41+09:00,2025-11-26T13:41+09:00,5.7,3.0,7.7,4.6,10.3
2025-11-26T13:55+09:00,2025-11-26T13:55+09:00,5.7,3.0,7.7,4.6,10.3
2025-11-26T14:34+09:00,2025-11-26T14:34+09:00,6.2,3.1,8.0,5.0,11.2
2025-11-26T14:51+09:00,2025-11-26T14:51+09:00,6.6,3.1,8.3,5.2,11.8
2025-11-26T15:47+09:00,2025-11-26T15:48+09:00,7.4,3.1,8.5,5.5,12.9
2025-11-26T16:31+09:00,2025-11-26T16:31+09:00,7.5,3.1,8.6,5.6,13.1
2025-11-26T16:50+09:00,2025-11-26T16:51+09:00,7.5,3.1,8.8,5.7,13.2
2025-11-26T17:43+09:00,2025-11-26T17:43+09:00,7.5,3.6,9.3,5.7,13.2
2025-11-26T17:59+09:00,2025-11-26T17:59+09:00,7.5,3.6,9.3,5.7,13.2
2025-11-26T18:36+09:00,2025-11-26T18:36+09:00,7.5,3.8,9.5,5.7,13.2
2025-11-26T18:53+09:00,2025-11-26T18:53+09:00,7.5,4.9,10.6,5.7,13.2
2025-11-26T19:39+09:00,2025-11-26T19:39+09:00,7.5,5.2,10.9,5.7,13.2
2025-11-26T19:54+09:00,2025-11-26T19:54+09:00,7.5,5.6,11.2,5.7,13.2
2025-11-26T20:29+09:00,2025-11-26T20:29+09:00,7.5,5.9,11.6,5.7,13.2
2025-11-26T20:50+09:00,2025-11-26T20:50+09:00,7.5,6.4,12.1,5.7,13.2
2025-11-26T22:04+09:00,2025-11-26T22:04+09:00,7.5,8.1,13.8,5.7,13.2
2025-11-26T22:47+09:00,2025-11-26T22:47+09:00,7.5,10.7,16.4,5.7,13.2
2025-11-26T23:37+09:00,2025-11-26T23:37+09:00,7.5,11.1,16.8,5.7,13.2
2025-11-26T23:54+09:00,2025-11-26T23:54+09:00,7.5,11.8,17.5,5.7,13.2
2025-11-27T00:33+09:00,2025-11-27T00:33+09:00,0.0,0.8,0.8,0.0,0.0
2025-11-27T00:51+09:00,2025-11-27T00:51+09:00,0.0,1.2,1.2,0.0,0.0
2025-11-27T01:44+09:00,2025-11-27T01:44+09:00,0.0,1.6,1.6,0.0,0.0
2025-11-27T01:59+09:00,2025-11-27T01:59+09:00,0.0,1.6,1.6,0.0,0.0
2025-11-27T02:33+09:00,2025-11-27T02:33+09:00,0.0,1.7,1.7,0.0,0.0
2025-11-27T02:51+09:00,2025-11-27T02:51+09:00,0.0,1.8,1.8,0.0,0.0
2025-11-27T03:40+09:00,2025-11-27T03:40+09:00,0.0,1.9,1.9,0.0,0.0
2025-11-27T03:55+09:00,2025-11-27T03:55+09:00,0.0,1.9,1.9,0.0,0.0
2025-11-27T04:25+09:00,2025-11-27T04:25+09:00,0.0,2.0,2.0,0.0,0.0
2025-11-27T04:50+09:00,2025-11-27T04:50+09:00,0.0,2.0,2.0,0.0,0.0
2025-11-27T05:32+09:00,2025-11-27T05:32+09:00,0.0,2.1,2.1,0.0,0.0
2025-11-27T05:50+09:00,2025-11-27T05:50+09:00,0.0,2.3,2.3,0.0,0.0
2025-11-27T06:29+09:00,2025-11-27T06:29+09:00,0.0,2.5,2.5,0.0,0.0
2025-11-27T06:50+09:00,2025-11-27T06:51+09:00,0.0,2.8,2.8,0.0,0.0
2025-11-27T07:33+09:00,2025-11-27T07:33+09:00,0.0,3.5,3.5,0.0,0.0
2025-11-27T07:50+09:00,2025-11-27T07:50+09:00,0.0,4.0,4.1,0.1,0.1
2025-11-27T08:29+09:00,2025-11-27T08:29+09:00,0.1,4.1,4.7,0.6,0.7
2025-11-27T08:50+09:00,2025-11-27T08:50+09:00,0.4,4.1,5.3,1.1,1.5
2025-11-27T11:15+09:00,2025-11-27T11:15+09:00,,,,,
2025-11-27T12:29+09:00,2025-11-27T12:29+09:00,9.2,4.1,6.8,2.7,11.9
2025-11-27T13:01+09:00,2025-11-27T13:01+09:00,10.7,4.1,6.9,2.7,13.4
2025-11-27T13:38+09:00,2025-11-27T13:38+09:00,12.2,4.1,7.0,2.9,15.1
2025-11-27T13:53+09:00,2025-11-27T13:54+09:00,13.3,4.1,7.1,3.0,16.3
2025-11-27T14:35+09:00,2025-11-27T14:35+09:00,13.5,4.1,7.2,3.1,16.6
2025-11-27T14:52+09:00,2025-11-27T14:52+09:00,13.7,4.1,7.3,3.2,16.9
2025-11-27T15:47+09:00,2025-11-27T15:47+09:00,13.8,4.4,7.9,3.5,17.3
2025-11-27T16:32+09:00,2025-11-27T16:32+09:00,13.8,4.8,8.3,3.5,17.3
2025-11-27T16:50+09:00,2025-11-27T16:50+09:00,13.8,5.2,8.7,3.5,17.3
2025-11-27T17:43+09:00,2025-11-27T17:43+09:00,13.8,5.9,9.4,3.5,17.3
2025-11-27T17:59+09:00,2025-11-27T17:59+09:00,13.8,5.9,9.4,3.5,17.3
2025-11-27T18:35+09:00,2025-11-27T18:35+09:00,13.8,6.1,9.6,3.5,17.3
2025-11-27T18:51+09:00,2025-11-27T18:51+09:00,13.8,6.6,10.1,3.5,17.3
2025-11-27T19:38+09:00,2025-11-27T19:38+09:00,13.8,7.1,10.6,3.5,17.3
2025-11-27T19:53+09:00,2025-11-27T19:53+09:00,13.8,7.6,11.1,3.5,17.3
2025-11-27T20:29+09:00,2025-11-27T20:30+09:00,13.8,8.0,11.5,3.5,17.3
2025-11-27T20:50+09:00,2025-11-27T20:50+09:00,13.8,8.4,11.9,3.5,17.3
2025-11-27T22:02+09:00,2025-11-27T22:02+09:00,13.8,9.6,13.1,3.5,17.3
2025-11-27T22:44+09:00,2025-11-27T22:44+09:00,13.8,10.8,14.3,3.5,17.3
2025-11-27T22:56+09:00,2025-11-27T22:57+09:00,13.8,10.8,14.3,3.5,17.3
2025-11-27T23:35+09:00,2025-11-27T23:35+09:00,13.8,11.7,15.2,3.5,17.3
2025-11-27T23:53+09:00,2025-11-27T23:53+09:00,13.8,12.8,16.2,3.5,17.3
2025-11-28T00:33+09:00,2025-11-28T00:33+09:00,0.0,0.9,0.9,0.0,0.0
2025-11-28T00:51+09:00,2025-11-28T00:51+09:00,0.0,1.3,1.3,0.0,0.0
2025-11-28T01:40+09:00,2025-11-28T01:40+09:00,0.0,1.5,1.5,0.0,0.0
2025-11-28T01:56+09:00,2025-11-28T01:56+09:00,,,,,
2025-11-28T02:31+09:00,2025-11-28T02:31+09:00,0.0,1.5,1.5,0.0,0.0
2025-11-28T02:50+09:00,2025-11-28T02:50+09:00,0.0,1.6,1.6,0.0,0.0
2025-11-28T03:42+09:00,2025-11-28T03:42+09:00,0.0,1.8,1.8,0.0,0.0
2025-11-28T03:55+09:00,2025-11-28T03:55+09:00,0.0,1.8,1.8,0.0,0.0
2025-11-28T04:26+09:00,2025-11-28T04:26+09:00,0.0,1.9,1.9,0.0,0.0
2025-11-28T04:50+09:00,2025-11-28T04:50+09:00,0.0,1.9,1.9,0.0,0.0
2025-11-28T05:31+09:00,2025-11-28T05:31+09:00,0.0,2.0,2.0,0.0,0.0
2025-11-28T05:50+09:00,2025-11-28T05:50+09:00,0.0,2.2,2.2,0.0,0.0
2025-11-28T06:28+09:00,2025-11-28T06:28+09:00,0.0,2.4,2.4,0.0,0.0
2025-11-28T06:50+09:00,2025-11-28T06:51+09:00,0.0,3.0,3.0,0.0,0.0
2025-11-28T07:33+09:00,2025-11-28T07:33+09:00,0.0,3.2,3.2,0.0,0.0
2025-11-28T07:50+09:00,2025-11-28T07:50+09:00,0.0,3.5,3.7,0.2,0.2
2025-11-28T08:29+09:00,2025-11-28T08:29+09:00,0.0,3.7,4.1,0.4,0.4
2025-11-28T08:50+09:00,2025-11-28T08:50+09:00,0.1,3.8,4.4,0.6,0.7
2025-11-28T11:14+09:00,2025-11-28T11:14+09:00,3.3,3.9,6.0,2.1,5.4
2025-11-28T12:29+09:00,2025-11-28T12:29+09:00,5.2,3.9,6.1,2.2,7.4
2025-11-28T13:00+09:00,2025-11-28T13:00+09:00,6.1,3.9,6.2,2.3,8.4
2025-11-28T13:38+09:00,2025-11-28T13:38+09:00,7.0,3.9,6.4,2.5,9.5
2025-11-28T13:53+09:00,2025-11-28T13:53+09:00,7.7,3.9,6.4,2.5,10.2
2025-11-28T14:35+09:00,2025-11-28T14:35+09:00,8.8,3.9,6.6,2.7,11.5
2025-11-28T14:52+09:00,2025-11-28T14:52+09:00,9.9,3.9,6.6,2.7,12.6
2025-11-28T15:47+09:00,2025-11-28T15:47+09:00,10.3,3.9,7.2,3.2,13.5
2025-11-28T16:31+09:00,2025-11-28T16:31+09:00,10.3,4.1,7.5,3.3,13.6
2025-11-28T16:50+09:00,2025-11-28T16:50+09:00,10.3,4.5,7.9,3.4,13.7
2025-11-28T17:43+09:00,2025-11-28T17:43+09:00,10.3,5.9,9.3,3.4,13.7
2025-11-28T17:59+09:00,2025-11-28T17:59+09:00,10.3,5.9,9.3,3.4,13.7
2025-11-28T18:33+09:00,2025-11-28T18:34+09:00,10.3,6.6,10.0,3.4,13.7
2025-11-28T18:50+09:00,2025-11-28T18:51+09:00,10.3,7.0,10.4,3.4,13.7
2025-11-28T19:37+09:00,2025-11-28T19:37+09:00,10.3,7.4,10.9,3.4,13.7
2025-11-28T19:52+09:00,2025-11-28T19:52+09:00,10.3,7.9,11.3,3.4,13.7
2025-11-28T20:28+09:00,2025-11-28T20:29+09:00,10.3,8.4,11.8,3.4,13.7
2025-11-28T20:50+09:00,2025-11-28T20:50+09:00,10.3,8.9,12.3,3.4,13.7
2025-11-28T22:00+09:00,2025-11-28T22:00+09:00,10.3,10.1,13.6,3.4,13.7
2025-11-28T22:42+09:00,2025-11-28T22:42+09:00,10.3,11.7,15.1,3.4,13.7
2025-11-28T22:53+09:00,2025-11-28T22:53+09:00,10.3,11.7,15.1,3.4,13.7
2025-11-28T23:34+09:00,2025-11-28T23:34+09:00,10.3,12.5,15.9,3.4,13.7
2025-11-28T23:51+09:00,2025-11-28T23:51+09:00,10.3,13.3,16.7,3.4,13.7
2025-11-29T00:32+09:00,2025-11-29T00:32+09:00,0.0,0.8,0.8,0.0,0.0
2025-11-29T00:50+09:00,2025-11-29T00:50+09:00,0.0,1.2,1.2,0.0,0.0
2025-11-29T01:39+09:00,2025-11-29T01:39+09:00,0.0,1.3,1.3,0.0,0.0
2025-11-29T01:54+09:00,2025-11-29T01:54+09:00,0.0,1.4,1.4,0.0,0.0
2025-11-29T02:31+09:00,2025-11-29T02:31+09:00,0.0,1.5,1.5,0.0,0.0
2025-11-29T02:50+09:00,2025-11-29T02:51+09:00,0.0,1.6,1.6,0.0,0.0
2025-11-29T03:43+09:00,2025-11-29T03:43+09:00,0.0,1.7,1.7,0.0,0.0
2025-11-29T03:55+09:00,2025-11-29T03:55+09:00,0.0,1.7,1.7,0.0,0.0
2025-11-29T04:26+09:00,2025-11-29T04:26+09:00,0.0,1.8,1.8,0.0,0.0
2025-11-29T04:50+09:00,2025-11-29T04:50+09:00,0.0,1.9,1.9,0.0,0.0
2025-11-29T05:33+09:00,2025-11-29T05:33+09:00,0.0,2.0,2.0,0.0,0.0
2025-11-29T05:50+09:00,2025-11-29T05:50+09:00,0.0,2.1,2.1,0.0,0.0
2025-11-29T06:28+09:00,2025-11-29T06:28+09:00,0.0,2.1,2.1,0.0,0.0
2025-11-29T06:51+09:00,2025-11-29T06:51+09:00,0.0,2.2,2.2,0.0,0.0
2025-11-29T07:32+09:00,2025-11-29T07:32+09:00,0.0,2.4,2.4,0.0,0.0
2025-11-29T07:51+09:00,2025-11-29T07:51+09:00,0.0,2.5,2.7,0.2,0.2
2025-11-29T08:29+09:00,2025-11-29T08:29+09:00,0.2,2.8,3.3,0.5,0.7
2025-11-29T08:50+09:00,2025-11-29T08:50+09:00,0.7,2.8,3.9,1.0,1.7
2025-11-29T11:14+09:00,2025-11-29T11:14+09:00,4.8,2.9,6.5,3.6,8.4
2025-11-29T12:29+09:00,2025-11-29T12:29+09:00,6.5,2.9,7.2,4.3,10.8
2025-11-29T12:59+09:00,2025-11-29T13:00+09:00,8.4,2.9,7.7,4.8,13.2
2025-11-29T13:37+09:00,2025-11-29T13:37+09:00,9.2,3.0,8.5,5.5,14.7
2025-11-29T13:53+09:00,2025-11-29T13:53+09:00,9.6,3.2,9.4,6.2,15.8
2025-11-29T14:33+09:00,2025-11-29T14:34+09:00,10.2,3.2,9.9,6.7,16.9
2025-11-29T14:50+09:00,2025-11-29T14:50+09:00,10.5,3.2,10.2,7.0,17.5
2025-11-29T15:44+09:00,2025-11-29T15:44+09:00,11.3,3.2,10.5,7.3,18.6
2025-11-29T15:57+09:00,2025-11-29T15:57+09:00,11.3,3.2,10.5,7.3,18.6
2025-11-29T16:50+09:00,2025-11-29T16:50+09:00,11.4,3.2,10.7,7.5,18.9
2025-11-29T17:38+09:00,2025-11-29T17:39+09:00,11.4,3.5,11.0,7.5,18.9
2025-11-29T17:54+09:00,2025-11-29T17:54+09:00,11.4,3.7,11.3,7.5,18.9
2025-11-29T18:31+09:00,2025-11-29T18:31+09:00,11.4,4.0,11.5,7.5,18.9
2025-11-29T18:50+09:00,2025-11-29T18:51+09:00,11.4,5.2,12.7,7.5,18.9
2025-11-29T19:34+09:00,2025-11-29T19:35+09:00,11.4,6.0,13.5,7.5,18.9
2025-11-29T19:50+09:00,2025-11-29T19:50+09:00,11.4,6.8,14.3,7.5,18.9
2025-11-29T20:26+09:00,2025-11-29T20:26+09:00,11.4,7.3,14.8,7.5,18.9
2025-11-29T20:50+09:00,2025-11-29T20:50+09:00,11.4,7.7,15.2,7.5,18.9
2025-11-29T21:56+09:00,2025-11-29T21:56+09:00,11.4,8.7,16.2,7.5,18.9
2025-11-29T22:36+09:00,2025-11-29T22:36+09:00,11.4,9.4,16.9,7.5,18.9
2025-11-29T22:51+09:00,2025-11-29T22:51+09:00,11.4,10.3,17.8,7.5,18.9
2025-11-29T23:32+09:00,2025-11-29T23:32+09:00,11.4,11.2,18.7,7.5,18.9
2025-11-29T23:50+09:00,2025-11-29T23:50+09:00,11.4,12.3,19.8,7.5,18.9
2025-11-30T00:30+09:00,2025-11-30T00:30+09:00,0.0,0.8,0.8,0.0,0.0
2025-11-30T00:50+09:00,2025-11-30T00:50+09:00,0.0,1.2,1.2,0.0,0.0
2025-11-30T01:37+09:00,2025-11-30T01:37+09:00,0.0,1.8,1.8,0.0,0.0
2025-11-30T01:53+09:00,2025-11-30T01:53+09:00,0.0,2.4,2.4,0.0,0.0
2025-11-30T02:30+09:00,2025-11-30T02:30+09:00,0.0,2.7,2.7,0.0,0.0
2025-11-30T02:50+09:00,2025-11-30T02:50+09:00,0.0,2.9,2.9,0.0,0.0
2025-11-30T03:41+09:00,2025-11-30T03:41+09:00,0.0,3.2,3.2,0.0,0.0
2025-11-30T03:54+09:00,2025-11-30T03:54+09:00,0.0,3.2,3.2,0.0,0.0
2025-11-30T04:25+09:00,2025-11-30T04:25+09:00,0.0,3.3,3.3,0.0,0.0
2025-11-30T04:50+09:00,2025-11-30T04:51+09:00,0.0,3.4,3.4,0.0,0.0
2025-11-30T05:33+09:00,2025-11-30T05:33+09:00,0.0,3.5,3.5,0.0,0.0
2025-11-30T05:50+09:00,2025-11-30T05:51+09:00,0.0,3.6,3.6,0.0,0.0
2025-11-30T06:29+09:00,2025-11-30T06:29+09:00,0.0,3.7,3.7,0.0,0.0
2025-11-30T06:50+09:00,2025-11-30T06:50+09:00,0.0,3.8,3.8,0.0,0.0
2025-11-30T07:32+09:00,2025-11-30T07:32+09:00,0.0,4.1,4.1,0.0,0.0
2025-11-30T07:50+09:00,2025-11-30T07:50+09:00,0.0,4.1,4.2,0.1,0.1
2025-11-30T08:29+09:00,2025-11-30T08:29+09:00,0.5,4.1,4.3,0.2,0.7
2025-11-30T08:50+09:00,2025-11-30T08:50+09:00,1.1,4.1,4.5,0.4,1.5
2025-11-30T11:29+09:00,2025-11-30T11:29+09:00,5.7,4.1,6.7,2.6,8.3
2025-11-30T12:49+09:00,2025-11-30T12:49+09:00,9.7,4.1,8.1,4.0,13.7
2025-11-30T14:34+09:00,2025-11-30T14:34+09:00,13.4,4.1,8.8,4.7,18.1
2025-11-30T14:50+09:00,2025-11-30T14:50+09:00,14.2,4.1,8.9,4.8,19.0
2025-11-30T15:45+09:00,2025-11-30T15:45+09:00,14.4,4.4,9.6,5.3,19.7
2025-11-30T15:58+09:00,2025-11-30T15:58+09:00,14.4,4.4,9.6,5.3,19.7
2025-11-30T16:28+09:00,2025-11-30T16:28+09:00,14.4,4.6,10.1,5.5,19.9
2025-11-30T16:50+09:00,2025-11-30T16:50+09:00,14.4,4.9,10.3,5.5,19.9
2025-11-30T17:36+09:00,2025-11-30T17:36+09:00,14.4,5.0,10.4,5.5,19.9
2025-11-30T17:52+09:00,2025-11-30T17:52+09:00,14.4,5.1,10.6,5.5,19.9
2025-11-30T18:29+09:00,2025-11-30T18:29+09:00,14.4,5.6,11.0,5.5,19.9
2025-11-30T18:50+09:00,2025-11-30T18:51+09:00,14.4,6.4,11.9,5.5,19.9
2025-11-30T19:33+09:00,2025-11-30T19:33+09:00,14.4,6.9,12.4,5.5,19.9
2025-11-30T19:50+09:00,2025-11-30T19:50+09:00,14.4,7.5,13.0,5.5,19.9
2025-11-30T20:26+09:00,2025-11-30T20:26+09:00,14.4,7.9,13.4,5.5,19.9
2025-11-30T20:51+09:00,2025-11-30T20:51+09:00,14.4,8.4,13.8,5.5,19.9
2025-11-30T21:56+09:00,2025-11-30T21:56+09:00,14.4,9.5,14.9,5.5,19.9
2025-11-30T22:36+09:00,2025-11-30T22:36+09:00,14.4,10.5,15.9,5.5,19.9
2025-11-30T22:50+09:00,2025-11-30T22:51+09:00,14.4,11.5,17.0,5.5,19.9
2025-11-30T23:32+09:00,2025-11-30T23:32+09:00,14.4,12.2,17.7,5.5,19.9
2025-11-30T23:50+09:00,2025-11-30T23:50+09:00,14.4,12.6,18.1,5.5,19.9
2025-12-01T00:30+09:00,2025-12-01T00:30+09:00,0.0,0.2,,,
2025-12-01T00:51+09:00,2025-12-01T00:51+09:00,0.0,0.4,,,
2025-12-01T01:37+09:00,2025-12-01T01:37+09:00,0.0,0.5,0.5,0.0,0.0
2025-12-01T01:53+09:00,2025-12-01T01:53+09:00,0.0,0.6,0.6,0.0,0.0
2025-12-01T02:30+09:00,2025-12-01T02:30+09:00,0.0,0.7,0.7,0.0,0.0
2025-12-01T02:50+09:00,2025-12-01T02:50+09:00,0.0,0.9,0.9,0.0,0.0
2025-12-01T03:42+09:00,2025-12-01T03:42+09:00,0.0,1.1,1.1,0.0,0.0
2025-12-01T03:54+09:00,2025-12-01T03:54+09:00,0.0,1.1,1.1,0.0,0.0
2025-12-01T04:26+09:00,2025-12-01T04:26+09:00,0.0,1.2,1.2,0.0,0.0
2025-12-01T04:50+09:00,2025-12-01T04:50+09:00,0.0,1.3,1.3,0.0,0.0
2025-12-01T05:33+09:00,2025-12-01T05:33+09:00,0.0,1.4,1.4,0.0,0.0
2025-12-01T05:51+09:00,2025-12-01T05:51+09:00,,,,,
2025-12-01T06:29+09:00,2025-12-01T06:29+09:00,,,,,
2025-12-01T06:50+09:00,2025-12-01T06:50+09:00,0.0,2.5,2.5,0.0,0.0
2025-12-01T07:33+09:00,2025-12-01T07:33+09:00,0.0,3.2,3.2,0.0,0.0
2025-12-01T07:50+09:00,2025-12-01T07:51+09:00,0.0,3.6,3.7,0.1,0.1
2025-12-01T08:29+09:00,2025-12-01T08:30+09:00,0.2,3.8,4.3,0.5,0.7
2025-12-01T08:50+09:00,2025-12-01T08:50+09:00,0.7,3.8,4.6,0.8,1.5
2025-12-01T11:38+09:00,2025-12-01T11:38+09:00,4.2,3.8,6.1,2.3,6.5
2025-12-01T13:05+09:00,2025-12-01T13:05+09:00,8.4,3.8,6.3,2.5,10.9
2025-12-01T13:58+09:00,2025-12-01T13:58+09:00,10.3,3.8,6.5,2.7,13.0
2025-12-01T14:44+09:00,2025-12-01T14:44+09:00,11.6,3.8,6.7,2.9,14.5
2025-12-01T14:57+09:00,2025-12-01T14:57+09:00,11.6,3.8,6.7,2.9,14.5
2025-12-01T15:50+09:00,2025-12-01T15:50+09:00,12.0,3.8,7.2,3.4,15.4
2025-12-01T16:34+09:00,2025-12-01T16:35+09:00,12.0,4.0,7.6,3.6,15.6
2025-12-01T16:52+09:00,2025-12-01T16:52+09:00,12.0,4.4,7.9,3.6,15.6
2025-12-01T17:47+09:00,2025-12-01T17:47+09:00,12.0,5.1,8.7,3.6,15.6
2025-12-01T18:42+09:00,2025-12-01T18:43+09:00,12.0,6.6,10.2,3.6,15.6
2025-12-01T18:56+09:00,2025-12-01T18:56+09:00,12.0,6.6,10.2,3.6,15.6
2025-12-01T19:43+09:00,2025-12-01T19:43+09:00,12.0,7.4,11.0,3.6,15.6
2025-12-01T19:56+09:00,2025-12-01T19:56+09:00,12.0,7.4,11.0,3.6,15.6
2025-12-01T20:29+09:00,2025-12-01T20:30+09:00,12.0,7.9,11.5,3.6,15.6
2025-12-01T20:50+09:00,2025-12-01T20:50+09:00,12.0,8.9,12.5,3.6,15.6
2025-12-01T22:05+09:00,2025-12-01T22:05+09:00,12.0,10.1,13.7,3.6,15.6
2025-12-01T22:47+09:00,2025-12-01T22:48+09:00,12.0,11.6,15.1,3.6,15.6
2025-12-01T23:40+09:00,2025-12-01T23:40+09:00,12.0,12.3,15.8,3.6,15.6
2025-12-02T00:01+09:00,2025-12-02T00:01+09:00,12.0,12.8,16.4,3.6,15.6
2025-12-02T00:36+09:00,2025-12-02T00:36+09:00,0.0,0.2,0.2,0.0,0.0
2025-12-02T00:53+09:00,2025-12-02T00:53+09:00,0.0,0.3,0.3,0.0,0.0
2025-12-02T01:46+09:00,2025-12-02T01:46+09:00,0.0,0.6,0.6,0.0,0.0
2025-12-02T02:41+09:00,2025-12-02T02:41+09:00,,,,,
2025-12-02T02:55+09:00,2025-12-02T02:55+09:00,0.0,0.7,0.7,0.0,0.0
2025-12-02T03:51+09:00,2025-12-02T03:51+09:00,0.0,0.9,0.9,0.0,0.0
2025-12-02T04:32+09:00,2025-12-02T04:32+09:00,0.0,1.0,1.0,0.0,0.0
2025-12-02T04:52+09:00,2025-12-02T04:52+09:00,0.0,1.1,1.1,0.0,0.0
2025-12-02T05:32+09:00,2025-12-02T05:32+09:00,0.0,1.1,1.1,0.0,0.0
2025-12-02T05:51+09:00,2025-12-02T05:51+09:00,0.0,1.2,1.2,0.0,0.0
2025-12-02T06:28+09:00,2025-12-02T06:28+09:00,0.0,1.3,1.3,0.0,0.0
2025-12-02T06:50+09:00,2025-12-02T06:50+09:00,0.0,1.6,1.6,0.0,0.0
2025-12-02T07:34+09:00,2025-12-02T07:34+09:00,0.0,2.3,2.3,0.0,0.0
2025-12-02T07:51+09:00,2025-12-02T07:51+09:00,0.0,2.6,2.8,0.2,0.2
2025-12-02T08:31+09:00,2025-12-02T08:31+09:00,0.0,2.9,3.4,0.5,0.5
2025-12-02T08:51+09:00,2025-12-02T08:51+09:00,,,,,
2025-12-02T11:19+09:00,2025-12-02T11:19+09:00,4.3,2.9,5.1,2.2,6.5
2025-12-02T12:43+09:00,2025-12-02T12:43+09:00,9.6,2.9,5.4,2.5,12.1
2025-12-02T13:18+09:00,2025-12-02T13:18+09:00,11.4,2.9,5.5,2.6,14.0
2025-12-02T13:57+09:00,2025-12-02T13:57+09:00,12.9,2.9,5.6,2.7,15.6
2025-12-02T14:35+09:00,2025-12-02T14:35+09:00,13.9,2.9,5.7,2.7,16.6
2025-12-02T14:52+09:00,2025-12-02T14:52+09:00,,,,,
2025-12-02T15:49+09:00,2025-12-02T15:49+09:00,15.1,2.9,6.2,3.3,18.4
2025-12-02T16:34+09:00,2025-12-02T16:34+09:00,15.2,3.0,6.7,3.6,18.8
2025-12-02T16:51+09:00,2025-12-02T16:51+09:00,15.2,3.3,7.0,3.7,18.9
2025-12-02T17:46+09:00,2025-12-02T17:46+09:00,15.2,3.7,7.5,3.7,18.9
2025-12-02T18:40+09:00,2025-12-02T18:40+09:00,15.2,4.3,8.0,3.7,18.9
2025-12-02T18:55+09:00,2025-12-02T18:55+09:00,15.2,4.3,8.0,3.7,18.9
2025-12-02T19:41+09:00,2025-12-02T19:41+09:00,15.2,5.0,8.7,3.7,18.9
2025-12-02T19:55+09:00,2025-12-02T19:55+09:00,15.2,5.0,8.7,3.7,18.9
2025-12-02T20:31+09:00,2025-12-02T20:31+09:00,15.2,5.5,9.3,3.7,18.9
2025-12-02T20:50+09:00,2025-12-02T20:51+09:00,15.2,6.2,9.9,3.7,18.9
2025-12-02T22:05+09:00,2025-12-02T22:05+09:00,,,,,
2025-12-02T22:49+09:00,2025-12-02T22:49+09:00,15.2,9.5,13.3,3.7,18.9
2025-12-02T23:41+09:00,2025-12-02T23:41+09:00,15.2,11.0,14.7,3.7,18.9
2025-12-03T00:03+09:00,2025-12-03T00:03+09:00,15.2,11.0,14.7,3.7,18.9
2025-12-03T00:37+09:00,2025-12-03T00:37+09:00,0.0,0.1,,,
2025-12-03T00:55+09:00,2025-12-03T00:55+09:00,0.0,0.2,,,
2025-12-03T01:46+09:00,2025-12-03T01:46+09:00,0.0,0.5,0.5,0.0,0.0
2025-12-03T02:37+09:00,2025-12-03T02:37+09:00,0.0,0.6,0.6,0.0,0.0
2025-12-03T02:54+09:00,2025-12-03T02:54+09:00,0.0,0.7,0.7,0.0,0.0
2025-12-03T03:55+09:00,2025-12-03T03:55+09:00,0.0,0.8,0.8,0.0,0.0
2025-12-03T04:32+09:00,2025-12-03T04:32+09:00,0.0,0.9,0.9,0.0,0.0
2025-12-03T04:51+09:00,2025-12-03T04:51+09:00,0.0,1.0,1.0,0.0,0.0
2025-12-03T05:37+09:00,2025-12-03T05:37+09:00,0.0,1.0,1.0,0.0,0.0
2025-12-03T05:53+09:00,2025-12-03T05:53+09:00,0.0,1.2,1.2,0.0,0.0
2025-12-03T06:30+09:00,2025-12-03T06:30+09:00,0.0,1.4,1.4,0.0,0.0
2025-12-03T06:50+09:00,2025-12-03T06:50+09:00,,,,,
2025-12-03T07:32+09:00,2025-12-03T07:32+09:00,0.0,2.5,2.5,0.0,0.0
2025-12-03T07:51+09:00,2025-12-03T07:51+09:00,0.0,2.9,2.9,0.0,0.0
2025-12-03T08:30+09:00,2025-12-03T08:30+09:00,0.0,3.1,3.2,0.1,0.1
2025-12-03T08:51+09:00,2025-12-03T08:51+09:00,0.0,3.4,3.6,0.2,0.2
2025-12-03T11:19+09:00,2025-12-03T11:19+09:00,2.0,3.6,4.6,1.0,3.0
2025-12-03T12:43+09:00,2025-12-03T12:43+09:00,5.1,3.6,4.9,1.3,6.4
2025-12-03T13:16+09:00,2025-12-03T13:16+09:00,6.0,3.6,5.0,1.4,7.4
2025-12-03T13:56+09:00,2025-12-03T13:56+09:00,6.7,3.6,5.1,1.5,8.2
2025-12-03T14:34+09:00,2025-12-03T14:34+09:00,7.1,3.6,5.2,1.6,8.7
2025-12-03T14:51+09:00,2025-12-03T14:51+09:00,,,,,
2025-12-03T15:48+09:00,2025-12-03T15:48+09:00,7.8,3.6,5.8,2.2,10.0
2025-12-03T16:33+09:00,2025-12-03T16:33+09:00,7.8,3.8,6.1,2.4,10.2
2025-12-03T16:51+09:00,2025-12-03T16:51+09:00,7.8,4.3,6.7,2.4,10.2
2025-12-03T17:45+09:00,2025-12-03T17:45+09:00,7.8,5.6,8.0,2.4,10.2
2025-12-03T18:02+09:00,2025-12-03T18:02+09:00,7.8,5.6,8.0,2.4,10.2
2025-12-03T18:37+09:00,2025-12-03T18:37+09:00,7.8,6.4,8.7,2.4,10.2
2025-12-03T18:54+09:00,2025-12-03T18:54+09:00,7.8,6.9,9.3,2.4,10.2
2025-12-03T19:43+09:00,2025-12-03T19:43+09:00,7.8,7.6,10.0,2.4,10.2
2025-12-03T19:57+09:00,2025-12-03T19:57+09:00,7.8,7.6,10.0,2.4,10.2
2025-12-03T20:30+09:00,2025-12-03T20:30+09:00,7.8,8.5,10.8,2.4,10.2
2025-12-03T20:51+09:00,2025-12-03T20:51+09:00,7.8,9.1,11.5,2.4,10.2
2025-12-03T22:05+09:00,2025-12-03T22:06+09:00,7.8,10.6,12.9,2.4,10.2
2025-12-03T22:49+09:00,2025-12-03T22:49+09:00,7.8,12.2,14.6,2.4,10.2
2025-12-03T23:39+09:00,2025-12-03T23:39+09:00,7.8,13.4,15.8,2.4,10.2
2025-12-03T23:56+09:00,2025-12-03T23:57+09:00,7.8,14.4,16.8,2.4,10.2
2025-12-04T00:37+09:00,2025-12-04T00:37+09:00,0.0,0.4,0.4,0.0,0.0
2025-12-04T00:55+09:00,2025-12-04T00:55+09:00,0.0,0.6,0.6,0.0,0.0
2025-12-04T01:47+09:00,2025-12-04T01:47+09:00,0.0,1.1,1.1,0.0,0.0
2025-12-04T02:37+09:00,2025-12-04T02:37+09:00,0.0,1.3,1.3,0.0,0.0
2025-12-04T02:52+09:00,2025-12-04T02:52+09:00,0.0,1.3,1.3,0.0,0.0
2025-12-04T03:48+09:00,2025-12-04T03:48+09:00,0.0,1.5,1.5,0.0,0.0
2025-12-04T04:29+09:00,2025-12-04T04:29+09:00,0.0,1.6,1.6,0.0,0.0
2025-12-04T04:51+09:00,2025-12-04T04:51+09:00,,,,,
2025-12-04T05:37+09:00,2025-12-04T05:37+09:00,0.0,1.7,1.7,0.0,0.0
2025-12-04T05:54+09:00,2025-12-04T05:55+09:00,0.0,1.8,1.8,0.0,0.0
2025-12-04T06:28+09:00,2025-12-04T06:28+09:00,0.0,2.1,2.1,0.0,0.0
2025-12-04T06:51+09:00,2025-12-04T06:51+09:00,0.0,2.8,2.8,0.0,0.0
2025-12-04T07:35+09:00,2025-12-04T07:35+09:00,0.0,3.7,3.7,0.0,0.0
2025-12-04T07:52+09:00,2025-12-04T07:52+09:00,0.0,4.3,4.4,0.1,0.1
2025-12-04T08:29+09:00,2025-12-04T08:29+09:00,0.0,5.3,5.5,0.2,0.2
2025-12-04T08:50+09:00,2025-12-04T08:50+09:00,0.0,5.7,6.3,0.6,0.6
2025-12-04T11:20+09:00,2025-12-04T11:20+09:00,4.7,5.8,8.0,2.2,6.9
2025-12-04T12:44+09:00,2025-12-04T12:44+09:00,9.8,5.8,8.3,2.5,12.3
2025-12-04T13:18+09:00,2025-12-04T13:18+09:00,11.5,5.8,8.5,2.6,14.1
2025-12-04T13:57+09:00,2025-12-04T13:57+09:00,12.6,5.8,8.5,2.6,15.2
2025-12-04T14:35+09:00,2025-12-04T14:35+09:00,12.8,5.9,8.8,2.9,15.7
2025-12-04T14:51+09:00,2025-12-04T14:51+09:00,13.0,5.9,9.1,3.2,16.2
2025-12-04T15:48+09:00,2025-12-04T15:48+09:00,13.2,6.0,9.7,3.7,16.9
2025-12-04T16:33+09:00,2025-12-04T16:33+09:00,13.2,6.1,10.0,3.9,17.1
2025-12-04T16:51+09:00,2025-12-04T16:51+09:00,13.2,6.3,10.2,3.9,17.1
2025-12-04T17:45+09:00,2025-12-04T17:45+09:00,13.2,7.6,11.5,3.9,17.1
2025-12-04T18:01+09:00,2025-12-04T18:01+09:00,13.2,7.6,11.5,3.9,17.1
2025-12-04T18:38+09:00,2025-12-04T18:38+09:00,13.2,8.3,12.3,3.9,17.1
2025-12-04T18:53+09:00,2025-12-04T18:53+09:00,13.2,9.2,13.2,3.9,17.1
2025-12-04T19:41+09:00,2025-12-04T19:41+09:00,13.2,10.4,14.4,3.9,17.1
2025-12-04T19:56+09:00,2025-12-04T19:56+09:00,13.2,10.4,14.4,3.9,17.1
2025-12-04T20:31+09:00,2025-12-04T20:31+09:00,13.2,10.9,14.8,3.9,17.1
2025-12-04T20:50+09:00,2025-12-04T20:51+09:00,13.2,11.5,15.4,3.9,17.1
2025-12-04T22:06+09:00,2025-12-04T22:06+09:00,13.2,13.9,17.9,3.9,17.1
2025-12-04T22:49+09:00,2025-12-04T22:49+09:00,13.2,16.6,20.5,3.9,17.1
2025-12-04T23:39+09:00,2025-12-04T23:39+09:00,13.2,17.9,21.8,3.9,17.1
2025-12-04T23:56+09:00,2025-12-04T23:56+09:00,13.2,18.6,22.5,3.9,17.1
2025-12-05T00:37+09:00,2025-12-05T00:37+09:00,0.0,0.4,0.4,0.0,0.0
2025-12-05T00:54+09:00,2025-12-05T00:54+09:00,0.0,0.6,0.6,0.0,0.0
2025-12-05T01:47+09:00,2025-12-05T01:47+09:00,0.0,0.9,0.9,0.0,0.0
2025-12-05T02:37+09:00,2025-12-05T02:37+09:00,0.0,1.1,1.1,0.0,0.0
2025-12-05T02:53+09:00,2025-12-05T02:54+09:00,0.0,1.2,1.2,0.0,0.0
2025-12-05T03:49+09:00,2025-12-05T03:49+09:00,0.0,1.4,1.4,0.0,0.0
2025-12-05T04:30+09:00,2025-12-05T04:30+09:00,0.0,1.4,1.4,0.0,0.0
2025-12-05T04:50+09:00,2025-12-05T04:50+09:00,0.0,1.5,1.5,0.0,0.0
2025-12-05T05:36+09:00,2025-12-05T05:36+09:00,0.0,1.6,1.6,0.0,0.0
2025-12-05T05:54+09:00,2025-12-05T05:54+09:00,0.0,2.1,2.1,0.0,0.0
2025-12-05T06:31+09:00,2025-12-05T06:31+09:00,0.0,2.7,2.7,0.0,0.0
2025-12-05T06:50+09:00,2025-12-05T06:50+09:00,0.0,3.0,3.0,0.0,0.0
2025-12-05T07:33+09:00,2025-12-05T07:33+09:00,0.0,4.5,4.5,0.0,0.0
2025-12-05T07:50+09:00,2025-12-05T07:50+09:00,0.0,5.6,5.7,0.1,0.1
2025-12-05T08:31+09:00,2025-12-05T08:31+09:00,0.0,6.4,6.7,0.3,0.3
2025-12-05T08:50+09:00,2025-12-05T08:51+09:00,0.1,6.5,7.1,0.5,0.6
2025-12-05T11:20+09:00,2025-12-05T11:20+09:00,5.3,6.5,7.6,1.1,6.4
2025-12-05T12:43+09:00,2025-12-05T12:43+09:00,10.2,6.5,7.9,1.4,11.6
2025-12-05T13:17+09:00,2025-12-05T13:17+09:00,11.8,6.5,8.0,1.5,13.3
2025-12-05T13:56+09:00,2025-12-05T13:56+09:00,13.4,6.5,8.2,1.6,15.0
2025-12-05T14:35+09:00,2025-12-05T14:35+09:00,14.6,6.5,8.3,1.7,16.3
2025-12-05T14:51+09:00,2025-12-05T14:51+09:00,15.4,6.5,8.3,1.8,17.2
2025-12-05T15:48+09:00,2025-12-05T15:48+09:00,16.0,6.8,8.9,2.2,18.2
2025-12-05T16:33+09:00,2025-12-05T16:33+09:00,16.0,7.0,9.3,2.3,18.3
2025-12-05T16:51+09:00,2025-12-05T16:51+09:00,16.0,7.3,9.7,2.4,18.4
2025-12-05T17:43+09:00,2025-12-05T17:43+09:00,16.0,8.4,10.8,2.4,18.4
2025-12-05T17:59+09:00,2025-12-05T17:59+09:00,16.0,8.4,10.8,2.4,18.4
2025-12-05T18:35+09:00,2025-12-05T18:35+09:00,16.0,9.1,11.5,2.4,18.4
2025-12-05T18:51+09:00,2025-12-05T18:51+09:00,16.0,9.6,12.0,2.4,18.4
2025-12-05T19:38+09:00,2025-12-05T19:38+09:00,16.0,10.1,12.5,2.4,18.4
2025-12-05T19:53+09:00,2025-12-05T19:53+09:00,16.0,10.7,13.1,2.4,18.4
2025-12-05T20:29+09:00,2025-12-05T20:30+09:00,16.0,11.5,13.9,2.4,18.4
2025-12-05T20:50+09:00,2025-12-05T20:50+09:00,16.0,12.1,14.5,2.4,18.4
2025-12-05T22:02+09:00,2025-12-05T22:02+09:00,16.0,13.7,16.1,2.4,18.4
2025-12-05T22:45+09:00,2025-12-05T22:45+09:00,16.0,15.5,17.9,2.4,18.4
2025-12-05T22:57+09:00,2025-12-05T22:57+09:00,16.0,15.5,17.9,2.4,18.4
2025-12-05T23:36+09:00,2025-12-05T23:36+09:00,16.0,16.6,18.9,2.4,18.4
2025-12-05T23:51+09:00,2025-12-05T23:52+09:00,16.0,17.9,20.3,2.4,18.4
2025-12-06T00:35+09:00,2025-12-06T00:35+09:00,0.0,1.2,1.2,0.0,0.0
2025-12-06T00:53+09:00,2025-12-06T00:53+09:00,0.0,2.0,2.0,0.0,0.0
2025-12-06T01:43+09:00,2025-12-06T01:43+09:00,0.0,2.8,2.8,0.0,0.0
2025-12-06T01:58+09:00,2025-12-06T01:58+09:00,0.0,2.8,2.8,0.0,0.0
2025-12-06T02:33+09:00,2025-12-06T02:33+09:00,0.0,3.1,3.1,0.0,0.0
2025-12-06T02:51+09:00,2025-12-06T02:51+09:00,0.0,3.3,3.3,0.0,0.0
2025-12-06T03:44+09:00,2025-12-06T03:44+09:00,0.0,3.4,3.4,0.0,0.0
2025-12-06T03:57+09:00,2025-12-06T03:57+09:00,0.0,3.4,3.4,0.0,0.0
2025-12-06T04:28+09:00,2025-12-06T04:28+09:00,0.0,3.5,3.5,0.0,0.0
2025-12-06T04:50+09:00,2025-12-06T04:50+09:00,0.0,3.6,3.6,0.0,0.0
2025-12-06T05:35+09:00,2025-12-06T05:36+09:00,0.0,3.6,3.6,0.0,0.0
2025-12-06T05:53+09:00,2025-12-06T05:53+09:00,,,,,
2025-12-06T06:30+09:00,2025-12-06T06:30+09:00,0.0,4.2,4.2,0.0,0.0
2025-12-06T06:50+09:00,2025-12-06T06:50+09:00,0.0,4.8,4.8,0.0,0.0
2025-12-06T07:34+09:00,2025-12-06T07:34+09:00,0.0,6.0,6.0,0.0,0.0
2025-12-06T07:50+09:00,2025-12-06T07:51+09:00,0.0,7.0,7.1,0.1,0.1
2025-12-06T08:30+09:00,2025-12-06T08:30+09:00,0.1,7.3,7.9,0.6,0.7
2025-12-06T08:50+09:00,2025-12-06T08:50+09:00,0.4,7.3,8.5,1.2,1.6
2025-12-06T11:14+09:00,2025-12-06T11:14+09:00,,,,,
2025-12-06T12:18+09:00,2025-12-06T12:19+09:00,9.0,7.3,10.4,3.1,12.1
2025-12-06T12:58+09:00,2025-12-06T12:58+09:00,10.4,7.3,10.9,3.5,13.9
2025-12-06T13:35+09:00,2025-12-06T13:35+09:00,11.7,7.3,11.2,3.9,15.6
2025-12-06T13:52+09:00,2025-12-06T13:52+09:00,12.5,7.3,12.0,4.7,17.2
2025-12-06T14:33+09:00,2025-12-06T14:33+09:00,13.4,7.3,12.4,5.1,18.5
2025-12-06T14:50+09:00,2025-12-06T14:50+09:00,13.9,7.3,12.8,5.5,19.4
2025-12-06T15:44+09:00,2025-12-06T15:44+09:00,14.2,7.4,13.6,6.2,20.4
2025-12-06T15:56+09:00,2025-12-06T15:56+09:00,14.2,7.4,13.6,6.2,20.4
2025-12-06T16:29+09:00,2025-12-06T16:29+09:00,,,,,
2025-12-06T16:50+09:00,2025-12-06T16:50+09:00,14.2,7.8,14.3,6.5,20.7
2025-12-06T17:38+09:00,2025-12-06T17:38+09:00,14.2,8.4,14.9,6.5,20.7
2025-12-06T17:54+09:00,2025-12-06T17:54+09:00,14.2,9.0,15.5,6.5,20.7
2025-12-06T18:31+09:00,2025-12-06T18:31+09:00,14.2,9.6,16.0,6.5,20.7
2025-12-06T18:50+09:00,2025-12-06T18:50+09:00,14.2,10.0,16.5,6.5,20.7
2025-12-06T19:34+09:00,2025-12-06T19:34+09:00,14.2,10.1,16.6,6.5,20.7
2025-12-06T19:51+09:00,2025-12-06T19:51+09:00,14.2,10.3,16.8,6.5,20.7
2025-12-06T20:26+09:00,2025-12-06T20:26+09:00,14.2,10.4,16.9,6.5,20.7
2025-12-06T20:50+09:00,2025-12-06T20:51+09:00,14.2,10.5,17.0,6.5,20.7
2025-12-06T21:57+09:00,2025-12-06T21:57+09:00,14.2,10.7,17.2,6.5,20.7
2025-12-06T22:36+09:00,2025-12-06T22:36+09:00,14.2,11.0,17.5,6.5,20.7
2025-12-06T22:50+09:00,2025-12-06T22:51+09:00,14.2,12.3,18.8,6.5,20.7
2025-12-06T23:31+09:00,2025-12-06T23:31+09:00,14.2,13.5,20.0,6.5,20.7
2025-12-06T23:50+09:00,2025-12-06T23:51+09:00,14.2,14.5,21.0,6.5,20.7
2025-12-07T00:30+09:00,2025-12-07T00:30+09:00,0.0,1.2,1.2,0.0,0.0
2025-12-07T00:50+09:00,2025-12-07T00:51+09:00,0.0,2.1,2.1,0.0,0.0
2025-12-07T01:37+09:00,2025-12-07T01:37+09:00,0.0,2.6,2.6,0.0,0.0
2025-12-07T01:53+09:00,2025-12-07T01:53+09:00,0.0,2.9,2.9,0.0,0.0
2025-12-07T02:30+09:00,2025-12-07T02:30+09:00,0.0,3.2,3.2,0.0,0.0
2025-12-07T02:50+09:00,2025-12-07T02:50+09:00,0.0,3.4,3.4,0.0,0.0
2025-12-07T03:41+09:00,2025-12-07T03:41+09:00,0.0,3.6,3.6,0.0,0.0
2025-12-07T03:53+09:00,2025-12-07T03:53+09:00,0.0,3.6,3.6,0.0,0.0
2025-12-07T04:26+09:00,2025-12-07T04:26+09:00,0.0,3.6,3.6,0.0,0.0
2025-12-07T04:51+09:00,2025-12-07T04:51+09:00,,,,,
2025-12-07T05:32+09:00,2025-12-07T05:32+09:00,0.0,3.9,3.9,0.0,0.0
2025-12-07T05:51+09:00,2025-12-07T05:51+09:00,0.0,4.3,4.3,0.0,0.0
2025-12-07T06:28+09:00,2025-12-07T06:28+09:00,0.0,4.6,4.6,0.0,0.0
2025-12-07T06:50+09:00,2025-12-07T06:50+09:00,0.0,4.8,4.8,0.0,0.0
2025-12-07T07:33+09:00,2025-12-07T07:33+09:00,0.0,5.1,5.1,0.0,0.0
2025-12-07T07:50+09:00,2025-12-07T07:50+09:00,0.0,5.4,5.5,0.1,0.1
2025-12-07T08:29+09:00,2025-12-07T08:29+09:00,0.3,5.4,5.7,0.3,0.6
2025-12-07T08:50+09:00,2025-12-07T08:51+09:00,0.9,5.4,5.9,0.4,1.3
2025-12-07T11:30+09:00,2025-12-07T11:30+09:00,1.8,6.4,9.6,3.1,4.9
2025-12-07T12:48+09:00,2025-12-07T12:48+09:00,4.8,6.4,11.8,5.4,10.2
2025-12-07T13:45+09:00,2025-12-07T13:45+09:00,7.1,6.4,12.7,6.2,13.3
2025-12-07T13:58+09:00,2025-12-07T13:58+09:00,7.1,6.4,12.7,6.2,13.3
2025-12-07T14:32+09:00,2025-12-07T14:32+09:00,7.9,6.4,13.0,6.6,14.5
2025-12-07T14:50+09:00,2025-12-07T14:50+09:00,8.3,6.4,13.4,7.0,15.3
2025-12-07T15:43+09:00,2025-12-07T15:43+09:00,8.5,7.1,14.6,7.4,15.9
2025-12-07T15:56+09:00,2025-12-07T15:56+09:00,8.5,7.1,14.6,7.4,15.9
2025-12-07T16:29+09:00,2025-12-07T16:29+09:00,8.5,7.1,14.6,7.5,16.0
2025-12-07T16:50+09:00,2025-12-07T16:50+09:00,8.5,7.4,15.0,7.6,16.1
2025-12-07T17:36+09:00,2025-12-07T17:37+09:00,8.5,7.8,15.4,7.6,16.1
2025-12-07T17:52+09:00,2025-12-07T17:53+09:00,8.5,7.9,15.6,7.6,16.1
2025-12-07T18:31+09:00,2025-12-07T18:31+09:00,8.5,8.1,15.7,7.6,16.1
2025-12-07T18:50+09:00,2025-12-07T18:50+09:00,8.5,8.9,16.5,7.6,16.1
2025-12-07T19:33+09:00,2025-12-07T19:33+09:00,8.5,9.8,17.4,7.6,16.1
2025-12-07T19:50+09:00,2025-12-07T19:50+09:00,8.5,10.6,18.2,7.6,16.1
2025-12-07T20:27+09:00,2025-12-07T20:27+09:00,8.5,11.3,18.9,7.6,16.1
2025-12-07T20:50+09:00,2025-12-07T20:50+09:00,8.5,11.8,19.4,7.6,16.1
2025-12-07T21:55+09:00,2025-12-07T21:55+09:00,8.5,13.0,20.7,7.6,16.1
2025-12-07T22:35+09:00,2025-12-07T22:35+09:00,8.5,14.0,21.6,7.6,16.1
2025-12-07T22:50+09:00,2025-12-07T22:50+09:00,8.5,14.7,22.3,7.6,16.1
2025-12-07T23:31+09:00,2025-12-07T23:32+09:00,8.5,15.3,22.9,7.6,16.1
2025-12-07T23:50+09:00,2025-12-07T23:50+09:00,8.5,15.5,23.1,7.6,16.1
2025-12-08T00:29+09:00,2025-12-08T00:29+09:00,8.5,15.5,23.1,7.6,16.1
2025-12-08T00:50+09:00,2025-12-08T00:50+09:00,0.0,0.2,0.2,0.0,0.0
2025-12-08T01:36+09:00,2025-12-08T01:36+09:00,0.0,0.5,0.5,0.0,0.0
2025-12-08T01:52+09:00,2025-12-08T01:52+09:00,0.0,1.0,1.0,0.0,0.0
2025-12-08T02:29+09:00,2025-12-08T02:29+09:00,0.0,1.3,1.3,0.0,0.0
2025-12-08T02:50+09:00,2025-12-08T02:51+09:00,0.0,1.4,1.4,0.0,0.0
2025-12-08T03:40+09:00,2025-12-08T03:41+09:00,0.0,1.6,1.6,0.0,0.0
2025-12-08T03:53+09:00,2025-12-08T03:53+09:00,0.0,1.6,1.6,0.0,0.0
2025-12-08T04:26+09:00,2025-12-08T04:26+09:00,,,,,
2025-12-08T04:50+09:00,2025-12-08T04:50+09:00,0.0,1.9,1.9,0.0,0.0
2025-12-08T05:33+09:00,2025-12-08T05:33+09:00,0.0,2.2,2.2,0.0,0.0
2025-12-08T05:50+09:00,2025-12-08T05:50+09:00,0.0,2.5,2.5,0.0,0.0
2025-12-08T06:27+09:00,2025-12-08T06:27+09:00,0.0,3.4,3.4,0.0,0.0
2025-12-08T06:50+09:00,2025-12-08T06:50+09:00,0.0,3.9,3.9,0.0,0.0
2025-12-08T07:32+09:00,2025-12-08T07:32+09:00,0.0,4.8,4.8,0.0,0.0
2025-12-08T07:50+09:00,2025-12-08T07:50+09:00,0.0,5.4,5.5,0.1,0.1
2025-12-08T08:28+09:00,2025-12-08T08:29+09:00,0.0,6.0,6.3,0.3,0.3
2025-12-08T08:50+09:00,2025-12-08T08:51+09:00,0.0,6.3,6.7,0.4,0.4
2025-12-08T11:21+09:00,2025-12-08T11:21+09:00,0.7,6.9,8.3,1.3,2.0
2025-12-08T12:46+09:00,2025-12-08T12:46+09:00,5.1,6.9,8.7,1.7,6.8
2025-12-08T13:46+09:00,2025-12-08T13:47+09:00,6.5,6.9,8.8,1.9,8.4
2025-12-08T14:38+09:00,2025-12-08T14:38+09:00,,,,,
2025-12-08T14:53+09:00,2025-12-08T14:53+09:00,7.2,6.9,9.0,2.0,9.2
2025-12-08T15:51+09:00,2025-12-08T15:51+09:00,7.5,7.0,9.3,2.3,9.8
2025-12-08T16:35+09:00,2025-12-08T16:35+09:00,7.5,7.2,9.6,2.4,9.9
2025-12-08T16:52+09:00,2025-12-08T16:52+09:00,7.5,7.6,10.0,2.4,9.9
2025-12-08T17:47+09:00,2025-12-08T17:47+09:00,,,,,
2025-12-08T18:43+09:00,2025-12-08T18:43+09:00,7.5,9.6,12.0,2.4,9.9
2025-12-08T18:57+09:00,2025-12-08T18:57+09:00,,,,,
2025-12-08T19:42+09:00,2025-12-08T19:42+09:00,7.5,10.4,12.8,2.4,9.9
2025-12-08T19:56+09:00,2025-12-08T19:56+09:00,7.5,10.4,12.8,2.4,9.9
2025-12-08T20:30+09:00,2025-12-08T20:30+09:00,7.5,11.0,13.4,2.4,9.9
2025-12-08T20:51+09:00,2025-12-08T20:51+09:00,7.5,11.5,13.9,2.4,9.9
2025-12-08T22:04+09:00,2025-12-08T22:04+09:00,7.5,12.9,15.3,2.4,9.9
2025-12-08T22:47+09:00,2025-12-08T22:47+09:00,7.5,15.1,17.4,2.4,9.9
2025-12-08T23:39+09:00,2025-12-08T23:39+09:00,7.5,15.9,18.3,2.4,9.9
2025-12-08T23:55+09:00,2025-12-08T23:55+09:00,7.5,16.6,19.0,2.4,9.9
2025-12-09T00:35+09:00,2025-12-09T00:35+09:00,0.0,0.7,0.7,0.0,0.0
2025-12-09T00:52+09:00,2025-12-09T00:52+09:00,0.0,1.2,1.2,0.0,0.0
2025-12-09T01:45+09:00,2025-12-09T01:45+09:00,0.0,1.6,1.6,0.0,0.0
2025-12-09T01:57+09:00,2025-12-09T02:02+09:00,0.0,1.6,1.6,0.0,0.0
2025-12-09T02:35+09:00,2025-12-09T02:35+09:00,0.0,1.8,1.8,0.0,0.0
2025-12-09T02:51+09:00,2025-12-09T02:52+09:00,0.0,1.9,1.9,0.0,0.0
2025-12-09T03:47+09:00,2025-12-09T03:47+09:00,0.0,2.1,2.1,0.0,0.0
2025-12-09T04:29+09:00,2025-12-09T04:29+09:00,0.0,2.2,2.2,0.0,0.0
2025-12-09T04:51+09:00,2025-12-09T04:51+09:00,,,,,
2025-12-09T05:36+09:00,2025-12-09T05:36+09:00,0.0,2.8,2.8,0.0,0.0
2025-12-09T05:54+09:00,2025-12-09T05:54+09:00,0.0,3.2,3.2,0.0,0.0
2025-12-09T06:28+09:00,2025-12-09T06:28+09:00,0.0,3.5,3.5,0.0,0.0
2025-12-09T06:51+09:00,2025-12-09T06:51+09:00,0.0,4.0,4.0,0.0,0.0
2025-12-09T07:34+09:00,2025-12-09T07:35+09:00,0.0,4.8,4.8,0.0,0.0
2025-12-09T07:51+09:00,2025-12-09T07:51+09:00,0.0,5.4,5.5,0.1,0.1
2025-12-09T08:31+09:00,2025-12-09T08:31+09:00,0.0,5.9,6.1,0.2,0.2
2025-12-09T08:50+09:00,2025-12-09T08:50+09:00,0.3,5.9,6.5,0.5,0.8
2025-12-09T11:20+09:00,2025-12-09T11:20+09:00,4.4,5.9,7.0,1.0,5.4
2025-12-09T12:42+09:00,2025-12-09T12:42+09:00,9.3,5.9,7.3,1.3,10.6
2025-12-09T13:16+09:00,2025-12-09T13:16+09:00,10.4,5.9,7.4,1.4,11.8
2025-12-09T13:55+09:00,2025-12-09T13:55+09:00,10.7,5.9,7.4,1.4,12.1
2025-12-09T14:35+09:00,2025-12-09T14:35+09:00,11.0,5.9,7.5,1.6,12.6
2025-12-09T14:52+09:00,2025-12-09T14:52+09:00,11.7,5.9,7.6,1.7,13.4
2025-12-09T15:49+09:00,2025-12-09T15:49+09:00,12.4,5.9,7.8,1.8,14.2
2025-12-09T16:34+09:00,2025-12-09T16:34+09:00,12.5,6.0,7.9,1.9,14.4
2025-12-09T16:51+09:00,2025-12-09T16:51+09:00,12.5,6.1,8.0,1.9,14.4
2025-12-09T17:46+09:00,2025-12-09T17:46+09:00,12.5,6.9,8.8,1.9,14.4
2025-12-09T18:36+09:00,2025-12-09T18:36+09:00,12.5,7.5,9.4,1.9,14.4
2025-12-09T18:53+09:00,2025-12-09T18:54+09:00,12.5,8.5,10.4,1.9,14.4
2025-12-09T19:42+09:00,2025-12-09T19:42+09:00,12.5,9.4,11.3,1.9,14.4
2025-12-09T19:56+09:00,2025-12-09T19:56+09:00,12.5,9.4,11.3,1.9,14.4
2025-12-09T20:31+09:00,2025-12-09T20:31+09:00,12.5,9.9,11.8,1.9,14.4
2025-12-09T20:50+09:00,2025-12-09T20:50+09:00,12.5,10.3,12.3,1.9,14.4
2025-12-09T22:06+09:00,2025-12-09T22:06+09:00,12.5,12.6,14.5,1.9,14.4
2025-12-09T22:48+09:00,2025-12-09T22:48+09:00,12.5,14.9,16.8,1.9,14.4
2025-12-09T23:40+09:00,2025-12-09T23:40+09:00,12.5,17.6,19.5,1.9,14.4
2025-12-09T23:56+09:00,2025-12-09T23:57+09:00,12.5,17.6,19.5,1.9,14.4
2025-12-10T00:36+09:00,2025-12-10T00:37+09:00,0.0,0.8,,,
2025-12-10T00:52+09:00,2025-12-10T00:52+09:00,0.0,1.4,,,
2025-12-10T01:43+09:00,2025-12-10T01:43+09:00,0.0,2.4,2.4,0.0,0.0
2025-12-10T02:00+09:00,2025-12-10T02:01+09:00,0.0,2.4,2.4,0.0,0.0
2025-12-10T02:35+09:00,2025-12-10T02:35+09:00,0.0,2.6,2.6,0.0,0.0
2025-12-10T02:52+09:00,2025-12-10T02:53+09:00,0.0,2.7,2.7,0.0,0.0
2025-12-10T03:44+09:00,2025-12-10T03:44+09:00,0.0,2.9,2.9,0.0,0.0
2025-12-10T03:59+09:00,2025-12-10T03:59+09:00,0.0,2.9,2.9,0.0,0.0
2025-12-10T04:25+09:00,2025-12-10T04:25+09:00,0.0,3.0,3.0,0.0,0.0
2025-12-10T04:51+09:00,2025-12-10T04:51+09:00,0.0,3.2,3.2,0.0,0.0
2025-12-10T05:32+09:00,2025-12-10T05:32+09:00,0.0,3.6,3.6,0.0,0.0
2025-12-10T05:51+09:00,2025-12-10T05:51+09:00,0.0,3.9,3.9,0.0,0.0
2025-12-10T06:37+09:00,2025-12-10T06:37+09:00,0.0,4.7,4.7,0.0,0.0
2025-12-10T06:50+09:00,2025-12-10T06:50+09:00,0.0,5.8,5.8,0.0,0.0
2025-12-10T07:33+09:00,2025-12-10T07:33+09:00,0.0,7.3,7.3,0.0,0.0
2025-12-10T07:50+09:00,2025-12-10T07:50+09:00,0.0,8.7,8.8,0.1,0.1
2025-12-10T08:35+09:00,2025-12-10T08:35+09:00,,,,,
2025-12-10T08:50+09:00,2025-12-10T08:50+09:00,0.3,8.9,9.6,0.8,1.1
2025-12-10T11:22+09:00,2025-12-10T11:22+09:00,3.5,8.9,11.6,2.7,6.2
2025-12-10T12:46+09:00,2025-12-10T12:46+09:00,8.1,8.9,11.8,2.9,11.0
2025-12-10T13:46+09:00,2025-12-10T13:47+09:00,10.4,8.9,12.0,3.1,13.5
2025-12-10T14:36+09:00,2025-12-10T14:36+09:00,11.5,8.9,12.0,3.1,14.6
2025-12-10T14:53+09:00,2025-12-10T14:53+09:00,12.2,8.9,12.1,3.2,15.4
2025-12-10T15:49+09:00,2025-12-10T15:50+09:00,13.0,8.9,12.2,3.3,16.3
2025-12-10T16:35+09:00,2025-12-10T16:35+09:00,13.1,8.9,12.3,3.4,16.5
2025-12-10T16:52+09:00,2025-12-10T16:52+09:00,13.2,9.0,12.4,3.4,16.6
2025-12-10T17:45+09:00,2025-12-10T17:45+09:00,13.2,10.0,13.4,3.4,16.6
2025-12-10T18:01+09:00,2025-12-10T18:01+09:00,13.2,10.0,13.4,3.4,16.6
2025-12-10T18:38+09:00,2025-12-10T18:39+09:00,13.2,10.6,14.0,3.4,16.6
2025-12-10T18:54+09:00,2025-12-10T18:55+09:00,13.2,11.1,14.6,3.4,16.6
2025-12-10T19:42+09:00,2025-12-10T19:43+09:00,13.2,12.5,15.9,3.4,16.6
2025-12-10T19:57+09:00,2025-12-10T19:57+09:00,13.2,12.5,15.9,3.4,16.6
2025-12-10T20:30+09:00,2025-12-10T20:30+09:00,13.2,13.2,16.7,3.4,16.6
2025-12-10T20:51+09:00,2025-12-10T20:51+09:00,13.2,13.8,17.3,3.4,16.6
2025-12-10T22:07+09:00,2025-12-10T22:07+09:00,13.2,15.1,18.6,3.4,16.6
2025-12-10T22:49+09:00,2025-12-10T22:50+09:00,13.2,16.4,19.8,3.4,16.6
2025-12-10T23:42+09:00,2025-12-10T23:42+09:00,13.2,18.9,22.4,3.4,16.6
2025-12-10T23:58+09:00,2025-12-10T23:58+09:00,13.2,18.9,22.4,3.4,16.6
2025-12-11T00:38+09:00,2025-12-11T00:38+09:00,0.0,1.4,1.4,0.0,0.0
2025-12-11T00:55+09:00,2025-12-11T00:55+09:00,0.0,2.2,2.2,0.0,0.0
2025-12-11T01:45+09:00,2025-12-11T01:45+09:00,0.0,2.8,2.8,0.0,0.0
2025-12-11T02:11+09:00,2025-12-11T02:11+09:00,0.0,3.0,3.0,0.0,0.0
2025-12-11T02:38+09:00,2025-12-11T02:38+09:00,0.0,3.0,3.0,0.0,0.0
2025-12-11T02:53+09:00,2025-12-11T02:54+09:00,0.0,3.2,3.2,0.0,0.0
2025-12-11T03:47+09:00,2025-12-11T03:47+09:00,0.0,3.7,3.7,0.0,0.0
2025-12-11T04:30+09:00,2025-12-11T04:30+09:00,0.0,3.9,3.9,0.0,0.0
2025-12-11T04:50+09:00,2025-12-11T04:51+09:00,0.0,4.2,4.2,0.0,0.0
2025-12-11T05:39+09:00,2025-12-11T05:39+09:00,0.0,4.7,4.7,0.0,0.0
2025-12-11T05:56+09:00,2025-12-11T05:56+09:00,0.0,5.2,5.2,0.0,0.0
2025-12-11T06:36+09:00,2025-12-11T06:36+09:00,0.0,5.5,5.5,0.0,0.0
2025-12-11T06:51+09:00,2025-12-11T06:51+09:00,0.0,6.4,6.4,0.0,0.0
2025-12-11T07:36+09:00,2025-12-11T07:36+09:00,0.0,7.4,7.4,0.0,0.0
2025-12-11T07:52+09:00,2025-12-11T07:52+09:00,0.0,8.4,8.5,0.1,0.1
2025-12-11T08:30+09:00,2025-12-11T08:30+09:00,0.0,8.9,9.2,0.3,0.3
2025-12-11T08:50+09:00,2025-12-11T08:50+09:00,0.0,9.0,9.6,0.7,0.7
2025-12-11T11:24+09:00,2025-12-11T11:24+09:00,2.3,9.0,10.1,1.2,3.5
2025-12-11T12:48+09:00,2025-12-11T12:48+09:00,5.5,9.0,10.4,1.4,6.9
2025-12-11T13:49+09:00,2025-12-11T13:49+09:00,8.1,9.0,10.6,1.6,9.7
2025-12-11T14:39+09:00,2025-12-11T14:39+09:00,9.2,9.0,10.7,1.8,11.0
2025-12-11T14:54+09:00,2025-12-11T14:54+09:00,9.9,9.0,10.8,1.8,11.7
2025-12-11T15:51+09:00,2025-12-11T15:51+09:00,,,,,
2025-12-11T16:34+09:00,2025-12-11T16:34+09:00,10.3,9.2,11.9,2.6,12.9
2025-12-11T16:51+09:00,2025-12-11T16:51+09:00,10.3,9.5,12.2,2.7,13.0
2025-12-11T17:45+09:00,2025-12-11T17:45+09:00,10.3,10.3,13.0,2.7,13.0
2025-12-11T18:02+09:00,2025-12-11T18:02+09:00,10.3,10.3,13.0,2.7,13.0
2025-12-11T18:40+09:00,2025-12-11T18:40+09:00,10.3,11.1,13.8,2.7,13.0
2025-12-11T18:55+09:00,2025-12-11T18:55+09:00,10.3,11.8,14.5,2.7,13.0
2025-12-11T19:42+09:00,2025-12-11T19:43+09:00,10.3,12.6,15.3,2.7,13.0
2025-12-11T19:56+09:00,2025-12-11T19:57+09:00,10.3,12.6,15.3,2.7,13.0
2025-12-11T20:31+09:00,2025-12-11T20:31+09:00,10.3,13.1,15.8,2.7,13.0
2025-12-11T20:51+09:00,2025-12-11T20:51+09:00,10.3,13.7,16.4,2.7,13.0
2025-12-11T22:07+09:00,2025-12-11T22:07+09:00,10.3,15.2,18.0,2.7,13.0
2025-12-11T22:51+09:00,2025-12-11T22:51+09:00,10.3,17.1,19.8,2.7,13.0
2025-12-11T23:36+09:00,2025-12-11T23:37+09:00,10.3,18.3,21.0,2.7,13.0
2025-12-11T23:55+09:00,2025-12-11T23:55+09:00,10.3,18.7,21.4,2.7,13.0
2025-12-12T00:40+09:00,2025-12-12T00:40+09:00,0.0,0.4,0.4,0.0,0.0
2025-12-12T00:57+09:00,2025-12-12T00:57+09:00,0.0,0.4,0.4,0.0,0.0
2025-12-12T01:49+09:00,2025-12-12T01:50+09:00,0.0,0.6,0.6,0.0,0.0
2025-12-12T02:46+09:00,2025-12-12T02:46+09:00,0.0,0.8,0.8,0.0,0.0
2025-12-12T03:49+09:00,2025-12-12T03:49+09:00,0.0,1.0,1.0,0.0,0.0
2025-12-12T04:31+09:00,2025-12-12T04:31+09:00,0.0,1.1,1.1,0.0,0.0
2025-12-12T04:51+09:00,2025-12-12T04:51+09:00,0.0,1.3,1.3,0.0,0.0
2025-12-12T05:35+09:00,2025-12-12T05:35+09:00,0.0,1.7,1.7,0.0,0.0
2025-12-12T05:51+09:00,2025-12-12T05:51+09:00,0.0,2.1,2.1,0.0,0.0
2025-12-12T06:34+09:00,2025-12-12T06:34+09:00,0.0,2.4,2.4,0.0,0.0
2025-12-12T06:51+09:00,2025-12-12T06:51+09:00,0.0,2.7,2.7,0.0,0.0
2025-12-12T07:36+09:00,2025-12-12T07:36+09:00,0.0,3.9,3.9,0.0,0.0
2025-12-12T07:52+09:00,2025-12-12T07:52+09:00,0.0,4.9,5.0,0.1,0.1
2025-12-12T08:31+09:00,2025-12-12T08:31+09:00,0.0,5.3,5.6,0.3,0.3
2025-12-12T08:51+09:00,2025-12-12T08:51+09:00,0.0,5.4,6.0,0.7,0.7
2025-12-12T11:23+09:00,2025-12-12T11:23+09:00,3.2,5.4,7.1,1.7,4.9
2025-12-12T12:48+09:00,2025-12-12T12:48+09:00,5.9,5.4,7.4,2.0,7.9
2025-12-12T13:47+09:00,2025-12-12T13:47+09:00,,,,,
2025-12-12T14:37+09:00,2025-12-12T14:37+09:00,7.4,5.4,7.5,2.1,9.5
2025-12-12T14:53+09:00,2025-12-12T14:54+09:00,7.7,5.4,7.6,2.2,9.9
2025-12-12T15:50+09:00,2025-12-12T15:50+09:00,7.7,5.6,8.3,2.7,10.4
2025-12-12T16:34+09:00,2025-12-12T16:34+09:00,7.7,5.9,8.7,2.9,10.6
2025-12-12T16:51+09:00,2025-12-12T16:51+09:00,7.7,5.9,8.8,2.9,10.6
2025-12-12T17:46+09:00,2025-12-12T17:46+09:00,7.7,6.9,9.7,2.9,10.6
2025-12-12T18:38+09:00,2025-12-12T18:38+09:00,7.7,7.2,10.1,2.9,10.6
2025-12-12T18:54+09:00,2025-12-12T18:54+09:00,7.7,7.5,10.3,2.9,10.6
2025-12-12T19:40+09:00,2025-12-12T19:41+09:00,7.7,7.8,10.6,2.9,10.6
2025-12-12T19:55+09:00,2025-12-12T19:55+09:00,7.7,7.8,10.6,2.9,10.6
2025-12-12T20:32+09:00,2025-12-12T20:32+09:00,7.7,7.9,10.7,2.9,10.6
2025-12-12T20:51+09:00,2025-12-12T20:51+09:00,7.7,8.0,10.8,2.9,10.6
2025-12-12T22:04+09:00,2025-12-12T22:04+09:00,7.7,8.1,11.0,2.9,10.6
2025-12-12T22:46+09:00,2025-12-12T22:47+09:00,7.7,9.2,12.1,2.9,10.6
2025-12-12T23:32+09:00,2025-12-12T23:33+09:00,7.7,9.9,12.8,2.9,10.6
2025-12-12T23:52+09:00,2025-12-12T23:52+09:00,7.7,10.6,13.4,2.9,10.6
2025-12-13T00:36+09:00,2025-12-13T00:36+09:00,0.0,1.2,1.2,0.0,0.0
2025-12-13T00:53+09:00,2025-12-13T00:53+09:00,0.0,2.3,2.3,0.0,0.0
2025-12-13T01:42+09:00,2025-12-13T01:42+09:00,0.0,3.7,3.7,0.0,0.0
2025-12-13T01:55+09:00,2025-12-13T01:55+09:00,0.0,3.7,3.7,0.0,0.0
2025-12-13T02:34+09:00,2025-12-13T02:34+09:00,0.0,4.2,4.2,0.0,0.0
2025-12-13T02:52+09:00,2025-12-13T02:52+09:00,0.0,4.6,4.6,0.0,0.0
2025-12-13T03:47+09:00,2025-12-13T03:47+09:00,,,,,
2025-12-13T04:29+09:00,2025-12-13T04:29+09:00,0.0,5.5,5.5,0.0,0.0
2025-12-13T04:50+09:00,2025-12-13T04:51+09:00,0.0,5.8,5.8,0.0,0.0
2025-12-13T05:35+09:00,2025-12-13T05:35+09:00,0.0,6.1,6.1,0.0,0.0
2025-12-13T05:54+09:00,2025-12-13T05:54+09:00,0.0,6.5,6.5,0.0,0.0
2025-12-13T06:31+09:00,2025-12-13T06:31+09:00,0.0,7.0,7.0,0.0,0.0
2025-12-13T06:51+09:00,2025-12-13T06:51+09:00,,,,,
2025-12-13T07:35+09:00,2025-12-13T07:35+09:00,0.0,7.7,7.7,0.0,0.0
2025-12-13T07:51+09:00,2025-12-13T07:52+09:00,0.0,8.0,8.1,0.1,0.1
2025-12-13T08:30+09:00,2025-12-13T08:30+09:00,0.1,8.1,8.6,0.5,0.6
2025-12-13T08:50+09:00,2025-12-13T08:50+09:00,0.4,8.1,9.1,1.0,1.4
2025-12-13T11:16+09:00,2025-12-13T11:16+09:00,4.2,8.1,11.9,3.8,8.0
2025-12-13T12:41+09:00,2025-12-13T12:41+09:00,,,,,
2025-12-13T13:03+09:00,2025-12-13T13:03+09:00,7.5,8.1,14.0,5.9,13.4
2025-12-13T13:41+09:00,2025-12-13T13:41+09:00,9.7,8.1,15.0,6.9,16.6
2025-12-13T13:54+09:00,2025-12-13T13:54+09:00,9.7,8.1,15.0,6.9,16.6
2025-12-13T14:35+09:00,2025-12-13T14:35+09:00,10.8,8.1,15.3,7.2,18.0
2025-12-13T14:52+09:00,2025-12-13T14:52+09:00,11.4,8.1,15.6,7.5,18.9
2025-12-13T15:46+09:00,2025-12-13T15:46+09:00,11.7,8.2,16.3,8.1,19.8
2025-12-13T16:32+09:00,2025-12-13T16:32+09:00,11.7,8.3,16.5,8.2,19.9
2025-12-13T16:50+09:00,2025-12-13T16:50+09:00,11.7,8.5,16.8,8.3,20.0
2025-12-13T17:38+09:00,2025-12-13T17:38+09:00,11.7,8.9,17.2,8.3,20.0
2025-12-13T17:54+09:00,2025-12-13T17:54+09:00,11.7,9.4,17.6,8.3,20.0
2025-12-13T18:31+09:00,2025-12-13T18:31+09:00,11.7,10.5,18.8,8.3,20.0
2025-12-13T18:50+09:00,2025-12-13T18:50+09:00,11.7,11.1,19.4,8.3,20.0
2025-12-13T19:34+09:00,2025-12-13T19:35+09:00,11.7,11.6,19.9,8.3,20.0
2025-12-13T19:51+09:00,2025-12-13T19:51+09:00,11.7,12.4,20.7,8.3,20.0
2025-12-13T20:27+09:00,2025-12-13T20:27+09:00,11.7,12.8,21.1,8.3,20.0
2025-12-13T20:50+09:00,2025-12-13T20:50+09:00,11.7,13.3,21.6,8.3,20.0
2025-12-13T21:58+09:00,2025-12-13T21:58+09:00,11.7,14.2,22.5,8.3,20.0
2025-12-13T22:37+09:00,2025-12-13T22:37+09:00,11.7,15.7,24.0,8.3,20.0
2025-12-13T22:50+09:00,2025-12-13T22:51+09:00,11.7,16.9,25.1,8.3,20.0
2025-12-13T23:33+09:00,2025-12-13T23:33+09:00,11.7,17.7,26.0,8.3,20.0
2025-12-13T23:50+09:00,2025-12-13T23:50+09:00,11.7,18.5,26.7,8.3,20.0
2025-12-14T00:31+09:00,2025-12-14T00:31+09:00,0.0,0.4,0.4,0.0,0.0
2025-12-14T00:50+09:00,2025-12-14T00:50+09:00,0.0,0.6,0.6,0.0,0.0
2025-12-14T01:38+09:00,2025-12-14T01:39+09:00,0.0,0.8,0.8,0.0,0.0
2025-12-14T01:54+09:00,2025-12-14T01:54+09:00,0.0,1.0,1.0,0.0,0.0
2025-12-14T02:30+09:00,2025-12-14T02:30+09:00,0.0,1.2,1.2,0.0,0.0
2025-12-14T02:50+09:00,2025-12-14T02:50+09:00,0.0,1.5,1.5,0.0,0.0
2025-12-14T03:41+09:00,2025-12-14T03:41+09:00,0.0,2.2,2.2,0.0,0.0
2025-12-14T03:54+09:00,2025-12-14T03:54+09:00,0.0,2.2,2.2,0.0,0.0
2025-12-14T04:26+09:00,2025-12-14T04:26+09:00,0.0,2.5,2.5,0.0,0.0
2025-12-14T04:50+09:00,2025-12-14T04:51+09:00,0.0,3.0,3.0,0.0,0.0
2025-12-14T05:33+09:00,2025-12-14T05:33+09:00,0.0,3.0,3.0,0.0,0.0
2025-12-14T05:51+09:00,2025-12-14T05:51+09:00,0.0,3.1,3.1,0.0,0.0
2025-12-14T06:29+09:00,2025-12-14T06:29+09:00,,,,,
2025-12-14T06:50+09:00,2025-12-14T06:51+09:00,0.0,3.3,3.3,0.0,0.0
2025-12-14T07:33+09:00,2025-12-14T07:33+09:00,0.0,3.3,3.3,0.0,0.0
2025-12-14T07:50+09:00,2025-12-14T07:50+09:00,0.0,3.4,3.4,0.0,0.0
2025-12-14T08:30+09:00,2025-12-14T08:30+09:00,0.0,3.4,3.5,0.1,0.1
2025-12-14T08:51+09:00,2025-12-14T08:51+09:00,,,,,
2025-12-14T11:31+09:00,2025-12-14T11:31+09:00,,,,,
2025-12-14T12:51+09:00,2025-12-14T12:51+09:00,0.9,5.3,8.0,2.7,3.6
2025-12-14T13:48+09:00,2025-12-14T13:48+09:00,2.1,5.5,9.4,4.0,6.1
2025-12-14T14:35+09:00,2025-12-14T14:35+09:00,2.8,5.5,9.9,4.5,7.3
2025-12-14T14:51+09:00,2025-12-14T14:51+09:00,2.8,6.0,10.9,4.9,7.7
2025-12-14T15:45+09:00,2025-12-14T15:45+09:00,2.8,6.6,12.2,5.6,8.4
2025-12-14T15:59+09:00,2025-12-14T15:59+09:00,2.8,6.6,12.2,5.6,8.4
2025-12-14T16:30+09:00,2025-12-14T16:30+09:00,2.8,7.1,12.9,5.9,8.7
2025-12-14T16:50+09:00,2025-12-14T16:51+09:00,2.8,7.5,13.4,6.0,8.8
2025-12-14T17:39+09:00,2025-12-14T17:39+09:00,2.8,7.9,13.9,6.0,8.8
2025-12-14T17:54+09:00,2025-12-14T17:54+09:00,2.8,8.4,14.4,6.0,8.8
2025-12-14T18:32+09:00,2025-12-14T18:32+09:00,2.8,9.0,15.0,6.0,8.8
2025-12-14T18:50+09:00,2025-12-14T18:50+09:00,2.8,9.4,15.4,6.0,8.8
2025-12-14T19:35+09:00,2025-12-14T19:35+09:00,2.8,9.8,15.7,6.0,8.8
2025-12-14T19:51+09:00,2025-12-14T19:51+09:00,2.8,10.2,16.2,6.0,8.8
2025-12-14T20:27+09:00,2025-12-14T20:27+09:00,2.8,10.6,16.6,6.0,8.8
2025-12-14T20:50+09:00,2025-12-14T20:50+09:00,2.8,11.0,17.0,6.0,8.8
2025-12-14T21:58+09:00,2025-12-14T21:58+09:00,2.8,12.4,18.4,6.0,8.8
2025-12-14T22:38+09:00,2025-12-14T22:38+09:00,2.8,13.2,19.2,6.0,8.8
2025-12-14T22:51+09:00,2025-12-14T22:51+09:00,2.8,14.3,20.3,6.0,8.8
2025-12-14T23:32+09:00,2025-12-14T23:32+09:00,2.8,15.4,21.4,6.0,8.8
2025-12-14T23:50+09:00,2025-12-14T23:50+09:00,2.8,16.3,22.2,6.0,8.8
2025-12-15T00:31+09:00,2025-12-15T00:31+09:00,0.0,0.5,0.5,0.0,0.0
2025-12-15T00:50+09:00,2025-12-15T00:50+09:00,0.0,0.8,0.8,0.0,0.0
2025-12-15T01:38+09:00,2025-12-15T01:38+09:00,0.0,0.9,0.9,0.0,0.0
2025-12-15T01:54+09:00,2025-12-15T01:54+09:00,0.0,1.0,1.0,0.0,0.0
2025-12-15T02:31+09:00,2025-12-15T02:31+09:00,0.0,1.1,1.1,0.0,0.0
2025-12-15T02:50+09:00,2025-12-15T02:50+09:00,0.0,1.4,1.4,0.0,0.0
2025-12-15T03:43+09:00,2025-12-15T03:43+09:00,0.0,2.3,2.3,0.0,0.0
2025-12-15T03:56+09:00,2025-12-15T03:56+09:00,0.0,2.3,2.3,0.0,0.0
2025-12-15T04:26+09:00,2025-12-15T04:26+09:00,0.0,2.5,2.5,0.0,0.0
2025-12-15T04:50+09:00,2025-12-15T04:50+09:00,0.0,2.6,2.6,0.0,0.0
2025-12-15T05:33+09:00,2025-12-15T05:33+09:00,0.0,2.7,2.7,0.0,0.0
2025-12-15T05:51+09:00,2025-12-15T05:51+09:00,0.0,2.8,2.8,0.0,0.0
2025-12-15T06:30+09:00,2025-12-15T06:30+09:00,0.0,3.1,3.1,0.0,0.0
2025-12-15T06:50+09:00,2025-12-15T06:50+09:00,0.0,3.4,3.4,0.0,0.0
2025-12-15T07:33+09:00,2025-12-15T07:33+09:00,0.0,4.4,4.4,0.0,0.0
2025-12-15T07:50+09:00,2025-12-15T07:51+09:00,0.0,5.3,5.3,0.0,0.0
2025-12-15T08:30+09:00,2025-12-15T08:30+09:00,0.0,5.7,5.8,0.1,0.1
2025-12-15T08:50+09:00,2025-12-15T08:50+09:00,0.0,5.9,6.2,0.3,0.3
2025-12-15T11:28+09:00,2025-12-15T11:28+09:00,3.5,6.0,7.8,1.7,5.2
2025-12-15T12:57+09:00,2025-12-15T12:57+09:00,8.7,6.0,8.1,2.1,10.8
2025-12-15T13:52+09:00,2025-12-15T13:53+09:00,12.1,6.0,8.3,2.2,14.3
2025-12-15T14:42+09:00,2025-12-15T14:42+09:00,13.6,6.0,8.5,2.4,16.0
2025-12-15T14:55+09:00,2025-12-15T14:56+09:00,13.6,6.0,8.5,2.4,16.0
2025-12-15T15:51+09:00,2025-12-15T15:51+09:00,14.0,6.1,9.1,3.0,17.0
2025-12-15T16:36+09:00,2025-12-15T16:36+09:00,14.0,6.2,9.4,3.2,17.2
2025-12-15T16:52+09:00,2025-12-15T16:52+09:00,14.0,6.4,9.7,3.3,17.3
2025-12-15T17:48+09:00,2025-12-15T17:49+09:00,14.0,7.3,10.6,3.3,17.3
2025-12-15T18:46+09:00,2025-12-15T18:47+09:00,14.0,9.2,12.5,3.3,17.3
2025-12-15T19:46+09:00,2025-12-15T19:46+09:00,14.0,10.1,13.4,3.3,17.3
2025-12-15T20:32+09:00,2025-12-15T20:32+09:00,14.0,10.7,13.9,3.3,17.3
2025-12-15T20:51+09:00,2025-12-15T20:51+09:00,14.0,11.6,14.9,3.3,17.3
2025-12-15T22:09+09:00,2025-12-15T22:09+09:00,14.0,13.9,17.2,3.3,17.3
2025-12-15T22:52+09:00,2025-12-15T22:52+09:00,14.0,16.3,19.6,3.3,17.3
2025-12-15T23:45+09:00,2025-12-15T23:45+09:00,14.0,18.4,21.7,3.3,17.3
2025-12-16T00:39+09:00,2025-12-16T00:39+09:00,0.0,0.5,0.5,0.0,0.0
2025-12-16T00:57+09:00,2025-12-16T00:57+09:00,0.0,0.9,0.9,0.0,0.0
2025-12-16T01:49+09:00,2025-12-16T01:49+09:00,0.0,1.2,1.2,0.0,0.0
2025-12-16T02:39+09:00,2025-12-16T02:40+09:00,0.0,1.3,1.3,0.0,0.0
2025-12-16T02:55+09:00,2025-12-16T02:55+09:00,,,,,
2025-12-16T03:49+09:00,2025-12-16T03:49+09:00,0.0,2.5,2.5,0.0,0.0
2025-12-16T04:31+09:00,2025-12-16T04:31+09:00,0.0,2.6,2.6,0.0,0.0
2025-12-16T04:50+09:00,2025-12-16T04:50+09:00,0.0,2.7,2.7,0.0,0.0
2025-12-16T05:37+09:00,2025-12-16T05:37+09:00,0.0,3.0,3.0,0.0,0.0
2025-12-16T05:55+09:00,2025-12-16T05:55+09:00,0.0,3.2,3.2,0.0,0.0
2025-12-16T06:33+09:00,2025-12-16T06:33+09:00,,,,,
2025-12-16T06:51+09:00,2025-12-16T06:51+09:00,0.0,5.4,5.4,0.0,0.0
2025-12-16T07:35+09:00,2025-12-16T07:35+09:00,0.0,6.7,6.7,0.0,0.0
2025-12-16T07:53+09:00,2025-12-16T07:53+09:00,0.0,7.8,7.8,0.0,0.0
2025-12-16T08:32+09:00,2025-12-16T08:32+09:00,0.0,8.3,8.7,0.4,0.4
2025-12-16T08:53+09:00,2025-12-16T08:54+09:00,0.4,8.3,9.0,0.7,1.1
2025-12-16T11:24+09:00,2025-12-16T11:24+09:00,5.3,8.3,10.5,2.2,7.5
2025-12-16T12:49+09:00,2025-12-16T12:49+09:00,10.2,8.3,10.8,2.5,12.7
2025-12-16T13:48+09:00,2025-12-16T13:48+09:00,13.1,8.3,10.9,2.6,15.7
2025-12-16T14:38+09:00,2025-12-16T14:38+09:00,14.3,8.3,11.0,2.7,17.0
2025-12-16T14:53+09:00,2025-12-16T14:54+09:00,15.2,8.3,11.1,2.7,17.9
2025-12-16T15:51+09:00,2025-12-16T15:51+09:00,15.4,8.5,11.8,3.3,18.7
2025-12-16T16:34+09:00,2025-12-16T16:34+09:00,15.4,8.6,12.1,3.5,18.9
2025-12-16T16:52+09:00,2025-12-16T16:52+09:00,15.4,8.6,12.2,3.6,19.0
2025-12-16T17:47+09:00,2025-12-16T17:47+09:00,15.4,9.2,12.8,3.6,19.0
2025-12-16T18:40+09:00,2025-12-16T18:40+09:00,15.4,9.6,13.2,3.6,19.0
2025-12-16T18:55+09:00,2025-12-16T18:55+09:00,15.4,10.1,13.7,3.6,19.0
2025-12-16T19:43+09:00,2025-12-16T19:43+09:00,15.4,11.1,14.7,3.6,19.0
2025-12-16T19:58+09:00,2025-12-16T19:58+09:00,15.4,11.1,14.7,3.6,19.0
2025-12-16T20:32+09:00,2025-12-16T20:32+09:00,15.4,11.6,15.2,3.6,19.0
2025-12-16T20:51+09:00,2025-12-16T20:51+09:00,15.4,12.1,15.7,3.6,19.0
2025-12-16T22:06+09:00,2025-12-16T22:07+09:00,15.4,13.3,16.9,3.6,19.0
2025-12-16T22:50+09:00,2025-12-16T22:50+09:00,15.4,16.0,19.6,3.6,19.0
2025-12-16T23:44+09:00,2025-12-16T23:44+09:00,15.4,18.0,21.6,3.6,19.0
2025-12-16T23:59+09:00,2025-12-16T23:59+09:00,15.4,18.0,21.6,3.6,19.0
2025-12-17T00:37+09:00,2025-12-17T00:37+09:00,0.0,0.7,,,
2025-12-17T00:54+09:00,2025-12-17T00:54+09:00,0.0,0.9,,,
2025-12-17T01:47+09:00,2025-12-17T01:47+09:00,0.0,1.4,1.4,0.0,0.0
2025-12-17T02:38+09:00,2025-12-17T02:39+09:00,0.0,1.5,1.5,0.0,0.0
2025-12-17T02:54+09:00,2025-12-17T02:55+09:00,0.0,1.8,1.8,0.0,0.0
2025-12-17T03:48+09:00,2025-12-17T03:48+09:00,0.0,1.9,1.9,0.0,0.0
2025-12-17T04:30+09:00,2025-12-17T04:30+09:00,0.0,2.0,2.0,0.0,0.0
2025-12-17T04:51+09:00,2025-12-17T04:51+09:00,,,,,
2025-12-17T05:37+09:00,2025-12-17T05:37+09:00,0.0,2.1,2.1,0.0,0.0
2025-12-17T05:54+09:00,2025-12-17T05:54+09:00,0.0,2.3,2.3,0.0,0.0
2025-12-17T06:33+09:00,2025-12-17T06:33+09:00,0.0,2.6,2.6,0.0,0.0
2025-12-17T06:51+09:00,2025-12-17T06:51+09:00,0.0,3.1,3.1,0.0,0.0
2025-12-17T07:33+09:00,2025-12-17T07:34+09:00,0.0,4.8,4.8,0.0,0.0
2025-12-17T07:52+09:00,2025-12-17T07:52+09:00,0.0,5.8,5.9,0.1,0.1
2025-12-17T08:32+09:00,2025-12-17T08:32+09:00,0.0,6.2,6.4,0.2,0.2
2025-12-17T08:50+09:00,2025-12-17T08:51+09:00,0.2,6.4,6.9,0.5,0.7
2025-12-17T11:19+09:00,2025-12-17T11:19+09:00,2.8,6.7,9.5,2.8,5.6
2025-12-17T12:45+09:00,2025-12-17T12:45+09:00,4.9,6.7,9.8,3.1,8.0
2025-12-17T13:21+09:00,2025-12-17T13:21+09:00,5.3,6.7,9.8,3.1,8.4
2025-12-17T13:59+09:00,2025-12-17T13:59+09:00,5.7,6.7,10.0,3.3,9.0
2025-12-17T14:38+09:00,2025-12-17T14:38+09:00,6.0,6.7,10.1,3.4,9.4
2025-12-17T14:53+09:00,2025-12-17T14:54+09:00,6.1,6.7,10.1,3.4,9.5
2025-12-17T15:49+09:00,2025-12-17T15:50+09:00,6.1,7.2,10.7,3.5,9.6
2025-12-17T16:34+09:00,2025-12-17T16:34+09:00,6.1,7.3,10.9,3.6,9.7
2025-12-17T16:51+09:00,2025-12-17T16:52+09:00,6.1,7.5,11.1,3.6,9.7
2025-12-17T17:46+09:00,2025-12-17T17:47+09:00,6.1,8.7,12.3,3.6,9.7
2025-12-17T18:41+09:00,2025-12-17T18:41+09:00,6.1,10.4,14.0,3.6,9.7
2025-12-17T18:56+09:00,2025-12-17T18:56+09:00,6.1,10.4,14.0,3.6,9.7
2025-12-17T19:43+09:00,2025-12-17T19:43+09:00,6.1,11.7,15.3,3.6,9.7
2025-12-17T19:57+09:00,2025-12-17T19:57+09:00,6.1,11.7,15.3,3.6,9.7
2025-12-17T20:32+09:00,2025-12-17T20:32+09:00,6.1,12.2,15.8,3.6,9.7
2025-12-17T20:51+09:00,2025-12-17T20:51+09:00,6.1,12.7,16.3,3.6,9.7
2025-12-17T22:06+09:00,2025-12-17T22:06+09:00,6.1,14.2,17.8,3.6,9.7
2025-12-17T22:46+09:00,2025-12-17T22:46+09:00,6.1,16.2,19.8,3.6,9.7
2025-12-17T23:41+09:00,2025-12-17T23:41+09:00,6.1,18.1,21.7,3.6,9.7
2025-12-17T23:58+09:00,2025-12-17T23:58+09:00,6.1,18.1,21.7,3.6,9.7
2025-12-18T00:38+09:00,2025-12-18T00:38+09:00,0.0,0.5,0.5,0.0,0.0
2025-12-18T00:57+09:00,2025-12-18T00:57+09:00,0.0,1.0,1.0,0.0,0.0
2025-12-18T01:47+09:00,2025-12-18T01:47+09:00,0.0,1.5,1.5,0.0,0.0
2025-12-18T02:38+09:00,2025-12-18T02:38+09:00,0.0,1.6,1.6,0.0,0.0
2025-12-18T02:54+09:00,2025-12-18T02:54+09:00,0.0,2.0,2.0,0.0,0.0
2025-12-18T03:49+09:00,2025-12-18T03:49+09:00,0.0,2.2,2.2,0.0,0.0
2025-12-18T04:30+09:00,2025-12-18T04:30+09:00,0.0,2.3,2.3,0.0,0.0
2025-12-18T04:51+09:00,2025-12-18T04:51+09:00,0.0,2.4,2.4,0.0,0.0
2025-12-18T05:38+09:00,2025-12-18T05:38+09:00,0.0,2.5,2.5,0.0,0.0
2025-12-18T05:54+09:00,2025-12-18T05:54+09:00,0.0,2.6,2.6,0.0,0.0
2025-12-18T06:33+09:00,2025-12-18T06:33+09:00,0.0,3.4,3.4,0.0,0.0
2025-12-18T06:51+09:00,2025-12-18T06:51+09:00,0.0,4.0,4.0,0.0,0.0
2025-12-18T07:36+09:00,2025-12-18T07:36+09:00,0.0,5.0,5.0,0.0,0.0
2025-12-18T07:52+09:00,2025-12-18T07:52+09:00,0.0,6.0,6.0,0.0,0.0
2025-12-18T08:32+09:00,2025-12-18T08:32+09:00,0.0,6.5,6.8,0.3,0.3
2025-12-18T08:51+09:00,2025-12-18T08:51+09:00,0.5,6.6,7.0,0.5,1.0
2025-12-18T11:20+09:00,2025-12-18T11:20+09:00,3.6,6.7,9.5,2.9,6.5
2025-12-18T12:45+09:00,2025-12-18T12:45+09:00,6.6,6.7,9.9,3.2,9.8
2025-12-18T13:47+09:00,2025-12-18T13:47+09:00,8.3,6.7,10.0,3.4,11.7
2025-12-18T14:38+09:00,2025-12-18T14:38+09:00,,,,,
2025-12-18T14:54+09:00,2025-12-18T14:54+09:00,10.5,6.7,10.2,3.5,14.0
2025-12-18T15:49+09:00,2025-12-18T15:49+09:00,10.9,6.7,10.9,4.1,15.0
2025-12-18T16:34+09:00,2025-12-18T16:34+09:00,11.0,6.7,10.9,4.1,15.1
2025-12-18T16:51+09:00,2025-12-18T16:51+09:00,11.0,6.8,11.1,4.2,15.2
2025-12-18T17:46+09:00,2025-12-18T17:46+09:00,11.0,7.6,11.8,4.2,15.2
2025-12-18T18:41+09:00,2025-12-18T18:41+09:00,11.0,9.1,13.3,4.2,15.2
2025-12-18T18:56+09:00,2025-12-18T18:56+09:00,11.0,9.1,13.3,4.2,15.2
2025-12-18T19:41+09:00,2025-12-18T19:42+09:00,11.0,9.7,14.0,4.2,15.2
2025-12-18T19:55+09:00,2025-12-18T19:55+09:00,11.0,9.7,14.0,4.2,15.2
2025-12-18T20:31+09:00,2025-12-18T20:31+09:00,11.0,10.2,14.5,4.2,15.2
2025-12-18T20:51+09:00,2025-12-18T20:51+09:00,11.0,10.8,15.1,4.2,15.2
2025-12-18T22:04+09:00,2025-12-18T22:04+09:00,,,,,
2025-12-18T22:49+09:00,2025-12-18T22:49+09:00,11.0,14.0,18.3,4.2,15.2
2025-12-18T23:40+09:00,2025-12-18T23:40+09:00,11.0,14.8,19.0,4.2,15.2
2025-12-18T23:56+09:00,2025-12-18T23:56+09:00,11.0,14.8,19.0,4.2,15.2
2025-12-19T00:37+09:00,2025-12-19T00:37+09:00,0.0,0.3,0.3,0.0,0.0
2025-12-19T00:55+09:00,2025-12-19T00:55+09:00,0.0,0.7,0.7,0.0,0.0
2025-12-19T01:47+09:00,2025-12-19T01:47+09:00,0.0,1.2,1.2,0.0,0.0
2025-12-19T02:38+09:00,2025-12-19T02:38+09:00,0.0,1.5,1.5,0.0,0.0
2025-12-19T02:54+09:00,2025-12-19T02:54+09:00,0.0,2.2,2.2,0.0,0.0
2025-12-19T03:48+09:00,2025-12-19T03:48+09:00,0.0,3.1,3.1,0.0,0.0
2025-12-19T04:27+09:00,2025-12-19T04:27+09:00,0.0,3.2,3.2,0.0,0.0
2025-12-19T04:51+09:00,2025-12-19T04:51+09:00,0.0,3.5,3.5,0.0,0.0
2025-12-19T05:33+09:00,2025-12-19T05:33+09:00,0.0,4.0,4.0,0.0,0.0
2025-12-19T05:53+09:00,2025-12-19T05:53+09:00,0.0,4.2,4.2,0.0,0.0
2025-12-19T06:29+09:00,2025-12-19T06:29+09:00,,,,,
2025-12-19T06:50+09:00,2025-12-19T06:51+09:00,0.0,6.0,6.0,0.0,0.0
2025-12-19T07:35+09:00,2025-12-19T07:35+09:00,0.0,7.4,7.4,0.0,0.0
2025-12-19T07:52+09:00,2025-12-19T07:52+09:00,0.0,9.4,9.4,0.0,0.0
2025-12-19T08:31+09:00,2025-12-19T08:31+09:00,0.0,10.1,10.5,0.4,0.4
2025-12-19T08:51+09:00,2025-12-19T08:51+09:00,,,,,
2025-12-19T11:23+09:00,2025-12-19T11:23+09:00,4.6,10.2,13.4,3.1,7.7
2025-12-19T12:48+09:00,2025-12-19T12:48+09:00,9.5,10.2,13.6,3.4,12.9
2025-12-19T13:48+09:00,2025-12-19T13:48+09:00,12.1,10.2,13.8,3.6,15.7
2025-12-19T14:37+09:00,2025-12-19T14:37+09:00,13.1,10.2,13.9,3.6,16.7
2025-12-19T14:53+09:00,2025-12-19T14:53+09:00,13.9,10.2,14.0,3.8,17.7
2025-12-19T15:48+09:00,2025-12-19T15:48+09:00,14.9,10.2,14.3,4.0,18.9
2025-12-19T16:33+09:00,2025-12-19T16:34+09:00,14.9,10.3,14.6,4.2,19.1
2025-12-19T16:50+09:00,2025-12-19T16:50+09:00,14.9,10.6,15.0,4.4,19.3
2025-12-19T17:45+09:00,2025-12-19T17:45+09:00,14.9,10.9,15.4,4.4,19.3
2025-12-19T18:01+09:00,2025-12-19T18:01+09:00,14.9,10.9,15.4,4.4,19.3
2025-12-19T18:37+09:00,2025-12-19T18:37+09:00,14.9,11.4,15.8,4.4,19.3
2025-12-19T18:54+09:00,2025-12-19T18:54+09:00,14.9,11.7,16.1,4.4,19.3
2025-12-19T19:39+09:00,2025-12-19T19:39+09:00,14.9,12.0,16.4,4.4,19.3
2025-12-19T19:55+09:00,2025-12-19T19:55+09:00,14.9,12.3,16.7,4.4,19.3
2025-12-19T20:30+09:00,2025-12-19T20:30+09:00,14.9,12.5,17.0,4.4,19.3
2025-12-19T20:51+09:00,2025-12-19T20:51+09:00,14.9,12.8,17.3,4.4,19.3
2025-12-19T22:03+09:00,2025-12-19T22:03+09:00,14.9,13.5,17.9,4.4,19.3
2025-12-19T22:45+09:00,2025-12-19T22:45+09:00,14.9,14.3,18.8,4.4,19.3
2025-12-19T22:57+09:00,2025-12-19T22:57+09:00,14.9,14.3,18.8,4.4,19.3
2025-12-19T23:37+09:00,2025-12-19T23:37+09:00,14.9,15.0,19.4,4.4,19.3
2025-12-19T23:55+09:00,2025-12-19T23:55+09:00,14.9,15.6,20.0,4.4,19.3
2025-12-20T00:35+09:00,2025-12-20T00:35+09:00,0.0,1.0,1.0,0.0,0.0
2025-12-20T00:53+09:00,2025-12-20T00:53+09:00,0.0,1.6,1.6,0.0,0.0
2025-12-20T01:43+09:00,2025-12-20T01:43+09:00,0.0,1.8,1.8,0.0,0.0
2025-12-20T01:59+09:00,2025-12-20T01:59+09:00,0.0,1.8,1.8,0.0,0.0
2025-12-20T02:31+09:00,2025-12-20T02:31+09:00,0.0,1.9,1.9,0.0,0.0
2025-12-20T02:50+09:00,2025-12-20T02:51+09:00,0.0,2.3,2.3,0.0,0.0
2025-12-20T03:46+09:00,2025-12-20T03:46+09:00,0.0,2.5,2.5,0.0,0.0
2025-12-20T04:25+09:00,2025-12-20T04:28+09:00,0.0,2.6,2.6,0.0,0.0
2025-12-20T04:50+09:00,2025-12-20T04:50+09:00,0.0,2.7,2.7,0.0,0.0
2025-12-20T05:35+09:00,2025-12-20T05:35+09:00,0.0,3.0,3.0,0.0,0.0
2025-12-20T05:53+09:00,2025-12-20T05:53+09:00,,,,,
2025-12-20T06:31+09:00,2025-12-20T06:31+09:00,0.0,3.3,3.3,0.0,0.0
2025-12-20T06:50+09:00,2025-12-20T06:50+09:00,0.0,3.4,3.4,0.0,0.0
2025-12-20T07:34+09:00,2025-12-20T07:34+09:00,0.0,3.8,3.8,0.0,0.0
2025-12-20T07:52+09:00,2025-12-20T07:52+09:00,0.0,4.1,4.1,0.0,0.0
2025-12-20T08:30+09:00,2025-12-20T08:31+09:00,0.0,4.1,4.2,0.1,0.1
2025-12-20T08:50+09:00,2025-12-20T08:50+09:00,0.4,4.1,4.4,0.2,0.6
2025-12-20T11:16+09:00,2025-12-20T11:16+09:00,3.1,4.2,6.7,2.5,5.6
2025-12-20T12:40+09:00,2025-12-20T12:40+09:00,6.9,4.3,8.2,3.9,10.8
2025-12-20T13:03+09:00,2025-12-20T13:03+09:00,6.9,4.3,8.2,3.9,10.8
2025-12-20T13:41+09:00,2025-12-20T13:41+09:00,8.3,4.3,9.2,4.8,13.1
2025-12-20T13:54+09:00,2025-12-20T13:55+09:00,8.3,4.3,9.2,4.8,13.1
2025-12-20T14:34+09:00,2025-12-20T14:34+09:00,9.2,4.3,9.6,5.2,14.4
2025-12-20T14:53+09:00,2025-12-20T14:54+09:00,9.7,4.3,10.0,5.7,15.4
2025-12-20T15:46+09:00,2025-12-20T15:46+09:00,10.2,4.4,10.7,6.2,16.4
2025-12-20T16:29+09:00,2025-12-20T16:29+09:00,10.2,4.7,11.1,6.4,16.6
2025-12-20T16:50+09:00,2025-12-20T16:50+09:00,10.2,5.0,11.6,6.5,16.7
2025-12-20T17:39+09:00,2025-12-20T17:39+09:00,,,,,
2025-12-20T17:55+09:00,2025-12-20T17:55+09:00,10.2,6.1,12.7,6.5,16.7
2025-12-20T18:31+09:00,2025-12-20T18:31+09:00,10.2,6.9,13.5,6.5,16.7
2025-12-20T18:50+09:00,2025-12-20T18:50+09:00,10.2,7.3,13.8,6.5,16.7
2025-12-20T19:35+09:00,2025-12-20T19:35+09:00,10.2,7.6,14.2,6.5,16.7
2025-12-20T19:51+09:00,2025-12-20T19:51+09:00,10.2,8.0,14.6,6.5,16.7
2025-12-20T20:27+09:00,2025-12-20T20:27+09:00,10.2,8.5,15.1,6.5,16.7
2025-12-20T20:51+09:00,2025-12-20T20:51+09:00,10.2,9.1,15.6,6.5,16.7
2025-12-20T21:58+09:00,2025-12-20T21:58+09:00,10.2,10.6,17.1,6.5,16.7
2025-12-20T22:37+09:00,2025-12-20T22:37+09:00,10.2,11.6,18.2,6.5,16.7
2025-12-20T22:50+09:00,2025-12-20T22:51+09:00,10.2,12.3,18.9,6.5,16.7
2025-12-20T23:32+09:00,2025-12-20T23:32+09:00,10.2,13.0,19.5,6.5,16.7
2025-12-20T23:51+09:00,2025-12-20T23:51+09:00,10.2,13.5,20.0,6.5,16.7
2025-12-21T00:31+09:00,2025-12-21T00:31+09:00,0.0,0.1,0.1,0.0,0.0
2025-12-21T00:50+09:00,2025-12-21T00:50+09:00,0.0,0.3,0.3,0.0,0.0
2025-12-21T01:37+09:00,2025-12-21T01:38+09:00,0.0,0.4,0.4,0.0,0.0
2025-12-21T01:52+09:00,2025-12-21T01:53+09:00,0.0,0.5,0.5,0.0,0.0
2025-12-21T02:30+09:00,2025-12-21T02:30+09:00,0.0,0.6,0.6,0.0,0.0
2025-12-21T02:50+09:00,2025-12-21T02:50+09:00,0.0,0.9,0.9,0.0,0.0
2025-12-21T03:40+09:00,2025-12-21T03:40+09:00,0.0,1.1,1.1,0.0,0.0
2025-12-21T03:53+09:00,2025-12-21T03:54+09:00,0.0,1.1,1.1,0.0,0.0
2025-12-21T04:26+09:00,2025-12-21T04:26+09:00,0.0,1.2,1.2,0.0,0.0
2025-12-21T04:50+09:00,2025-12-21T04:50+09:00,0.0,1.3,1.3,0.0,0.0
2025-12-21T05:32+09:00,2025-12-21T05:32+09:00,0.0,1.4,1.4,0.0,0.0
2025-12-21T05:50+09:00,2025-12-21T05:51+09:00,0.0,1.6,1.6,0.0,0.0
2025-12-21T06:28+09:00,2025-12-21T06:28+09:00,0.0,1.9,1.9,0.0,0.0
2025-12-21T06:50+09:00,2025-12-21T06:50+09:00,0.0,2.1,2.1,0.0,0.0
2025-12-21T07:33+09:00,2025-12-21T07:33+09:00,0.0,2.2,2.2,0.0,0.0
2025-12-21T07:50+09:00,2025-12-21T07:50+09:00,0.0,2.5,2.5,0.0,0.0
2025-12-21T08:25+09:00,2025-12-21T08:30+09:00,0.0,2.6,2.6,0.0,0.0
2025-12-21T08:50+09:00,2025-12-21T08:50+09:00,0.0,2.6,2.6,0.0,0.0
2025-12-21T11:30+09:00,2025-12-21T11:30+09:00,0.0,4.6,5.4,0.8,0.8
2025-12-21T12:51+09:00,2025-12-21T12:52+09:00,0.1,5.8,7.0,1.2,1.3
2025-12-21T13:49+09:00,2025-12-21T13:49+09:00,0.2,5.9,7.5,1.5,1.7
2025-12-21T14:35+09:00,2025-12-21T14:35+09:00,0.2,5.9,7.5,1.6,1.8
2025-12-21T14:52+09:00,2025-12-21T14:52+09:00,0.2,6.0,7.7,1.7,1.9
2025-12-21T15:46+09:00,2025-12-21T15:46+09:00,0.2,6.4,8.2,1.8,2.0
2025-12-21T16:31+09:00,2025-12-21T16:31+09:00,0.2,7.0,8.8,1.8,2.0
2025-12-21T16:50+09:00,2025-12-21T16:51+09:00,0.2,7.6,9.4,1.8,2.0
2025-12-21T17:39+09:00,2025-12-21T17:39+09:00,0.2,8.0,9.8,1.8,2.0
2025-12-21T17:55+09:00,2025-12-21T17:55+09:00,0.2,8.4,10.2,1.8,2.0
2025-12-21T18:32+09:00,2025-12-21T18:32+09:00,0.2,8.8,10.6,1.8,2.0
2025-12-21T18:50+09:00,2025-12-21T18:50+09:00,0.2,9.2,11.0,1.8,2.0
2025-12-21T19:35+09:00,2025-12-21T19:36+09:00,0.2,9.9,11.7,1.8,2.0
2025-12-21T19:52+09:00,2025-12-21T19:52+09:00,0.2,10.7,12.5,1.8,2.0
2025-12-21T20:28+09:00,2025-12-21T20:28+09:00,,,,,
2025-12-21T20:50+09:00,2025-12-21T20:50+09:00,0.2,11.8,13.6,1.8,2.0
2025-12-21T21:58+09:00,2025-12-21T21:58+09:00,0.2,12.7,14.5,1.8,2.0
2025-12-21T22:39+09:00,2025-12-21T22:39+09:00,0.2,13.3,15.1,1.8,2.0
2025-12-21T22:51+09:00,2025-12-21T22:51+09:00,0.2,13.8,15.6,1.8,2.0
2025-12-21T23:33+09:00,2025-12-21T23:33+09:00,0.2,14.5,16.3,1.8,2.0
2025-12-21T23:50+09:00,2025-12-21T23:51+09:00,0.2,15.2,17.0,1.8,2.0
2025-12-22T00:31+09:00,2025-12-22T00:31+09:00,0.0,0.7,0.7,0.0,0.0
2025-12-22T00:50+09:00,2025-12-22T00:50+09:00,0.0,0.9,0.9,0.0,0.0
2025-12-22T01:38+09:00,2025-12-22T01:38+09:00,0.0,1.2,1.2,0.0,0.0
2025-12-22T01:54+09:00,2025-12-22T01:54+09:00,0.0,1.3,1.3,0.0,0.0
2025-12-22T02:31+09:00,2025-12-22T02:31+09:00,0.0,1.4,1.4,0.0,0.0
2025-12-22T02:50+09:00,2025-12-22T02:50+09:00,0.0,1.5,1.5,0.0,0.0
2025-12-22T03:43+09:00,2025-12-22T03:43+09:00,0.0,1.6,1.6,0.0,0.0
2025-12-22T03:57+09:00,2025-12-22T03:57+09:00,0.0,1.6,1.6,0.0,0.0
2025-12-22T04:26+09:00,2025-12-22T04:26+09:00,0.0,2.0,2.0,0.0,0.0
2025-12-22T04:50+09:00,2025-12-22T04:50+09:00,0.0,2.4,2.4,0.0,0.0
2025-12-22T05:33+09:00,2025-12-22T05:34+09:00,0.0,2.5,2.5,0.0,0.0
2025-12-22T05:51+09:00,2025-12-22T05:51+09:00,0.0,2.6,2.6,0.0,0.0
2025-12-22T06:29+09:00,2025-12-22T06:30+09:00,0.0,3.0,3.0,0.0,0.0
2025-12-22T06:50+09:00,2025-12-22T06:51+09:00,0.0,3.3,3.3,0.0,0.0
2025-12-22T07:34+09:00,2025-12-22T07:34+09:00,0.0,4.2,4.2,0.0,0.0
2025-12-22T07:51+09:00,2025-12-22T07:51+09:00,0.0,4.6,4.7,0.1,0.1
2025-12-22T08:30+09:00,2025-12-22T08:30+09:00,0.0,5.0,5.2,0.2,0.2
2025-12-22T08:50+09:00,2025-12-22T08:51+09:00,0.0,5.3,5.6,0.3,0.3
2025-12-22T11:29+09:00,2025-12-22T11:30+09:00,1.3,5.5,6.9,1.4,2.7
2025-12-22T12:57+09:00,2025-12-22T12:57+09:00,2.6,5.5,7.3,1.8,4.4
2025-12-22T13:52+09:00,2025-12-22T13:52+09:00,3.6,5.5,7.5,2.0,5.6
2025-12-22T14:39+09:00,2025-12-22T14:39+09:00,4.2,5.5,7.6,2.1,6.3
2025-12-22T14:53+09:00,2025-12-22T14:53+09:00,4.5,5.5,7.9,2.4,6.9
2025-12-22T15:51+09:00,2025-12-22T15:51+09:00,5.0,5.5,8.4,2.8,7.8
2025-12-22T16:35+09:00,2025-12-22T16:35+09:00,5.0,5.7,8.8,3.0,8.0
2025-12-22T16:52+09:00,2025-12-22T16:52+09:00,5.0,6.1,9.2,3.1,8.1
2025-12-22T17:46+09:00,2025-12-22T17:46+09:00,5.0,7.1,10.3,3.1,8.1
2025-12-22T18:43+09:00,2025-12-22T18:43+09:00,5.0,7.7,10.8,3.1,8.1
2025-12-22T18:57+09:00,2025-12-22T18:58+09:00,5.0,7.7,10.8,3.1,8.1
2025-12-22T19:40+09:00,2025-12-22T19:40+09:00,5.0,8.1,11.2,3.1,8.1
2025-12-22T19:54+09:00,2025-12-22T19:55+09:00,5.0,8.5,11.7,3.1,8.1
2025-12-22T20:30+09:00,2025-12-22T20:30+09:00,5.0,9.2,12.3,3.1,8.1
2025-12-22T20:50+09:00,2025-12-22T20:51+09:00,5.0,9.8,13.0,3.1,8.1
2025-12-22T22:03+09:00,2025-12-22T22:03+09:00,5.0,11.3,14.4,3.1,8.1
2025-12-22T22:46+09:00,2025-12-22T22:46+09:00,5.0,14.1,17.3,3.1,8.1
2025-12-22T23:36+09:00,2025-12-22T23:36+09:00,5.0,15.3,18.4,3.1,8.1
2025-12-22T23:53+09:00,2025-12-22T23:54+09:00,5.0,16.1,19.3,3.1,8.1
2025-12-23T00:35+09:00,2025-12-23T00:35+09:00,0.0,0.7,0.7,0.0,0.0
2025-12-23T00:53+09:00,2025-12-23T00:53+09:00,0.0,0.9,0.9,0.0,0.0
2025-12-23T01:43+09:00,2025-12-23T01:43+09:00,0.0,1.1,1.1,0.0,0.0
2025-12-23T01:59+09:00,2025-12-23T01:59+09:00,0.0,1.1,1.1,0.0,0.0
2025-12-23T02:33+09:00,2025-12-23T02:33+09:00,0.0,1.2,1.2,0.0,0.0
2025-12-23T02:51+09:00,2025-12-23T02:51+09:00,0.0,1.3,1.3,0.0,0.0
2025-12-23T03:47+09:00,2025-12-23T03:47+09:00,,,,,
2025-12-23T04:29+09:00,2025-12-23T04:29+09:00,0.0,1.9,1.9,0.0,0.0
2025-12-23T04:50+09:00,2025-12-23T04:50+09:00,0.0,2.3,2.3,0.0,0.0
2025-12-23T05:35+09:00,2025-12-23T05:35+09:00,0.0,2.4,2.4,0.0,0.0
2025-12-23T05:54+09:00,2025-12-23T05:54+09:00,0.0,2.6,2.6,0.0,0.0
2025-12-23T06:30+09:00,2025-12-23T06:31+09:00,0.0,3.8,3.8,0.0,0.0
2025-12-23T06:51+09:00,2025-12-23T06:51+09:00,,,,,
2025-12-23T07:35+09:00,2025-12-23T07:36+09:00,0.0,5.8,5.8,0.0,0.0
2025-12-23T07:53+09:00,2025-12-23T07:53+09:00,0.0,6.8,6.8,0.0,0.0
2025-12-23T08:31+09:00,2025-12-23T08:31+09:00,0.0,7.0,7.4,0.4,0.4
2025-12-23T08:51+09:00,2025-12-23T08:51+09:00,0.5,7.0,7.6,0.6,1.1
2025-12-23T11:25+09:00,2025-12-23T11:25+09:00,4.4,7.0,9.9,2.9,7.3
2025-12-23T12:51+09:00,2025-12-23T12:51+09:00,9.3,7.0,10.2,3.2,12.5
2025-12-23T13:50+09:00,2025-12-23T13:50+09:00,12.2,7.0,10.4,3.4,15.6
2025-12-23T14:40+09:00,2025-12-23T14:41+09:00,14.2,7.0,10.6,3.6,17.8
2025-12-23T14:54+09:00,2025-12-23T14:54+09:00,14.2,7.0,10.6,3.6,17.8
2025-12-23T15:50+09:00,2025-12-23T15:51+09:00,15.0,7.0,10.8,3.8,18.8
2025-12-23T16:35+09:00,2025-12-23T16:35+09:00,15.1,7.0,10.9,3.9,19.0
2025-12-23T16:52+09:00,2025-12-23T16:52+09:00,15.2,7.0,11.0,4.0,19.2
2025-12-23T17:45+09:00,2025-12-23T17:46+09:00,15.2,7.8,11.8,4.0,19.2
2025-12-23T18:39+09:00,2025-12-23T18:39+09:00,15.2,9.1,13.1,4.0,19.2
2025-12-23T18:54+09:00,2025-12-23T18:54+09:00,15.2,9.7,13.7,4.0,19.2
2025-12-23T19:41+09:00,2025-12-23T19:41+09:00,15.2,10.4,14.4,4.0,19.2
2025-12-23T19:55+09:00,2025-12-23T19:55+09:00,15.2,10.4,14.4,4.0,19.2
2025-12-23T20:31+09:00,2025-12-23T20:31+09:00,15.2,10.6,14.6,4.0,19.2
2025-12-23T20:51+09:00,2025-12-23T20:51+09:00,15.2,10.8,14.9,4.0,19.2
2025-12-23T22:05+09:00,2025-12-23T22:05+09:00,15.2,12.1,16.1,4.0,19.2
2025-12-23T22:48+09:00,2025-12-23T22:48+09:00,15.2,14.5,18.5,4.0,19.2
2025-12-23T23:37+09:00,2025-12-23T23:37+09:00,15.2,15.5,19.5,4.0,19.2
2025-12-23T23:55+09:00,2025-12-23T23:55+09:00,15.2,16.5,20.5,4.0,19.2
2025-12-24T00:35+09:00,2025-12-24T00:35+09:00,0.0,0.4,,,
2025-12-24T00:53+09:00,2025-12-24T00:53+09:00,0.0,0.7,,,
2025-12-24T01:44+09:00,2025-12-24T01:44+09:00,0.0,1.4,1.4,0.0,0.0
2025-12-24T02:01+09:00,2025-12-24T02:01+09:00,0.0,1.4,1.4,0.0,0.0
2025-12-24T02:35+09:00,2025-12-24T02:35+09:00,0.0,1.5,1.5,0.0,0.0
2025-12-24T02:52+09:00,2025-12-24T02:52+09:00,0.0,1.6,1.6,0.0,0.0
2025-12-24T03:47+09:00,2025-12-24T03:47+09:00,0.0,1.8,1.8,0.0,0.0
2025-12-24T04:29+09:00,2025-12-24T04:29+09:00,0.0,2.1,2.1,0.0,0.0
2025-12-24T04:50+09:00,2025-12-24T04:50+09:00,0.0,2.5,2.5,0.0,0.0
2025-12-24T05:35+09:00,2025-12-24T05:35+09:00,0.0,2.7,2.7,0.0,0.0
2025-12-24T05:53+09:00,2025-12-24T05:53+09:00,,,,,
2025-12-24T06:31+09:00,2025-12-24T06:31+09:00,0.0,2.9,2.9,0.0,0.0
2025-12-24T06:50+09:00,2025-12-24T06:50+09:00,0.0,3.1,3.1,0.0,0.0
2025-12-24T07:35+09:00,2025-12-24T07:35+09:00,0.0,4.2,4.2,0.0,0.0
2025-12-24T07:51+09:00,2025-12-24T07:51+09:00,0.0,5.0,5.0,0.0,0.0
2025-12-24T08:31+09:00,2025-12-24T08:31+09:00,0.0,5.6,5.6,0.0,0.0
2025-12-24T08:50+09:00,2025-12-24T08:50+09:00,0.0,5.9,6.1,0.2,0.2
2025-12-24T11:23+09:00,2025-12-24T11:23+09:00,0.8,6.2,8.0,1.8,2.6
2025-12-24T12:47+09:00,2025-12-24T12:48+09:00,2.1,6.2,8.3,2.1,4.2
2025-12-24T13:49+09:00,2025-12-24T13:49+09:00,2.9,6.2,8.5,2.3,5.2
2025-12-24T14:40+09:00,2025-12-24T14:40+09:00,3.3,6.2,8.7,2.5,5.8
2025-12-24T14:54+09:00,2025-12-24T14:54+09:00,3.3,6.2,8.7,2.5,5.8
2025-12-24T15:50+09:00,2025-12-24T15:51+09:00,3.4,6.5,9.4,2.9,6.3
2025-12-24T16:35+09:00,2025-12-24T16:35+09:00,3.4,6.8,9.8,3.0,6.4
2025-12-24T16:52+09:00,2025-12-24T16:52+09:00,3.4,7.1,10.2,3.1,6.5
2025-12-24T17:45+09:00,2025-12-24T17:46+09:00,3.4,7.7,10.8,3.1,6.5
2025-12-24T18:36+09:00,2025-12-24T18:36+09:00,3.4,8.1,11.2,3.1,6.5
2025-12-24T18:53+09:00,2025-12-24T18:53+09:00,3.4,8.4,11.5,3.1,6.5
2025-12-24T19:38+09:00,2025-12-24T19:38+09:00,3.4,9.2,12.4,3.1,6.5
2025-12-24T19:54+09:00,2025-12-24T19:54+09:00,3.4,9.7,12.9,3.1,6.5
2025-12-24T20:30+09:00,2025-12-24T20:30+09:00,3.4,10.0,13.2,3.1,6.5
2025-12-24T20:50+09:00,2025-12-24T20:50+09:00,3.4,10.6,13.7,3.1,6.5
2025-12-24T22:02+09:00,2025-12-24T22:02+09:00,3.4,11.4,14.5,3.1,6.5
2025-12-24T22:44+09:00,2025-12-24T22:44+09:00,3.4,12.5,15.6,3.1,6.5
2025-12-24T22:56+09:00,2025-12-24T22:56+09:00,3.4,12.5,15.6,3.1,6.5
2025-12-24T23:35+09:00,2025-12-24T23:35+09:00,3.4,13.2,16.3,3.1,6.5
2025-12-24T23:53+09:00,2025-12-24T23:53+09:00,3.4,14.6,17.7,3.1,6.5
2025-12-25T00:34+09:00,2025-12-25T00:34+09:00,0.0,1.3,1.3,0.0,0.0
2025-12-25T00:52+09:00,2025-12-25T00:52+09:00,0.0,1.6,1.6,0.0,0.0
2025-12-25T01:41+09:00,2025-12-25T01:41+09:00,0.0,2.2,2.2,0.0,0.0
2025-12-25T01:56+09:00,2025-12-25T01:56+09:00,0.0,2.2,2.2,0.0,0.0
2025-12-25T02:32+09:00,2025-12-25T02:32+09:00,0.0,2.3,2.3,0.0,0.0
2025-12-25T02:50+09:00,2025-12-25T02:50+09:00,0.0,2.4,2.4,0.0,0.0
2025-12-25T03:45+09:00,2025-12-25T03:45+09:00,0.0,2.7,2.7,0.0,0.0
2025-12-25T03:59+09:00,2025-12-25T03:59+09:00,0.0,2.7,2.7,0.0,0.0
2025-12-25T04:27+09:00,2025-12-25T04:27+09:00,0.0,3.0,3.0,0.0,0.0
2025-12-25T04:50+09:00,2025-12-25T04:51+09:00,0.0,3.4,3.4,0.0,0.0
2025-12-25T05:35+09:00,2025-12-25T05:35+09:00,0.0,3.5,3.5,0.0,0.0
2025-12-25T05:52+09:00,2025-12-25T05:52+09:00,0.0,3.7,3.7,0.0,0.0
2025-12-25T06:30+09:00,2025-12-25T06:30+09:00,0.0,3.8,3.8,0.0,0.0
2025-12-25T06:50+09:00,2025-12-25T06:50+09:00,0.0,3.9,3.9,0.0,0.0
2025-12-25T07:35+09:00,2025-12-25T07:35+09:00,0.0,4.2,4.2,0.0,0.0
2025-12-25T07:52+09:00,2025-12-25T07:52+09:00,0.0,5.0,5.0,0.0,0.0
2025-12-25T08:31+09:00,2025-12-25T08:31+09:00,0.0,5.4,5.4,0.0,0.0
2025-12-25T08:51+09:00,2025-12-25T08:51+09:00,0.0,5.7,5.7,0.0,0.0
2025-12-25T11:25+09:00,2025-12-25T11:25+09:00,0.0,7.1,7.9,0.8,0.8
2025-12-25T12:51+09:00,2025-12-25T12:51+09:00,0.0,7.8,9.4,1.6,1.6
2025-12-25T13:50+09:00,2025-12-25T13:50+09:00,0.1,8.3,10.5,2.2,2.3
2025-12-25T14:40+09:00,2025-12-25T14:40+09:00,0.1,8.4,10.9,2.4,2.5
2025-12-25T14:54+09:00,2025-12-25T14:54+09:00,0.1,8.6,11.3,2.7,2.8
2025-12-25T15:49+09:00,2025-12-25T15:49+09:00,0.1,8.8,11.7,2.9,3.0
2025-12-25T16:33+09:00,2025-12-25T16:33+09:00,0.1,9.2,12.2,3.0,3.1
2025-12-25T16:50+09:00,2025-12-25T16:50+09:00,0.1,9.4,12.6,3.1,3.2
2025-12-25T17:44+09:00,2025-12-25T17:44+09:00,0.1,10.6,13.7,3.1,3.2
2025-12-25T18:00+09:00,2025-12-25T18:00+09:00,0.1,10.6,13.7,3.1,3.2
2025-12-25T18:36+09:00,2025-12-25T18:36+09:00,0.1,11.0,14.2,3.1,3.2
2025-12-25T18:52+09:00,2025-12-25T18:52+09:00,0.1,12.0,15.1,3.1,3.2
2025-12-25T19:38+09:00,2025-12-25T19:38+09:00,0.1,12.7,15.9,3.1,3.2
2025-12-25T19:53+09:00,2025-12-25T19:53+09:00,0.1,13.4,16.5,3.1,3.2
2025-12-25T20:29+09:00,2025-12-25T20:30+09:00,0.1,14.3,17.5,3.1,3.2
2025-12-25T20:50+09:00,2025-12-25T20:50+09:00,0.1,14.9,18.0,3.1,3.2
2025-12-25T22:02+09:00,2025-12-25T22:02+09:00,0.1,16.2,19.3,3.1,3.2
2025-12-25T22:44+09:00,2025-12-25T22:44+09:00,0.1,18.0,21.1,3.1,3.2
2025-12-25T22:56+09:00,2025-12-25T22:56+09:00,0.1,18.0,21.1,3.1,3.2
2025-12-25T23:35+09:00,2025-12-25T23:35+09:00,0.1,19.8,22.9,3.1,3.2
2025-12-25T23:53+09:00,2025-12-25T23:53+09:00,,,,,
2025-12-26T00:33+09:00,2025-12-26T00:33+09:00,0.0,0.4,0.4,0.0,0.0
2025-12-26T00:51+09:00,2025-12-26T00:51+09:00,0.0,0.8,0.8,0.0,0.0
2025-12-26T01:41+09:00,2025-12-26T01:41+09:00,0.0,1.4,1.4,0.0,0.0
2025-12-26T01:57+09:00,2025-12-26T01:57+09:00,0.0,1.4,1.4,0.0,0.0
2025-12-26T02:32+09:00,2025-12-26T02:32+09:00,0.0,1.7,1.7,0.0,0.0
2025-12-26T02:50+09:00,2025-12-26T02:50+09:00,0.0,2.0,2.0,0.0,0.0
2025-12-26T03:45+09:00,2025-12-26T03:45+09:00,0.0,2.4,2.4,0.0,0.0
2025-12-26T03:59+09:00,2025-12-26T03:59+09:00,0.0,2.4,2.4,0.0,0.0
2025-12-26T04:28+09:00,2025-12-26T04:28+09:00,0.0,2.8,2.8,0.0,0.0
2025-12-26T04:50+09:00,2025-12-26T04:50+09:00,0.0,3.2,3.2,0.0,0.0
2025-12-26T05:35+09:00,2025-12-26T05:35+09:00,0.0,3.4,3.4,0.0,0.0
2025-12-26T05:53+09:00,2025-12-26T05:53+09:00,0.0,3.5,3.5,0.0,0.0
2025-12-26T06:31+09:00,2025-12-26T06:31+09:00,0.0,3.8,3.8,0.0,0.0
2025-12-26T06:50+09:00,2025-12-26T06:50+09:00,0.0,4.2,4.2,0.0,0.0
2025-12-26T07:35+09:00,2025-12-26T07:35+09:00,0.0,4.8,4.8,0.0,0.0
2025-12-26T07:52+09:00,2025-12-26T07:52+09:00,0.0,5.4,5.4,0.0,0.0
2025-12-26T08:31+09:00,2025-12-26T08:31+09:00,0.0,5.7,5.8,0.1,0.1
2025-12-26T08:50+09:00,2025-12-26T08:51+09:00,0.0,6.0,6.3,0.3,0.3
2025-12-26T11:24+09:00,2025-12-26T11:24+09:00,2.6,6.0,8.1,2.0,4.6
2025-12-26T12:49+09:00,2025-12-26T12:49+09:00,5.2,6.1,10.1,4.1,9.3
2025-12-26T13:48+09:00,2025-12-26T13:48+09:00,7.3,6.1,11.4,5.4,12.7
2025-12-26T14:37+09:00,2025-12-26T14:37+09:00,8.2,6.1,11.6,5.6,13.8
2025-12-26T14:53+09:00,2025-12-26T14:53+09:00,9.1,6.1,11.8,5.8,14.9
2025-12-26T15:49+09:00,2025-12-26T15:49+09:00,9.9,6.1,12.2,6.1,16.0
2025-12-26T16:33+09:00,2025-12-26T16:33+09:00,10.0,6.1,12.3,6.2,16.2
2025-12-26T16:50+09:00,2025-12-26T16:51+09:00,10.0,6.1,12.4,6.3,16.3
2025-12-26T17:43+09:00,2025-12-26T17:43+09:00,10.0,6.3,12.7,6.4,16.4
2025-12-26T17:59+09:00,2025-12-26T18:00+09:00,10.0,6.3,12.7,6.4,16.4
2025-12-26T18:35+09:00,2025-12-26T18:35+09:00,10.0,6.4,12.9,6.4,16.4
2025-12-26T18:52+09:00,2025-12-26T18:52+09:00,10.0,6.6,13.0,6.4,16.4
2025-12-26T19:38+09:00,2025-12-26T19:38+09:00,10.0,7.3,13.7,6.4,16.4
2025-12-26T19:53+09:00,2025-12-26T19:53+09:00,10.0,7.9,14.3,6.4,16.4
2025-12-26T20:30+09:00,2025-12-26T20:30+09:00,10.0,8.2,14.6,6.4,16.4
2025-12-26T20:50+09:00,2025-12-26T20:50+09:00,10.0,8.5,14.9,6.4,16.4
2025-12-26T22:02+09:00,2025-12-26T22:02+09:00,10.0,9.2,15.6,6.4,16.4
2025-12-26T22:45+09:00,2025-12-26T22:45+09:00,10.0,10.7,17.1,6.4,16.4
2025-12-26T22:57+09:00,2025-12-26T22:57+09:00,10.0,10.7,17.1,6.4,16.4
2025-12-26T23:35+09:00,2025-12-26T23:35+09:00,10.0,11.5,17.9,6.4,16.4
2025-12-26T23:53+09:00,2025-12-26T23:53+09:00,10.0,12.3,18.7,6.4,16.4
2025-12-27T00:33+09:00,2025-12-27T00:33+09:00,0.0,0.9,0.9,0.0,0.0
2025-12-27T00:51+09:00,2025-12-27T00:51+09:00,0.0,1.5,1.5,0.0,0.0
2025-12-27T01:39+09:00,2025-12-27T01:39+09:00,0.0,1.9,1.9,0.0,0.0
2025-12-27T01:55+09:00,2025-12-27T01:55+09:00,0.0,2.4,2.4,0.0,0.0
2025-12-27T02:32+09:00,2025-12-27T02:32+09:00,0.0,2.9,2.9,0.0,0.0
2025-12-27T02:50+09:00,2025-12-27T02:51+09:00,0.0,3.1,3.1,0.0,0.0
2025-12-27T03:45+09:00,2025-12-27T03:45+09:00,0.0,3.7,3.7,0.0,0.0
2025-12-27T03:59+09:00,2025-12-27T03:59+09:00,0.0,3.7,3.7,0.0,0.0
2025-12-27T04:27+09:00,2025-12-27T04:27+09:00,0.0,4.1,4.1,0.0,0.0
2025-12-27T04:50+09:00,2025-12-27T04:50+09:00,0.0,4.6,4.6,0.0,0.0
2025-12-27T05:34+09:00,2025-12-27T05:34+09:00,0.0,4.9,4.9,0.0,0.0
2025-12-27T05:52+09:00,2025-12-27T05:52+09:00,0.0,5.2,5.2,0.0,0.0
2025-12-27T06:30+09:00,2025-12-27T06:30+09:00,0.0,5.7,5.7,0.0,0.0
2025-12-27T06:50+09:00,2025-12-27T06:50+09:00,0.0,6.0,6.0,0.0,0.0
2025-12-27T07:34+09:00,2025-12-27T07:35+09:00,0.0,6.2,6.2,0.0,0.0
2025-12-27T07:52+09:00,2025-12-27T07:52+09:00,0.0,6.7,6.7,0.0,0.0
2025-12-27T08:31+09:00,2025-12-27T08:32+09:00,0.0,7.0,7.2,0.2,0.2
2025-12-27T08:51+09:00,2025-12-27T08:51+09:00,0.2,7.1,7.8,0.7,0.9
2025-12-27T11:22+09:00,2025-12-27T11:22+09:00,3.6,7.1,10.6,3.5,7.1
2025-12-27T12:46+09:00,2025-12-27T12:46+09:00,3.8,7.9,13.2,5.3,9.1
2025-12-27T13:45+09:00,2025-12-27T13:45+09:00,4.3,8.3,15.3,7.1,11.4
2025-12-27T14:00+09:00,2025-12-27T14:00+09:00,4.3,8.3,15.3,7.1,11.4
2025-12-27T14:36+09:00,2025-12-27T14:36+09:00,5.0,8.3,16.2,7.9,12.9
2025-12-27T14:53+09:00,2025-12-27T14:53+09:00,5.4,8.3,16.8,8.5,13.9
2025-12-27T15:47+09:00,2025-12-27T15:47+09:00,5.6,8.4,17.8,9.3,14.9
2025-12-27T16:31+09:00,2025-12-27T16:31+09:00,5.6,8.5,18.1,9.5,15.1
2025-12-27T16:50+09:00,2025-12-27T16:50+09:00,5.6,8.7,18.4,9.7,15.3
2025-12-27T17:41+09:00,2025-12-27T17:41+09:00,5.6,9.6,19.3,9.7,15.3
2025-12-27T17:56+09:00,2025-12-27T17:57+09:00,5.6,9.6,19.3,9.7,15.3
2025-12-27T18:33+09:00,2025-12-27T18:33+09:00,5.6,9.9,19.6,9.7,15.3
2025-12-27T18:50+09:00,2025-12-27T18:50+09:00,5.6,10.4,20.2,9.7,15.3
2025-12-27T19:36+09:00,2025-12-27T19:36+09:00,5.6,11.2,20.9,9.7,15.3
2025-12-27T19:52+09:00,2025-12-27T19:52+09:00,5.6,11.9,21.6,9.7,15.3
2025-12-27T20:28+09:00,2025-12-27T20:28+09:00,5.6,12.4,22.1,9.7,15.3
2025-12-27T20:50+09:00,2025-12-27T20:50+09:00,5.6,13.0,22.8,9.7,15.3
2025-12-27T21:59+09:00,2025-12-27T21:59+09:00,5.6,14.2,24.0,9.7,15.3
2025-12-27T22:39+09:00,2025-12-27T22:40+09:00,5.6,14.9,24.6,9.7,15.3
2025-12-27T22:51+09:00,2025-12-27T22:51+09:00,5.6,15.6,25.4,9.7,15.3
2025-12-27T23:33+09:00,2025-12-27T23:33+09:00,5.6,16.2,26.0,9.7,15.3
2025-12-27T23:51+09:00,2025-12-27T23:51+09:00,5.6,16.7,26.4,9.7,15.3
2025-12-28T00:31+09:00,2025-12-28T00:32+09:00,0.0,0.6,0.6,0.0,0.0
2025-12-28T00:50+09:00,2025-12-28T00:50+09:00,0.0,1.8,1.8,0.0,0.0
2025-12-28T01:39+09:00,2025-12-28T01:39+09:00,0.0,2.9,2.9,0.0,0.0
2025-12-28T01:54+09:00,2025-12-28T01:55+09:00,0.0,3.0,3.0,0.0,0.0
2025-12-28T02:31+09:00,2025-12-28T02:31+09:00,0.0,3.1,3.1,0.0,0.0
2025-12-28T02:50+09:00,2025-12-28T02:51+09:00,0.0,3.2,3.2,0.0,0.0
2025-12-28T03:44+09:00,2025-12-28T03:44+09:00,0.0,3.4,3.4,0.0,0.0
2025-12-28T03:58+09:00,2025-12-28T03:58+09:00,0.0,3.4,3.4,0.0,0.0
2025-12-28T04:26+09:00,2025-12-28T04:26+09:00,0.0,3.4,3.4,0.0,0.0
2025-12-28T04:50+09:00,2025-12-28T04:50+09:00,0.0,3.5,3.5,0.0,0.0
2025-12-28T05:35+09:00,2025-12-28T05:35+09:00,,,,,
2025-12-28T05:52+09:00,2025-12-28T05:52+09:00,0.0,4.2,4.2,0.0,0.0
2025-12-28T06:29+09:00,2025-12-28T06:29+09:00,0.0,4.4,4.4,0.0,0.0
2025-12-28T06:50+09:00,2025-12-28T06:50+09:00,0.0,4.6,4.6,0.0,0.0
2025-12-28T07:34+09:00,2025-12-28T07:34+09:00,0.0,4.9,4.9,0.0,0.0
2025-12-28T07:51+09:00,2025-12-28T07:51+09:00,0.0,5.0,5.0,0.0,0.0
2025-12-28T08:30+09:00,2025-12-28T08:30+09:00,0.0,5.0,5.1,0.1,0.1
2025-12-28T08:51+09:00,2025-12-28T08:51+09:00,0.0,5.6,6.0,0.5,0.5
2025-12-28T11:37+09:00,2025-12-28T11:38+09:00,2.5,5.7,9.3,3.6,6.1
2025-12-28T13:02+09:00,2025-12-28T13:02+09:00,3.6,5.9,11.6,5.7,9.3
2025-12-28T13:54+09:00,2025-12-28T13:55+09:00,5.2,5.9,12.4,6.5,11.7
2025-12-28T14:40+09:00,2025-12-28T14:40+09:00,6.0,5.9,12.9,6.9,12.9
2025-12-28T14:54+09:00,2025-12-28T14:54+09:00,6.0,5.9,12.9,6.9,12.9
2025-12-28T15:47+09:00,2025-12-28T15:47+09:00,6.3,6.0,13.4,7.4,13.7
2025-12-28T16:32+09:00,2025-12-28T16:32+09:00,6.3,6.1,13.7,7.6,13.9
2025-12-28T16:50+09:00,2025-12-28T16:50+09:00,6.3,6.3,14.0,7.7,14.0
2025-12-28T17:41+09:00,2025-12-28T17:41+09:00,6.3,7.2,14.9,7.7,14.0
2025-12-28T17:56+09:00,2025-12-28T17:56+09:00,6.3,7.2,14.9,7.7,14.0
2025-12-28T18:33+09:00,2025-12-28T18:33+09:00,6.3,7.8,15.5,7.7,14.0
2025-12-28T18:51+09:00,2025-12-28T18:51+09:00,6.3,8.2,15.9,7.7,14.0
2025-12-28T19:36+09:00,2025-12-28T19:36+09:00,6.3,8.6,16.3,7.7,14.0
2025-12-28T19:53+09:00,2025-12-28T19:53+09:00,6.3,9.1,16.8,7.7,14.0
2025-12-28T20:29+09:00,2025-12-28T20:29+09:00,6.3,9.5,17.2,7.7,14.0
2025-12-28T20:50+09:00,2025-12-28T20:50+09:00,6.3,9.9,17.6,7.7,14.0
2025-12-28T22:00+09:00,2025-12-28T22:00+09:00,6.3,10.9,18.6,7.7,14.0
2025-12-28T22:41+09:00,2025-12-28T22:41+09:00,6.3,11.8,19.5,7.7,14.0
2025-12-28T22:53+09:00,2025-12-28T22:53+09:00,6.3,11.8,19.5,7.7,14.0
2025-12-28T23:34+09:00,2025-12-28T23:34+09:00,6.3,12.4,20.1,7.7,14.0
2025-12-28T23:52+09:00,2025-12-28T23:52+09:00,6.3,13.6,21.3,7.7,14.0
2025-12-29T00:32+09:00,2025-12-29T00:32+09:00,0.0,1.6,1.6,0.0,0.0
2025-12-29T00:51+09:00,2025-12-29T00:51+09:00,0.0,2.3,2.3,0.0,0.0
2025-12-29T01:40+09:00,2025-12-29T01:40+09:00,0.0,3.6,3.6,0.0,0.0
2025-12-29T01:55+09:00,2025-12-29T01:55+09:00,0.0,3.6,3.6,0.0,0.0
2025-12-29T02:32+09:00,2025-12-29T02:32+09:00,0.0,3.7,3.7,0.0,0.0
2025-12-29T02:50+09:00,2025-12-29T02:50+09:00,,,,,
2025-12-29T03:45+09:00,2025-12-29T03:45+09:00,0.0,4.5,4.5,0.0,0.0
2025-12-29T03:59+09:00,2025-12-29T03:59+09:00,0.0,4.5,4.5,0.0,0.0
2025-12-29T04:27+09:00,2025-12-29T04:28+09:00,0.0,4.9,4.9,0.0,0.0
2025-12-29T04:50+09:00,2025-12-29T04:50+09:00,0.0,5.3,5.3,0.0,0.0
2025-12-29T05:35+09:00,2025-12-29T05:35+09:00,0.0,5.4,5.4,0.0,0.0
2025-12-29T05:53+09:00,2025-12-29T05:53+09:00,0.0,5.6,5.6,0.0,0.0
2025-12-29T06:31+09:00,2025-12-29T06:31+09:00,0.0,5.7,5.7,0.0,0.0
2025-12-29T06:50+09:00,2025-12-29T06:50+09:00,0.0,5.8,5.8,0.0,0.0
2025-12-29T07:35+09:00,2025-12-29T07:35+09:00,0.0,6.0,6.0,0.0,0.0
2025-12-29T07:52+09:00,2025-12-29T07:52+09:00,0.0,7.3,7.3,0.0,0.0
2025-12-29T08:31+09:00,2025-12-29T08:31+09:00,0.0,7.9,8.2,0.3,0.3
2025-12-29T08:51+09:00,2025-12-29T08:51+09:00,0.3,7.9,8.7,0.7,1.0
2025-12-29T11:35+09:00,2025-12-29T11:35+09:00,3.2,7.9,11.8,3.9,7.1
2025-12-29T13:04+09:00,2025-12-29T13:04+09:00,6.5,7.9,13.7,5.8,12.3
2025-12-29T13:59+09:00,2025-12-29T13:59+09:00,8.7,7.9,14.7,6.8,15.5
2025-12-29T14:46+09:00,2025-12-29T14:46+09:00,10.2,7.9,15.6,7.7,17.9
2025-12-29T15:53+09:00,2025-12-29T15:53+09:00,10.8,8.0,16.2,8.2,19.0
2025-12-29T16:38+09:00,2025-12-29T16:38+09:00,10.8,8.1,16.4,8.3,19.1
2025-12-29T16:53+09:00,2025-12-29T16:53+09:00,10.8,8.2,16.7,8.5,19.3
2025-12-29T17:48+09:00,2025-12-29T17:48+09:00,10.8,8.8,17.3,8.5,19.3
2025-12-29T18:44+09:00,2025-12-29T18:44+09:00,10.8,10.1,18.5,8.5,19.3
2025-12-29T18:58+09:00,2025-12-29T18:58+09:00,10.8,10.1,18.5,8.5,19.3
2025-12-29T19:42+09:00,2025-12-29T19:42+09:00,10.8,10.8,19.3,8.5,19.3
2025-12-29T19:56+09:00,2025-12-29T19:56+09:00,10.8,10.8,19.3,8.5,19.3
2025-12-29T20:31+09:00,2025-12-29T20:31+09:00,10.8,11.2,19.7,8.5,19.3
2025-12-29T20:51+09:00,2025-12-29T20:51+09:00,10.8,11.8,20.3,8.5,19.3
2025-12-29T22:07+09:00,2025-12-29T22:07+09:00,10.8,13.2,21.7,8.5,19.3
2025-12-29T22:49+09:00,2025-12-29T22:49+09:00,10.8,14.9,23.3,8.5,19.3
2025-12-29T23:39+09:00,2025-12-29T23:39+09:00,10.8,15.7,24.2,8.5,19.3
2025-12-29T23:55+09:00,2025-12-29T23:56+09:00,10.8,16.4,24.9,8.5,19.3
2025-12-30T00:35+09:00,2025-12-30T00:36+09:00,0.0,0.6,0.6,0.0,0.0
2025-12-30T00:53+09:00,2025-12-30T00:54+09:00,0.0,0.9,0.9,0.0,0.0
2025-12-30T01:42+09:00,2025-12-30T01:42+09:00,0.0,1.7,1.7,0.0,0.0
2025-12-30T01:57+09:00,2025-12-30T01:57+09:00,0.0,1.7,1.7,0.0,0.0
2025-12-30T02:33+09:00,2025-12-30T02:33+09:00,0.0,1.8,1.8,0.0,0.0
2025-12-30T02:51+09:00,2025-12-30T02:51+09:00,0.0,1.9,1.9,0.0,0.0
2025-12-30T03:46+09:00,2025-12-30T03:46+09:00,0.0,2.1,2.1,0.0,0.0
2025-12-30T04:28+09:00,2025-12-30T04:28+09:00,0.0,2.2,2.2,0.0,0.0
2025-12-30T04:50+09:00,2025-12-30T04:50+09:00,0.0,2.3,2.3,0.0,0.0
2025-12-30T05:37+09:00,2025-12-30T05:37+09:00,0.0,2.3,2.3,0.0,0.0
2025-12-30T05:54+09:00,2025-12-30T05:54+09:00,0.0,2.5,2.5,0.0,0.0
2025-12-30T06:31+09:00,2025-12-30T06:31+09:00,0.0,2.6,2.6,0.0,0.0
2025-12-30T06:51+09:00,2025-12-30T06:51+09:00,0.0,2.8,2.8,0.0,0.0
2025-12-30T07:35+09:00,2025-12-30T07:35+09:00,0.0,2.9,2.9,0.0,0.0
2025-12-30T07:52+09:00,2025-12-30T07:52+09:00,0.0,3.0,3.0,0.0,0.0
2025-12-30T08:31+09:00,2025-12-30T08:31+09:00,0.0,3.1,3.1,0.1,0.1
2025-12-30T08:50+09:00,2025-12-30T08:51+09:00,0.2,3.1,3.4,0.3,0.5
2025-12-30T11:26+09:00,2025-12-30T11:26+09:00,2.5,3.2,5.6,2.3,4.8
2025-12-30T12:52+09:00,2025-12-30T12:52+09:00,3.3,3.5,7.6,4.1,7.4
2025-12-30T13:52+09:00,2025-12-30T13:52+09:00,3.6,3.8,9.3,5.5,9.1
2025-12-30T14:39+09:00,2025-12-30T14:39+09:00,3.9,3.9,9.6,5.7,9.6
2025-12-30T14:54+09:00,2025-12-30T14:54+09:00,4.3,3.9,9.9,6.0,10.3
2025-12-30T15:49+09:00,2025-12-30T15:49+09:00,4.8,3.9,10.7,6.8,11.6
2025-12-30T16:34+09:00,2025-12-30T16:34+09:00,4.8,4.3,11.4,7.1,11.9
2025-12-30T16:51+09:00,2025-12-30T16:51+09:00,4.8,4.6,11.8,7.2,12.0
2025-12-30T17:45+09:00,2025-12-30T17:45+09:00,4.8,5.6,12.9,7.3,12.1
2025-12-30T18:03+09:00,2025-12-30T18:03+09:00,4.8,5.6,12.9,7.3,12.1
2025-12-30T18:39+09:00,2025-12-30T18:39+09:00,,,,,
2025-12-30T18:54+09:00,2025-12-30T18:54+09:00,4.8,7.0,14.3,7.3,12.1
2025-12-30T19:40+09:00,2025-12-30T19:40+09:00,4.8,8.7,16.0,7.3,12.1
2025-12-30T19:55+09:00,2025-12-30T19:55+09:00,4.8,8.7,16.0,7.3,12.1
2025-12-30T20:31+09:00,2025-12-30T20:31+09:00,4.8,9.2,16.5,7.3,12.1
2025-12-30T20:51+09:00,2025-12-30T20:51+09:00,4.8,9.7,17.0,7.3,12.1
2025-12-30T22:06+09:00,2025-12-30T22:06+09:00,4.8,11.5,18.7,7.3,12.1
2025-12-30T22:48+09:00,2025-12-30T22:48+09:00,4.8,13.6,20.8,7.3,12.1
2025-12-30T23:37+09:00,2025-12-30T23:37+09:00,4.8,14.7,22.0,7.3,12.1
2025-12-30T23:55+09:00,2025-12-30T23:55+09:00,,,,,
2025-12-31T00:35+09:00,2025-12-31T00:35+09:00,0.0,0.3,,,
2025-12-31T00:53+09:00,2025-12-31T00:53+09:00,0.0,0.4,,,
2025-12-31T01:41+09:00,2025-12-31T01:44+09:00,0.0,0.9,0.9,0.0,0.0
2025-12-31T02:00+09:00,2025-12-31T02:00+09:00,0.0,0.9,0.9,0.0,0.0
2025-12-31T02:36+09:00,2025-12-31T02:36+09:00,0.0,1.1,1.1,0.0,0.0
2025-12-31T02:52+09:00,2025-12-31T02:53+09:00,0.0,1.3,1.3,0.0,0.0
2025-12-31T03:48+09:00,2025-12-31T03:48+09:00,0.0,2.0,2.0,0.0,0.0
2025-12-31T04:28+09:00,2025-12-31T04:28+09:00,,,,,
2025-12-31T04:50+09:00,2025-12-31T04:50+09:00,0.0,3.1,3.1,0.0,0.0
2025-12-31T05:36+09:00,2025-12-31T05:36+09:00,0.0,3.4,3.4,0.0,0.0
2025-12-31T05:54+09:00,2025-12-31T05:54+09:00,0.0,3.8,3.8,0.0,0.0
2025-12-31T06:32+09:00,2025-12-31T06:32+09:00,0.0,4.1,4.1,0.0,0.0
2025-12-31T06:51+09:00,2025-12-31T06:52+09:00,0.0,4.2,4.2,0.0,0.0
2025-12-31T07:35+09:00,2025-12-31T07:35+09:00,0.0,4.6,4.6,0.0,0.0
2025-12-31T07:52+09:00,2025-12-31T07:52+09:00,0.0,4.8,4.8,0.0,0.0
2025-12-31T08:30+09:00,2025-12-31T08:30+09:00,0.1,4.8,4.9,0.0,0.1
2025-12-31T08:51+09:00,2025-12-31T08:51+09:00,0.1,5.0,5.4,0.4,0.5
2025-12-31T11:25+09:00,2025-12-31T11:26+09:00,3.6,5.0,7.3,2.2,5.8
2025-12-31T12:51+09:00,2025-12-31T12:51+09:00,4.8,5.1,9.0,3.8,8.6
2025-12-31T13:51+09:00,2025-12-31T13:51+09:00,5.0,5.2,9.6,4.4,9.4
2025-12-31T14:41+09:00,2025-12-31T14:41+09:00,5.1,5.6,10.8,5.2,10.3
2025-12-31T14:55+09:00,2025-12-31T14:55+09:00,5.1,5.6,10.8,5.2,10.3
2025-12-31T15:49+09:00,2025-12-31T15:50+09:00,5.2,6.0,11.6,5.6,10.8
2025-12-31T16:35+09:00,2025-12-31T16:35+09:00,5.2,6.2,12.2,6.0,11.2
2025-12-31T16:52+09:00,2025-12-31T16:52+09:00,5.2,6.6,12.7,6.1,11.3
2025-12-31T17:45+09:00,2025-12-31T17:45+09:00,5.2,7.4,13.6,6.1,11.3
2025-12-31T18:01+09:00,2025-12-31T18:01+09:00,5.2,7.4,13.6,6.1,11.3
2025-12-31T18:38+09:00,2025-12-31T18:38+09:00,5.2,8.6,14.7,6.1,11.3
2025-12-31T18:53+09:00,2025-12-31T18:54+09:00,5.2,9.3,15.4,6.1,11.3
2025-12-31T19:38+09:00,2025-12-31T19:38+09:00,,,,,
2025-12-31T19:54+09:00,2025-12-31T19:54+09:00,5.2,10.6,16.7,6.1,11.3
2025-12-31T20:30+09:00,2025-12-31T20:30+09:00,5.2,11.1,17.2,6.1,11.3
2025-12-31T20:50+09:00,2025-12-31T20:51+09:00,5.2,11.7,17.8,6.1,11.3
2025-12-31T22:03+09:00,2025-12-31T22:03+09:00,5.2,13.2,19.3,6.1,11.3
2025-12-31T22:45+09:00,2025-12-31T22:45+09:00,5.2,15.3,21.4,6.1,11.3
2025-12-31T22:58+09:00,2025-12-31T22:58+09:00,5.2,15.3,21.4,6.1,11.3
2025-12-31T23:35+09:00,2025-12-31T23:35+09:00,5.2,16.2,22.3,6.1,11.3
2025-12-31T23:53+09:00,2025-12-31T23:53+09:00,5.2,16.9,23.0,6.1,11.3
2026-01-01T00:33+09:00,2026-01-01T00:34+09:00,0.0,0.9,,,
2026-01-01T00:51+09:00,2026-01-01T00:52+09:00,0.0,1.5,,,
2026-01-01T01:42+09:00,2026-01-01T01:42+09:00,0.0,1.7,1.7,0.0,0.0
2026-01-01T01:57+09:00,2026-01-01T01:57+09:00,0.0,1.7,1.7,0.0,0.0
2026-01-01T02:32+09:00,2026-01-01T02:33+09:00,0.0,1.9,1.9,0.0,0.0
2026-01-01T02:50+09:00,2026-01-01T02:50+09:00,0.0,2.2,2.2,0.0,0.0
2026-01-01T03:46+09:00,2026-01-01T03:46+09:00,0.0,3.1,3.1,0.0,0.0
2026-01-01T04:27+09:00,2026-01-01T04:28+09:00,0.0,3.3,3.3,0.0,0.0
2026-01-01T04:50+09:00,2026-01-01T04:50+09:00,0.0,3.4,3.4,0.0,0.0
2026-01-01T05:35+09:00,2026-01-01T05:35+09:00,0.0,3.5,3.5,0.0,0.0
2026-01-01T05:53+09:00,2026-01-01T05:53+09:00,0.0,3.7,3.7,0.0,0.0
2026-01-01T06:31+09:00,2026-01-01T06:31+09:00,0.0,3.9,3.9,0.0,0.0
2026-01-01T06:51+09:00,2026-01-01T06:51+09:00,,,,,
2026-01-01T07:36+09:00,2026-01-01T07:36+09:00,0.0,4.2,4.2,0.0,0.0
2026-01-01T07:53+09:00,2026-01-01T07:53+09:00,0.0,4.3,4.4,0.1,0.1
2026-01-01T08:31+09:00,2026-01-01T08:31+09:00,0.2,4.4,4.5,0.1,0.3
2026-01-01T08:51+09:00,2026-01-01T08:51+09:00,0.5,4.4,4.9,0.6,1.1
2026-01-01T11:38+09:00,2026-01-01T11:38+09:00,4.4,4.4,7.3,2.9,7.3
2026-01-01T13:04+09:00,2026-01-01T13:04+09:00,7.0,4.5,9.4,4.9,11.9
2026-01-01T13:57+09:00,2026-01-01T13:57+09:00,8.3,4.5,10.5,6.0,14.3
2026-01-01T14:44+09:00,2026-01-01T14:44+09:00,9.7,4.5,11.0,6.5,16.2
2026-01-01T14:58+09:00,2026-01-01T14:58+09:00,9.7,4.5,11.0,6.5,16.2
2026-01-01T15:50+09:00,2026-01-01T15:51+09:00,10.2,5.0,11.9,6.9,17.1
2026-01-01T16:34+09:00,2026-01-01T16:34+09:00,10.2,5.2,12.3,7.1,17.3
2026-01-01T16:52+09:00,2026-01-01T16:52+09:00,10.2,5.8,13.0,7.2,17.4
2026-01-01T17:45+09:00,2026-01-01T17:45+09:00,,,,,
2026-01-01T18:01+09:00,2026-01-01T18:01+09:00,10.2,7.3,14.5,7.2,17.4
2026-01-01T18:38+09:00,2026-01-01T18:38+09:00,10.2,7.9,15.1,7.2,17.4
2026-01-01T18:53+09:00,2026-01-01T18:53+09:00,10.2,8.7,15.9,7.2,17.4
2026-01-01T19:39+09:00,2026-01-01T19:39+09:00,10.2,9.7,16.9,7.2,17.4
2026-01-01T19:54+09:00,2026-01-01T19:54+09:00,10.2,10.5,17.7,7.2,17.4
2026-01-01T20:30+09:00,2026-01-01T20:30+09:00,10.2,11.4,18.6,7.2,17.4
2026-01-01T20:50+09:00,2026-01-01T20:51+09:00,10.2,12.2,19.4,7.2,17.4
2026-01-01T22:03+09:00,2026-01-01T22:04+09:00,10.2,13.7,20.9,7.2,17.4
2026-01-01T22:46+09:00,2026-01-01T22:46+09:00,10.2,15.2,22.4,7.2,17.4
2026-01-01T23:35+09:00,2026-01-01T23:35+09:00,10.2,16.0,23.2,7.2,17.4
2026-01-01T23:53+09:00,2026-01-01T23:53+09:00,10.2,16.7,23.9,7.2,17.4
2026-01-02T00:34+09:00,2026-01-02T00:34+09:00,0.0,0.6,0.6,0.0,0.0
2026-01-02T00:52+09:00,2026-01-02T00:52+09:00,0.0,0.8,0.8,0.0,0.0
2026-01-02T01:43+09:00,2026-01-02T01:43+09:00,0.0,1.0,1.0,0.0,0.0
2026-01-02T01:59+09:00,2026-01-02T01:59+09:00,0.0,1.0,1.0,0.0,0.0
2026-01-02T02:34+09:00,2026-01-02T02:34+09:00,0.0,1.1,1.1,0.0,0.0
2026-01-02T02:52+09:00,2026-01-02T02:52+09:00,0.0,1.3,1.3,0.0,0.0
2026-01-02T03:46+09:00,2026-01-02T03:46+09:00,0.0,1.9,1.9,0.0,0.0
2026-01-02T04:28+09:00,2026-01-02T04:29+09:00,0.0,2.0,2.0,0.0,0.0
2026-01-02T04:50+09:00,2026-01-02T04:50+09:00,0.0,2.1,2.1,0.0,0.0
2026-01-02T05:36+09:00,2026-01-02T05:36+09:00,0.0,2.2,2.2,0.0,0.0
2026-01-02T05:54+09:00,2026-01-02T05:54+09:00,0.0,2.7,2.7,0.0,0.0
2026-01-02T06:31+09:00,2026-01-02T06:31+09:00,0.0,3.2,3.2,0.0,0.0
2026-01-02T06:50+09:00,2026-01-02T06:50+09:00,0.0,3.5,3.5,0.0,0.0
2026-01-02T07:35+09:00,2026-01-02T07:36+09:00,0.0,3.6,3.6,0.0,0.0
2026-01-02T07:53+09:00,2026-01-02T07:53+09:00,0.0,4.3,4.4,0.1,0.1
2026-01-02T08:32+09:00,2026-01-02T08:32+09:00,0.1,4.6,5.0,0.3,0.4
2026-01-02T08:51+09:00,2026-01-02T08:51+09:00,0.3,4.7,5.3,0.6,0.9
2026-01-02T11:28+09:00,2026-01-02T11:28+09:00,2.8,4.9,7.6,2.7,5.5
2026-01-02T12:56+09:00,2026-01-02T12:56+09:00,3.2,6.1,10.8,4.7,7.9
2026-01-02T13:53+09:00,2026-01-02T13:53+09:00,3.5,6.5,12.6,6.1,9.6
2026-01-02T14:43+09:00,2026-01-02T14:43+09:00,4.3,6.6,13.6,6.9,11.2
2026-01-02T14:57+09:00,2026-01-02T14:57+09:00,4.3,6.6,13.6,6.9,11.2
2026-01-02T15:51+09:00,2026-01-02T15:51+09:00,4.3,7.8,15.3,7.5,11.8
2026-01-02T16:35+09:00,2026-01-02T16:35+09:00,4.3,8.1,15.9,7.8,12.1
2026-01-02T16:52+09:00,2026-01-02T16:52+09:00,4.3,8.6,16.5,7.9,12.2
2026-01-02T17:45+09:00,2026-01-02T17:45+09:00,4.3,9.7,17.6,7.9,12.2
2026-01-02T18:01+09:00,2026-01-02T18:01+09:00,4.3,9.7,17.6,7.9,12.2
2026-01-02T18:37+09:00,2026-01-02T18:37+09:00,4.3,10.2,18.1,7.9,12.2
2026-01-02T18:54+09:00,2026-01-02T18:54+09:00,4.3,11.2,19.1,7.9,12.2
2026-01-02T19:38+09:00,2026-01-02T19:38+09:00,4.3,11.9,19.8,7.9,12.2
2026-01-02T19:53+09:00,2026-01-02T19:53+09:00,4.3,12.5,20.4,7.9,12.2
2026-01-02T20:30+09:00,2026-01-02T20:30+09:00,4.3,12.9,20.8,7.9,12.2
2026-01-02T20:50+09:00,2026-01-02T20:50+09:00,4.3,13.4,21.3,7.9,12.2
2026-01-02T22:02+09:00,2026-01-02T22:02+09:00,4.3,14.6,22.5,7.9,12.2
2026-01-02T22:45+09:00,2026-01-02T22:45+09:00,4.3,16.9,24.8,7.9,12.2
2026-01-02T22:57+09:00,2026-01-02T22:58+09:00,4.3,16.9,24.8,7.9,12.2
2026-01-02T23:36+09:00,2026-01-02T23:36+09:00,4.3,18.4,26.3,7.9,12.2
2026-01-02T23:54+09:00,2026-01-02T23:54+09:00,4.3,19.8,27.7,7.9,12.2
2026-01-03T00:35+09:00,2026-01-03T00:35+09:00,0.0,1.2,1.2,0.0,0.0
2026-01-03T00:53+09:00,2026-01-03T00:53+09:00,0.0,2.1,2.1,0.0,0.0
2026-01-03T01:42+09:00,2026-01-03T01:42+09:00,0.0,3.8,3.8,0.0,0.0
2026-01-03T01:58+09:00,2026-01-03T01:58+09:00,,,,,
2026-01-03T02:33+09:00,2026-01-03T02:33+09:00,0.0,4.1,4.1,0.0,0.0
2026-01-03T02:51+09:00,2026-01-03T02:51+09:00,0.0,4.6,4.6,0.0,0.0
2026-01-03T03:46+09:00,2026-01-03T03:46+09:00,0.0,4.9,4.9,0.0,0.0
2026-01-03T04:25+09:00,2026-01-03T04:25+09:00,0.0,5.1,5.1,0.0,0.0
2026-01-03T04:50+09:00,2026-01-03T04:50+09:00,0.0,5.2,5.2,0.0,0.0
2026-01-03T05:35+09:00,2026-01-03T05:35+09:00,0.0,5.7,5.7,0.0,0.0
2026-01-03T05:53+09:00,2026-01-03T05:53+09:00,0.0,6.4,6.4,0.0,0.0
2026-01-03T06:28+09:00,2026-01-03T06:28+09:00,0.0,6.5,6.5,0.0,0.0
2026-01-03T06:50+09:00,2026-01-03T06:50+09:00,0.0,6.6,6.6,0.0,0.0
2026-01-03T07:36+09:00,2026-01-03T07:36+09:00,0.0,6.8,6.8,0.0,0.0
2026-01-03T07:53+09:00,2026-01-03T07:53+09:00,0.0,6.9,6.9,0.0,0.0
2026-01-03T08:31+09:00,2026-01-03T08:31+09:00,,,,,
2026-01-03T08:50+09:00,2026-01-03T08:50+09:00,0.1,6.9,7.1,0.2,0.3
2026-01-03T11:21+09:00,2026-01-03T11:21+09:00,2.6,7.2,10.1,2.9,5.5
2026-01-03T12:46+09:00,2026-01-03T12:46+09:00,4.1,7.8,13.1,5.3,9.4
2026-01-03T13:45+09:00,2026-01-03T13:45+09:00,5.1,8.0,15.0,7.0,12.1
2026-01-03T14:01+09:00,2026-01-03T14:01+09:00,,,,,
2026-01-03T14:36+09:00,2026-01-03T14:37+09:00,5.4,8.1,15.9,7.8,13.2
2026-01-03T14:53+09:00,2026-01-03T14:53+09:00,5.5,8.2,16.4,8.2,13.7
2026-01-03T15:47+09:00,2026-01-03T15:47+09:00,5.8,8.4,17.1,8.7,14.5
2026-01-03T16:31+09:00,2026-01-03T16:31+09:00,5.8,8.5,17.4,9.0,14.8
2026-01-03T16:50+09:00,2026-01-03T16:50+09:00,5.8,8.8,17.9,9.1,14.9
2026-01-03T17:42+09:00,2026-01-03T17:42+09:00,5.8,10.4,19.5,9.1,14.9
2026-01-03T17:57+09:00,2026-01-03T17:57+09:00,5.8,10.4,19.5,9.1,14.9
2026-01-03T18:33+09:00,2026-01-03T18:33+09:00,5.8,11.2,20.2,9.1,14.9
2026-01-03T18:50+09:00,2026-01-03T18:51+09:00,5.8,12.1,21.1,9.1,14.9
2026-01-03T19:36+09:00,2026-01-03T19:36+09:00,5.8,12.7,21.7,9.1,14.9
2026-01-03T19:52+09:00,2026-01-03T19:52+09:00,5.8,13.2,22.2,9.1,14.9
2026-01-03T20:28+09:00,2026-01-03T20:28+09:00,5.8,13.6,22.7,9.1,14.9
2026-01-03T20:50+09:00,2026-01-03T20:50+09:00,5.8,14.0,23.1,9.1,14.9
2026-01-03T22:00+09:00,2026-01-03T22:00+09:00,5.8,15.4,24.5,9.1,14.9
2026-01-03T22:40+09:00,2026-01-03T22:40+09:00,5.8,17.2,26.3,9.1,14.9
2026-01-03T22:52+09:00,2026-01-03T22:52+09:00,5.8,17.2,26.3,9.1,14.9
2026-01-03T23:33+09:00,2026-01-03T23:33+09:00,5.8,18.2,27.2,9.1,14.9
2026-01-03T23:51+09:00,2026-01-03T23:51+09:00,5.8,19.1,28.2,9.1,14.9
2026-01-04T00:32+09:00,2026-01-04T00:32+09:00,0.0,1.4,1.4,0.0,0.0
2026-01-04T00:51+09:00,2026-01-04T00:51+09:00,0.0,2.3,2.3,0.0,0.0
2026-01-04T01:40+09:00,2026-01-04T01:40+09:00,0.0,3.5,3.5,0.0,0.0
2026-01-04T01:55+09:00,2026-01-04T01:55+09:00,0.0,3.5,3.5,0.0,0.0
2026-01-04T02:32+09:00,2026-01-04T02:32+09:00,0.0,3.8,3.8,0.0,0.0
2026-01-04T02:47+09:00,2026-01-04T02:50+09:00,0.0,4.4,4.4,0.0,0.0
2026-01-04T03:44+09:00,2026-01-04T03:45+09:00,0.0,4.8,4.8,0.0,0.0
2026-01-04T03:58+09:00,2026-01-04T03:58+09:00,0.0,4.8,4.8,0.0,0.0
2026-01-04T04:27+09:00,2026-01-04T04:27+09:00,0.0,4.9,4.9,0.0,0.0
2026-01-04T04:51+09:00,2026-01-04T04:51+09:00,,,,,
2026-01-04T05:35+09:00,2026-01-04T05:35+09:00,0.0,5.2,5.2,0.0,0.0
2026-01-04T05:52+09:00,2026-01-04T05:52+09:00,0.0,5.7,5.7,0.0,0.0
2026-01-04T06:30+09:00,2026-01-04T06:31+09:00,0.0,5.8,5.8,0.0,0.0
2026-01-04T06:50+09:00,2026-01-04T06:50+09:00,0.0,6.0,6.0,0.0,0.0
2026-01-04T07:34+09:00,2026-01-04T07:34+09:00,0.0,6.1,6.1,0.0,0.0
2026-01-04T07:52+09:00,2026-01-04T07:52+09:00,0.0,6.2,6.3,0.1,0.1
2026-01-04T08:31+09:00,2026-01-04T08:31+09:00,0.0,6.5,6.7,0.2,0.2
2026-01-04T08:50+09:00,2026-01-04T08:51+09:00,0.1,6.8,7.4,0.6,0.7
2026-01-04T11:40+09:00,2026-01-04T11:40+09:00,3.2,6.8,9.2,2.4,5.6
2026-01-04T13:05+09:00,2026-01-04T13:05+09:00,4.5,7.0,11.7,4.7,9.2
2026-01-04T13:58+09:00,2026-01-04T13:58+09:00,4.9,7.0,12.9,6.0,10.9
2026-01-04T14:43+09:00,2026-01-04T14:43+09:00,5.1,7.4,14.2,6.8,11.9
2026-01-04T14:57+09:00,2026-01-04T14:57+09:00,5.1,7.4,14.2,6.8,11.9
2026-01-04T15:49+09:00,2026-01-04T15:49+09:00,5.1,8.7,16.1,7.4,12.5
2026-01-04T16:33+09:00,2026-01-04T16:33+09:00,5.1,9.7,17.3,7.6,12.7
2026-01-04T16:50+09:00,2026-01-04T16:50+09:00,5.1,10.2,18.0,7.7,12.8
2026-01-04T17:43+09:00,2026-01-04T17:43+09:00,5.1,11.2,18.9,7.7,12.8
2026-01-04T17:57+09:00,2026-01-04T17:57+09:00,5.1,11.2,18.9,7.7,12.8
2026-01-04T18:32+09:00,2026-01-04T18:32+09:00,5.1,11.6,19.3,7.7,12.8
2026-01-04T18:50+09:00,2026-01-04T18:50+09:00,5.1,12.2,20.0,7.7,12.8
2026-01-04T19:36+09:00,2026-01-04T19:36+09:00,5.1,13.0,20.7,7.7,12.8
2026-01-04T19:52+09:00,2026-01-04T19:52+09:00,5.1,13.2,21.0,7.7,12.8
2026-01-04T20:28+09:00,2026-01-04T20:28+09:00,5.1,13.8,21.6,7.7,12.8
2026-01-04T20:50+09:00,2026-01-04T20:50+09:00,5.1,14.4,22.1,7.7,12.8
2026-01-04T22:00+09:00,2026-01-04T22:00+09:00,5.1,15.4,23.2,7.7,12.8
2026-01-04T22:42+09:00,2026-01-04T22:42+09:00,5.1,17.1,24.8,7.7,12.8
2026-01-04T22:53+09:00,2026-01-04T22:53+09:00,5.1,17.1,24.8,7.7,12.8
2026-01-04T23:33+09:00,2026-01-04T23:33+09:00,5.1,18.0,25.8,7.7,12.8
2026-01-04T23:51+09:00,2026-01-04T23:51+09:00,5.1,19.3,27.1,7.7,12.8
2026-01-05T00:32+09:00,2026-01-05T00:32+09:00,0.0,1.0,1.0,0.0,0.0
2026-01-05T00:50+09:00,2026-01-05T00:50+09:00,0.0,1.6,1.6,0.0,0.0
2026-01-05T01:39+09:00,2026-01-05T01:40+09:00,0.0,2.5,2.5,0.0,0.0
2026-01-05T01:55+09:00,2026-01-05T01:55+09:00,0.0,2.7,2.7,0.0,0.0
2026-01-05T02:32+09:00,2026-01-05T02:32+09:00,0.0,2.8,2.8,0.0,0.0
2026-01-05T02:50+09:00,2026-01-05T02:50+09:00,0.0,3.2,3.2,0.0,0.0
2026-01-05T03:44+09:00,2026-01-05T03:44+09:00,0.0,3.9,3.9,0.0,0.0
2026-01-05T03:59+09:00,2026-01-05T03:59+09:00,0.0,3.9,3.9,0.0,0.0
2026-01-05T04:27+09:00,2026-01-05T04:27+09:00,0.0,4.1,4.1,0.0,0.0
2026-01-05T04:50+09:00,2026-01-05T04:50+09:00,0.0,4.2,4.2,0.0,0.0
2026-01-05T05:35+09:00,2026-01-05T05:35+09:00,0.0,4.3,4.3,0.0,0.0
2026-01-05T05:53+09:00,2026-01-05T05:53+09:00,0.0,4.4,4.4,0.0,0.0
2026-01-05T06:31+09:00,2026-01-05T06:31+09:00,0.0,4.7,4.7,0.0,0.0
2026-01-05T06:50+09:00,2026-01-05T06:50+09:00,0.0,5.0,5.0,0.0,0.0
2026-01-05T07:35+09:00,2026-01-05T07:35+09:00,0.0,5.7,5.7,0.0,0.0
2026-01-05T07:53+09:00,2026-01-05T07:53+09:00,0.0,6.5,6.5,0.0,0.0
2026-01-05T08:32+09:00,2026-01-05T08:32+09:00,,,,,
2026-01-05T08:51+09:00,2026-01-05T08:51+09:00,0.0,6.8,7.1,0.3,0.3
2026-01-05T11:39+09:00,2026-01-05T11:39+09:00,1.0,7.3,11.2,3.9,4.9
2026-01-05T13:10+09:00,2026-01-05T13:10+09:00,2.2,7.3,12.6,5.3,7.5
2026-01-05T14:06+09:00,2026-01-05T14:06+09:00,4.3,7.3,13.5,6.1,10.4
2026-01-05T14:50+09:00,2026-01-05T14:51+09:00,5.6,7.4,14.3,6.9,12.5
2026-01-05T15:56+09:00,2026-01-05T15:57+09:00,6.2,7.4,15.1,7.6,13.8
2026-01-05T16:43+09:00,2026-01-05T16:44+09:00,6.2,8.1,16.1,8.0,14.2
2026-01-05T16:57+09:00,2026-01-05T16:57+09:00,6.2,8.1,16.1,8.0,14.2
2026-01-05T17:50+09:00,2026-01-05T17:50+09:00,6.2,9.0,17.0,8.0,14.2
2026-01-05T18:47+09:00,2026-01-05T18:47+09:00,6.2,10.7,18.7,8.0,14.2
2026-01-05T19:45+09:00,2026-01-05T19:45+09:00,6.2,11.5,19.5,8.0,14.2
2026-01-05T19:59+09:00,2026-01-05T19:59+09:00,6.2,11.5,19.5,8.0,14.2
2026-01-05T20:33+09:00,2026-01-05T20:33+09:00,6.2,12.0,20.0,8.0,14.2
2026-01-05T20:51+09:00,2026-01-05T20:51+09:00,6.2,12.6,20.6,8.0,14.2
2026-01-05T22:09+09:00,2026-01-05T22:09+09:00,6.2,14.1,22.1,8.0,14.2
2026-01-05T22:52+09:00,2026-01-05T22:52+09:00,,15.8,23.8,8.0,14.2
2026-01-05T23:44+09:00,2026-01-05T23:44+09:00,,,,8.0,14.2
2026-01-05T23:59+09:00,2026-01-05T23:59+09:00,6.2,17.3,25.3,8.0,14.2
2026-01-06T00:39+09:00,2026-01-06T00:39+09:00,0.0,0.5,0.5,0.0,0.0
2026-01-06T00:57+09:00,2026-01-06T00:57+09:00,0.0,0.6,0.6,0.0,0.0
2026-01-06T01:45+09:00,2026-01-06T01:45+09:00,0.0,0.8,0.8,0.0,0.0
2026-01-06T02:02+09:00,2026-01-06T02:02+09:00,0.0,0.8,0.8,0.0,0.0
2026-01-06T02:37+09:00,2026-01-06T02:37+09:00,0.0,0.9,0.9,0.0,0.0
2026-01-06T02:54+09:00,2026-01-06T02:55+09:00,0.0,1.2,1.2,0.0,0.0
2026-01-06T03:49+09:00,2026-01-06T03:49+09:00,0.0,2.2,2.2,0.0,0.0
2026-01-06T04:31+09:00,2026-01-06T04:31+09:00,0.0,2.8,2.8,0.0,0.0
2026-01-06T04:51+09:00,2026-01-06T04:51+09:00,0.0,3.1,3.1,0.0,0.0
2026-01-06T05:38+09:00,2026-01-06T05:38+09:00,0.0,3.3,3.3,0.0,0.0
2026-01-06T05:55+09:00,2026-01-06T05:55+09:00,0.0,3.4,3.4,0.0,0.0
2026-01-06T06:34+09:00,2026-01-06T06:34+09:00,0.0,3.9,3.9,0.0,0.0
2026-01-06T06:52+09:00,2026-01-06T06:52+09:00,0.0,4.3,4.3,0.0,0.0
2026-01-06T07:38+09:00,2026-01-06T07:38+09:00,0.0,5.4,5.4,0.0,0.0
2026-01-06T07:54+09:00,2026-01-06T07:54+09:00,0.0,6.1,6.1,0.0,0.0
2026-01-06T08:32+09:00,2026-01-06T08:32+09:00,0.0,6.5,6.7,0.2,0.2
2026-01-06T08:51+09:00,2026-01-06T08:51+09:00,0.1,6.7,7.3,0.5,0.6
2026-01-06T11:27+09:00,2026-01-06T11:28+09:00,3.5,6.8,9.3,2.5,6.0
2026-01-06T12:54+09:00,2026-01-06T12:54+09:00,7.6,6.8,10.0,3.2,10.8
2026-01-06T13:52+09:00,2026-01-06T13:52+09:00,10.3,6.8,10.5,3.7,14.0
2026-01-06T14:42+09:00,2026-01-06T14:42+09:00,12.2,6.8,11.0,4.2,16.4
2026-01-06T14:56+09:00,2026-01-06T14:56+09:00,12.2,6.8,11.0,4.2,16.4
2026-01-06T15:52+09:00,2026-01-06T15:52+09:00,12.4,6.8,11.4,4.6,17.0
2026-01-06T16:38+09:00,2026-01-06T16:38+09:00,12.5,6.9,11.6,4.7,17.2
2026-01-06T16:53+09:00,2026-01-06T16:53+09:00,12.5,7.0,11.8,4.8,17.3
2026-01-06T17:47+09:00,2026-01-06T17:47+09:00,12.5,7.8,12.6,4.8,17.3
2026-01-06T18:40+09:00,2026-01-06T18:40+09:00,12.5,9.0,13.8,4.8,17.3
2026-01-06T18:55+09:00,2026-01-06T18:55+09:00,12.5,9.0,13.8,4.8,17.3
2026-01-06T19:42+09:00,2026-01-06T19:43+09:00,12.5,10.1,14.9,4.8,17.3
2026-01-06T19:57+09:00,2026-01-06T19:57+09:00,12.5,10.1,14.9,4.8,17.3
2026-01-06T20:31+09:00,2026-01-06T20:31+09:00,12.5,10.4,15.3,4.8,17.3
2026-01-06T20:51+09:00,2026-01-06T20:51+09:00,12.5,10.8,15.6,4.8,17.3
2026-01-06T22:06+09:00,2026-01-06T22:06+09:00,12.5,12.0,16.8,4.8,17.3
2026-01-06T22:50+09:00,2026-01-06T22:50+09:00,12.5,13.3,18.1,4.8,17.3
2026-01-06T23:41+09:00,2026-01-06T23:41+09:00,12.5,15.4,20.3,4.8,17.3
2026-01-06T23:57+09:00,2026-01-06T23:57+09:00,12.5,15.4,20.3,4.8,17.3
2026-01-07T00:37+09:00,2026-01-07T00:37+09:00,0.0,1.4,,,
2026-01-07T00:55+09:00,2026-01-07T00:55+09:00,0.0,2.4,,,
2026-01-07T01:47+09:00,2026-01-07T01:47+09:00,0.0,3.2,3.2,0.0,0.0
2026-01-07T02:38+09:00,2026-01-07T02:38+09:00,0.0,3.3,3.3,0.0,0.0
2026-01-07T02:55+09:00,2026-01-07T02:55+09:00,0.0,3.7,3.7,0.0,0.0
2026-01-07T03:48+09:00,2026-01-07T03:48+09:00,0.0,4.5,4.5,0.0,0.0
2026-01-07T04:29+09:00,2026-01-07T04:29+09:00,0.0,4.6,4.6,0.0,0.0
2026-01-07T04:51+09:00,2026-01-07T04:51+09:00,0.0,4.7,4.7,0.0,0.0
2026-01-07T05:37+09:00,2026-01-07T05:37+09:00,0.0,4.8,4.8,0.0,0.0
2026-01-07T05:53+09:00,2026-01-07T05:53+09:00,0.0,4.9,4.9,0.0,0.0
2026-01-07T06:34+09:00,2026-01-07T06:34+09:00,0.0,5.5,5.5,0.0,0.0
2026-01-07T06:52+09:00,2026-01-07T06:52+09:00,0.0,6.0,6.0,0.0,0.0
2026-01-07T07:38+09:00,2026-01-07T07:38+09:00,0.0,6.4,6.4,0.0,0.0
2026-01-07T07:54+09:00,2026-01-07T07:54+09:00,0.0,7.5,7.5,0.0,0.0
2026-01-07T08:33+09:00,2026-01-07T08:33+09:00,0.0,8.1,8.2,0.1,0.1
2026-01-07T08:50+09:00,2026-01-07T08:50+09:00,0.2,8.2,8.7,0.6,0.8
2026-01-07T11:27+09:00,2026-01-07T11:28+09:00,4.0,8.4,10.6,2.2,6.2
2026-01-07T12:54+09:00,2026-01-07T12:54+09:00,9.1,8.4,10.9,2.5,11.6
2026-01-07T13:53+09:00,2026-01-07T13:53+09:00,11.6,8.4,11.8,3.4,15.0
2026-01-07T14:42+09:00,2026-01-07T14:43+09:00,13.3,8.4,12.6,4.2,17.5
2026-01-07T14:56+09:00,2026-01-07T14:56+09:00,13.3,8.4,12.6,4.2,17.5
2026-01-07T15:51+09:00,2026-01-07T15:51+09:00,14.0,8.4,13.0,4.6,18.6
2026-01-07T16:37+09:00,2026-01-07T16:37+09:00,14.0,8.4,13.3,4.9,18.9
2026-01-07T16:53+09:00,2026-01-07T16:53+09:00,14.0,8.5,13.6,5.1,19.1
2026-01-07T17:47+09:00,2026-01-07T17:47+09:00,14.0,9.1,14.2,5.2,19.2
2026-01-07T18:42+09:00,2026-01-07T18:42+09:00,14.0,9.7,14.8,5.2,19.2
2026-01-07T18:57+09:00,2026-01-07T18:57+09:00,14.0,9.7,14.8,5.2,19.2
2026-01-07T19:43+09:00,2026-01-07T19:43+09:00,14.0,10.5,15.7,5.2,19.2
2026-01-07T19:58+09:00,2026-01-07T19:58+09:00,14.0,10.5,15.7,5.2,19.2
2026-01-07T20:32+09:00,2026-01-07T20:33+09:00,14.0,11.1,16.3,5.2,19.2
2026-01-07T20:51+09:00,2026-01-07T20:51+09:00,14.0,11.9,17.1,5.2,19.2
2026-01-07T22:07+09:00,2026-01-07T22:08+09:00,14.0,14.2,19.3,5.2,19.2
2026-01-07T22:51+09:00,2026-01-07T22:51+09:00,14.0,16.6,21.7,5.2,19.2
2026-01-07T23:43+09:00,2026-01-07T23:43+09:00,14.0,20.0,25.2,5.2,19.2
2026-01-07T23:59+09:00,2026-01-07T23:59+09:00,14.0,20.0,25.2,5.2,19.2
2026-01-08T00:41+09:00,2026-01-08T00:41+09:00,0.0,1.3,1.3,0.0,0.0
2026-01-08T00:58+09:00,2026-01-08T00:58+09:00,0.0,1.3,1.3,0.0,0.0
2026-01-08T01:49+09:00,2026-01-08T01:49+09:00,0.0,1.6,1.6,0.0,0.0
2026-01-08T02:42+09:00,2026-01-08T02:43+09:00,0.0,1.9,1.9,0.0,0.0
2026-01-08T02:57+09:00,2026-01-08T02:57+09:00,0.0,1.9,1.9,0.0,0.0
2026-01-08T03:50+09:00,2026-01-08T03:50+09:00,0.0,2.6,2.6,0.0,0.0
2026-01-08T04:32+09:00,2026-01-08T04:32+09:00,0.0,3.0,3.0,0.0,0.0
2026-01-08T04:51+09:00,2026-01-08T04:51+09:00,0.0,3.3,3.3,0.0,0.0
2026-01-08T05:39+09:00,2026-01-08T05:40+09:00,0.0,3.4,3.4,0.0,0.0
2026-01-08T05:57+09:00,2026-01-08T05:57+09:00,,,,,
2026-01-08T06:33+09:00,2026-01-08T06:33+09:00,0.0,4.6,4.6,0.0,0.0
2026-01-08T06:52+09:00,2026-01-08T06:52+09:00,0.0,5.5,5.5,0.0,0.0
2026-01-08T07:36+09:00,2026-01-08T07:36+09:00,0.0,6.6,6.6,0.0,0.0
2026-01-08T07:54+09:00,2026-01-08T07:54+09:00,0.0,7.5,7.5,0.0,0.0
2026-01-08T08:32+09:00,2026-01-08T08:32+09:00,0.0,8.1,8.2,0.1,0.1
2026-01-08T08:51+09:00,2026-01-08T08:51+09:00,0.1,8.2,8.5,0.3,0.4
2026-01-08T11:28+09:00,2026-01-08T11:28+09:00,2.7,8.5,10.9,2.4,5.1
2026-01-08T12:54+09:00,2026-01-08T12:54+09:00,5.1,8.5,11.2,2.7,7.8
2026-01-08T13:52+09:00,2026-01-08T13:52+09:00,6.3,8.5,11.4,2.8,9.1
2026-01-08T14:42+09:00,2026-01-08T14:42+09:00,8.2,8.5,11.4,2.9,11.1
2026-01-08T14:56+09:00,2026-01-08T14:56+09:00,8.2,8.5,11.4,2.9,11.1
2026-01-08T15:51+09:00,2026-01-08T15:51+09:00,9.1,8.5,11.6,3.0,12.1
2026-01-08T16:36+09:00,2026-01-08T16:36+09:00,9.1,8.6,12.0,3.4,12.5
2026-01-08T16:52+09:00,2026-01-08T16:52+09:00,9.1,8.8,12.3,3.5,12.6
2026-01-08T17:47+09:00,2026-01-08T17:47+09:00,9.1,9.8,13.3,3.5,12.6
2026-01-08T18:42+09:00,2026-01-08T18:42+09:00,9.1,11.2,14.6,3.5,12.6
2026-01-08T18:57+09:00,2026-01-08T18:57+09:00,9.1,11.2,14.6,3.5,12.6
2026-01-08T19:44+09:00,2026-01-08T19:44+09:00,9.1,12.0,15.5,3.5,12.6
2026-01-08T19:59+09:00,2026-01-08T19:59+09:00,9.1,12.0,15.5,3.5,12.6
2026-01-08T20:33+09:00,2026-01-08T20:33+09:00,9.1,12.5,16.0,3.5,12.6
2026-01-08T20:53+09:00,2026-01-08T20:53+09:00,9.1,13.7,17.2,3.5,12.6
2026-01-08T22:08+09:00,2026-01-08T22:08+09:00,9.1,16.6,20.0,3.5,12.6
2026-01-08T22:52+09:00,2026-01-08T22:52+09:00,9.1,18.9,22.4,3.5,12.6
2026-01-08T23:45+09:00,2026-01-08T23:45+09:00,9.1,20.2,23.7,3.5,12.6
2026-01-09T00:01+09:00,2026-01-09T00:01+09:00,9.1,20.2,23.7,3.5,12.6
2026-01-09T00:41+09:00,2026-01-09T00:42+09:00,0.0,0.4,0.4,0.0,0.0
2026-01-09T00:58+09:00,2026-01-09T00:59+09:00,0.0,0.4,0.4,0.0,0.0
2026-01-09T01:49+09:00,2026-01-09T01:49+09:00,0.0,0.7,0.7,0.0,0.0
2026-01-09T02:43+09:00,2026-01-09T02:43+09:00,0.0,1.0,1.0,0.0,0.0
2026-01-09T02:57+09:00,2026-01-09T02:58+09:00,0.0,1.0,1.0,0.0,0.0
2026-01-09T03:47+09:00,2026-01-09T03:47+09:00,0.0,1.9,1.9,0.0,0.0
2026-01-09T04:31+09:00,2026-01-09T04:31+09:00,0.0,2.0,2.0,0.0,0.0
2026-01-09T04:51+09:00,2026-01-09T04:51+09:00,0.0,2.1,2.1,0.0,0.0
2026-01-09T05:39+09:00,2026-01-09T05:39+09:00,0.0,2.2,2.2,0.0,0.0
2026-01-09T05:55+09:00,2026-01-09T05:55+09:00,0.0,2.3,2.3,0.0,0.0
2026-01-09T06:34+09:00,2026-01-09T06:34+09:00,0.0,3.5,3.5,0.0,0.0
2026-01-09T06:52+09:00,2026-01-09T06:52+09:00,0.0,4.3,4.3,0.0,0.0
2026-01-09T07:37+09:00,2026-01-09T07:38+09:00,0.0,5.1,5.1,0.0,0.0
2026-01-09T07:54+09:00,2026-01-09T07:54+09:00,0.0,5.8,5.8,0.0,0.0
2026-01-09T08:29+09:00,2026-01-09T08:29+09:00,0.0,6.3,6.4,0.1,0.1
2026-01-09T08:51+09:00,2026-01-09T08:51+09:00,0.0,6.5,6.8,0.3,0.3
2026-01-09T11:28+09:00,2026-01-09T11:28+09:00,1.8,6.8,8.6,1.8,3.6
2026-01-09T12:54+09:00,2026-01-09T12:54+09:00,3.7,6.8,8.8,2.0,5.7
2026-01-09T13:53+09:00,2026-01-09T13:53+09:00,5.3,6.8,9.0,2.2,7.5
2026-01-09T14:43+09:00,2026-01-09T14:43+09:00,6.6,6.8,9.2,2.4,9.0
2026-01-09T14:57+09:00,2026-01-09T14:57+09:00,6.6,6.8,9.2,2.4,9.0
2026-01-09T15:51+09:00,2026-01-09T15:51+09:00,8.0,6.8,9.3,2.5,10.5
2026-01-09T16:37+09:00,2026-01-09T16:37+09:00,8.1,6.9,9.7,2.8,10.9
2026-01-09T16:53+09:00,2026-01-09T16:53+09:00,8.1,7.1,10.0,2.9,11.0
2026-01-09T17:47+09:00,2026-01-09T17:48+09:00,8.1,8.1,11.2,3.0,11.1
2026-01-09T18:42+09:00,2026-01-09T18:42+09:00,8.1,9.4,12.4,3.0,11.1
2026-01-09T18:58+09:00,2026-01-09T18:58+09:00,,,,,
2026-01-09T19:43+09:00,2026-01-09T19:43+09:00,8.1,9.7,12.7,3.0,11.1
2026-01-09T19:58+09:00,2026-01-09T19:58+09:00,8.1,9.7,12.7,3.0,11.1
2026-01-09T20:32+09:00,2026-01-09T20:32+09:00,8.1,9.8,12.9,3.0,11.1
2026-01-09T20:51+09:00,2026-01-09T20:51+09:00,8.1,9.9,13.0,3.0,11.1
2026-01-09T22:07+09:00,2026-01-09T22:07+09:00,8.1,10.2,13.3,3.0,11.1
2026-01-09T22:50+09:00,2026-01-09T22:50+09:00,,,,,
2026-01-09T23:42+09:00,2026-01-09T23:42+09:00,8.1,13.9,16.9,3.0,11.1
2026-01-09T23:58+09:00,2026-01-09T23:58+09:00,8.1,13.9,16.9,3.0,11.1
2026-01-10T00:39+09:00,2026-01-10T00:39+09:00,0.0,1.1,1.1,0.0,0.0
2026-01-10T00:55+09:00,2026-01-10T00:56+09:00,0.0,2.1,2.1,0.0,0.0
2026-01-10T01:46+09:00,2026-01-10T01:46+09:00,0.0,2.9,2.9,0.0,0.0
2026-01-10T02:38+09:00,2026-01-10T02:38+09:00,0.0,3.2,3.2,0.0,0.0
2026-01-10T02:54+09:00,2026-01-10T02:54+09:00,0.0,3.5,3.5,0.0,0.0
2026-01-10T03:49+09:00,2026-01-10T03:49+09:00,0.0,4.7,4.7,0.0,0.0
2026-01-10T04:31+09:00,2026-01-10T04:31+09:00,0.0,5.2,5.2,0.0,0.0
2026-01-10T04:51+09:00,2026-01-10T04:51+09:00,0.0,5.5,5.5,0.0,0.0
2026-01-10T05:37+09:00,2026-01-10T05:38+09:00,0.0,5.6,5.6,0.0,0.0
2026-01-10T05:55+09:00,2026-01-10T05:55+09:00,0.0,5.8,5.8,0.0,0.0
2026-01-10T06:33+09:00,2026-01-10T06:33+09:00,0.0,6.5,6.5,0.0,0.0
2026-01-10T06:51+09:00,2026-01-10T06:51+09:00,0.0,7.4,7.4,0.0,0.0
2026-01-10T07:37+09:00,2026-01-10T07:37+09:00,0.0,7.6,7.6,0.0,0.0
2026-01-10T07:53+09:00,2026-01-10T07:54+09:00,0.0,7.7,7.7,0.0,0.0
2026-01-10T08:32+09:00,2026-01-10T08:32+09:00,0.1,7.7,7.8,0.1,0.2
2026-01-10T08:51+09:00,2026-01-10T08:52+09:00,0.7,7.7,7.9,0.2,0.9
2026-01-10T11:24+09:00,2026-01-10T11:24+09:00,4.7,7.9,10.6,2.7,7.4
2026-01-10T12:48+09:00,2026-01-10T12:48+09:00,9.2,7.9,11.4,3.5,12.7
2026-01-10T13:47+09:00,2026-01-10T13:47+09:00,12.1,7.9,12.1,4.2,16.3
2026-01-10T14:36+09:00,2026-01-10T14:36+09:00,12.6,7.9,13.1,5.2,17.8
2026-01-10T14:52+09:00,2026-01-10T14:52+09:00,13.6,7.9,13.2,5.3,18.9
2026-01-10T15:46+09:00,2026-01-10T15:47+09:00,13.9,8.4,14.4,6.0,19.9
2026-01-10T16:31+09:00,2026-01-10T16:31+09:00,13.9,8.7,15.1,6.3,20.2
2026-01-10T16:50+09:00,2026-01-10T16:50+09:00,13.9,8.8,15.3,6.4,20.3
2026-01-10T17:41+09:00,2026-01-10T17:41+09:00,13.9,9.7,16.2,6.5,20.4
2026-01-10T17:56+09:00,2026-01-10T17:57+09:00,13.9,9.7,16.2,6.5,20.4
2026-01-10T18:33+09:00,2026-01-10T18:33+09:00,13.9,10.0,16.5,6.5,20.4
2026-01-10T18:50+09:00,2026-01-10T18:51+09:00,13.9,10.4,17.0,6.5,20.4
2026-01-10T19:36+09:00,2026-01-10T19:36+09:00,13.9,11.4,17.9,6.5,20.4
2026-01-10T19:52+09:00,2026-01-10T19:52+09:00,13.9,12.1,18.6,6.5,20.4
2026-01-10T20:28+09:00,2026-01-10T20:28+09:00,13.9,12.8,19.3,6.5,20.4
2026-01-10T20:50+09:00,2026-01-10T20:50+09:00,13.9,13.4,19.9,6.5,20.4
2026-01-10T22:00+09:00,2026-01-10T22:00+09:00,13.9,15.0,21.5,6.5,20.4
2026-01-10T22:40+09:00,2026-01-10T22:40+09:00,13.9,16.1,22.6,6.5,20.4
2026-01-10T22:52+09:00,2026-01-10T22:52+09:00,13.9,16.1,22.6,6.5,20.4
2026-01-10T23:34+09:00,2026-01-10T23:34+09:00,13.9,16.7,23.2,6.5,20.4
2026-01-10T23:51+09:00,2026-01-10T23:51+09:00,13.9,17.4,23.9,6.5,20.4
2026-01-11T00:32+09:00,2026-01-11T00:32+09:00,0.0,0.9,0.9,0.0,0.0
2026-01-11T00:51+09:00,2026-01-11T00:51+09:00,0.0,1.5,1.5,0.0,0.0
2026-01-11T01:40+09:00,2026-01-11T01:40+09:00,0.0,1.9,1.9,0.0,0.0
2026-01-11T01:55+09:00,2026-01-11T01:55+09:00,0.0,2.0,2.0,0.0,0.0
2026-01-11T02:32+09:00,2026-01-11T02:32+09:00,0.0,2.2,2.2,0.0,0.0
2026-01-11T02:51+09:00,2026-01-11T02:51+09:00,0.0,2.5,2.5,0.0,0.0
2026-01-11T03:45+09:00,2026-01-11T03:45+09:00,0.0,3.1,3.1,0.0,0.0
2026-01-11T03:59+09:00,2026-01-11T03:59+09:00,0.0,3.1,3.1,0.0,0.0
2026-01-11T04:27+09:00,2026-01-11T04:27+09:00,0.0,3.2,3.2,0.0,0.0
2026-01-11T04:50+09:00,2026-01-11T04:50+09:00,0.0,3.4,3.4,0.0,0.0
2026-01-11T05:35+09:00,2026-01-11T05:35+09:00,0.0,3.5,3.5,0.0,0.0
2026-01-11T05:52+09:00,2026-01-11T05:52+09:00,0.0,3.6,3.6,0.0,0.0
2026-01-11T06:30+09:00,2026-01-11T06:30+09:00,0.0,3.8,3.8,0.0,0.0
2026-01-11T06:50+09:00,2026-01-11T06:50+09:00,0.0,3.9,3.9,0.0,0.0
2026-01-11T07:35+09:00,2026-01-11T07:35+09:00,0.0,4.0,4.0,0.0,0.0
2026-01-11T07:52+09:00,2026-01-11T07:52+09:00,0.0,4.1,4.1,0.0,0.0
2026-01-11T08:31+09:00,2026-01-11T08:31+09:00,0.1,4.2,4.4,0.1,0.2
2026-01-11T08:51+09:00,2026-01-11T08:51+09:00,0.2,4.2,4.6,0.3,0.5
2026-01-11T11:39+09:00,2026-01-11T11:39+09:00,2.1,5.2,7.6,2.4,4.5
2026-01-11T13:04+09:00,2026-01-11T13:04+09:00,,,,,
2026-01-11T13:57+09:00,2026-01-11T13:57+09:00,3.6,6.1,10.9,4.8,8.4
2026-01-11T14:41+09:00,2026-01-11T14:42+09:00,4.6,6.1,11.0,4.9,9.5
2026-01-11T14:55+09:00,2026-01-11T14:55+09:00,4.6,6.1,11.0,4.9,9.5
2026-01-11T15:48+09:00,2026-01-11T15:49+09:00,5.4,6.1,11.2,5.0,10.4
2026-01-11T16:33+09:00,2026-01-11T16:33+09:00,5.5,6.2,11.4,5.2,10.7
2026-01-11T16:51+09:00,2026-01-11T16:51+09:00,5.5,6.4,11.7,5.3,10.8
2026-01-11T17:42+09:00,2026-01-11T17:42+09:00,5.5,7.7,13.1,5.4,10.9
2026-01-11T17:57+09:00,2026-01-11T17:57+09:00,5.5,7.7,13.1,5.4,10.9
2026-01-11T18:33+09:00,2026-01-11T18:33+09:00,5.5,8.8,14.2,5.4,10.9
2026-01-11T18:51+09:00,2026-01-11T18:51+09:00,5.5,9.9,15.3,5.4,10.9
2026-01-11T19:37+09:00,2026-01-11T19:37+09:00,5.5,11.0,16.4,5.4,10.9
2026-01-11T19:53+09:00,2026-01-11T19:53+09:00,5.5,12.0,17.4,5.4,10.9
2026-01-11T20:28+09:00,2026-01-11T20:28+09:00,5.5,13.4,18.7,5.4,10.9
2026-01-11T20:50+09:00,2026-01-11T20:50+09:00,5.5,14.1,19.5,5.4,10.9
2026-01-11T22:01+09:00,2026-01-11T22:01+09:00,5.5,15.6,21.0,5.4,10.9
2026-01-11T22:42+09:00,2026-01-11T22:42+09:00,5.5,17.5,22.9,5.4,10.9
2026-01-11T22:54+09:00,2026-01-11T22:54+09:00,5.5,17.5,22.9,5.4,10.9
2026-01-11T23:34+09:00,2026-01-11T23:34+09:00,5.5,19.0,24.4,5.4,10.9
2026-01-11T23:51+09:00,2026-01-11T23:51+09:00,5.5,20.3,25.7,5.4,10.9
2026-01-12T00:32+09:00,2026-01-12T00:32+09:00,0.0,1.4,1.4,0.0,0.0
2026-01-12T00:51+09:00,2026-01-12T00:51+09:00,0.0,2.2,2.2,0.0,0.0
2026-01-12T01:40+09:00,2026-01-12T01:40+09:00,0.0,3.3,3.3,0.0,0.0
2026-01-12T01:55+09:00,2026-01-12T01:55+09:00,0.0,3.3,3.3,0.0,0.0
2026-01-12T02:32+09:00,2026-01-12T02:32+09:00,0.0,3.6,3.6,0.0,0.0
2026-01-12T02:51+09:00,2026-01-12T02:51+09:00,0.0,4.1,4.1,0.0,0.0
2026-01-12T03:45+09:00,2026-01-12T03:45+09:00,0.0,4.7,4.7,0.0,0.0
2026-01-12T03:59+09:00,2026-01-12T03:59+09:00,0.0,4.7,4.7,0.0,0.0
2026-01-12T04:28+09:00,2026-01-12T04:28+09:00,0.0,4.8,4.8,0.0,0.0
2026-01-12T04:50+09:00,2026-01-12T04:50+09:00,0.0,5.0,5.0,0.0,0.0
2026-01-12T05:35+09:00,2026-01-12T05:35+09:00,0.0,5.1,5.1,0.0,0.0
2026-01-12T05:52+09:00,2026-01-12T05:53+09:00,0.0,5.3,5.3,0.0,0.0
2026-01-12T06:30+09:00,2026-01-12T06:30+09:00,0.0,5.5,5.5,0.0,0.0
2026-01-12T06:50+09:00,2026-01-12T06:50+09:00,0.0,5.7,5.7,0.0,0.0
2026-01-12T07:35+09:00,2026-01-12T07:35+09:00,0.0,5.9,5.9,0.0,0.0
2026-01-12T07:52+09:00,2026-01-12T07:52+09:00,0.0,6.0,6.1,0.1,0.1
2026-01-12T08:31+09:00,2026-01-12T08:31+09:00,0.1,6.0,6.2,0.2,0.3
2026-01-12T08:51+09:00,2026-01-12T08:51+09:00,0.2,6.3,7.1,0.7,0.9
2026-01-12T11:35+09:00,2026-01-12T11:35+09:00,,,,,
2026-01-12T13:04+09:00,2026-01-12T13:04+09:00,7.2,6.6,12.7,6.0,13.2
2026-01-12T14:00+09:00,2026-01-12T14:00+09:00,10.5,6.6,13.3,6.7,17.2
2026-01-12T14:47+09:00,2026-01-12T14:47+09:00,11.5,6.9,15.4,8.4,19.9
2026-01-12T15:55+09:00,2026-01-12T15:55+09:00,11.5,7.5,17.4,9.9,21.4
2026-01-12T16:40+09:00,2026-01-12T16:40+09:00,11.5,8.7,18.8,10.2,21.7
2026-01-12T16:54+09:00,2026-01-12T16:54+09:00,11.5,8.7,18.8,10.2,21.7
2026-01-12T17:49+09:00,2026-01-12T17:49+09:00,11.5,10.4,20.7,10.3,21.8
2026-01-12T18:47+09:00,2026-01-12T18:47+09:00,11.5,12.5,22.8,10.3,21.8
2026-01-12T19:45+09:00,2026-01-12T19:45+09:00,11.5,15.0,25.2,10.3,21.8
2026-01-12T19:59+09:00,2026-01-12T19:59+09:00,11.5,15.0,25.2,10.3,21.8
2026-01-12T20:33+09:00,2026-01-12T20:33+09:00,11.5,15.6,25.8,10.3,21.8
2026-01-12T20:52+09:00,2026-01-12T20:52+09:00,11.5,16.0,26.3,10.3,21.8
2026-01-12T22:10+09:00,2026-01-12T22:10+09:00,11.5,18.4,28.7,10.3,21.8
2026-01-12T22:53+09:00,2026-01-12T22:53+09:00,11.5,21.0,31.3,10.3,21.8
2026-01-12T23:46+09:00,2026-01-12T23:46+09:00,11.5,23.2,33.5,10.3,21.8
2026-01-13T00:43+09:00,2026-01-13T00:43+09:00,0.0,1.4,1.4,0.0,0.0
2026-01-13T01:00+09:00,2026-01-13T01:00+09:00,0.0,1.4,1.4,0.0,0.0
2026-01-13T01:46+09:00,2026-01-13T01:46+09:00,0.0,2.2,2.2,0.0,0.0
2026-01-13T02:38+09:00,2026-01-13T02:38+09:00,0.0,2.4,2.4,0.0,0.0
2026-01-13T02:53+09:00,2026-01-13T02:53+09:00,0.0,2.8,2.8,0.0,0.0
2026-01-13T03:50+09:00,2026-01-13T03:50+09:00,0.0,3.3,3.3,0.0,0.0
2026-01-13T04:31+09:00,2026-01-13T04:31+09:00,0.0,3.5,3.5,0.0,0.0
2026-01-13T04:50+09:00,2026-01-13T04:50+09:00,0.0,3.7,3.7,0.0,0.0
2026-01-13T05:39+09:00,2026-01-13T05:39+09:00,,,,,
2026-01-13T05:56+09:00,2026-01-13T05:56+09:00,0.0,4.2,4.2,0.0,0.0
2026-01-13T06:34+09:00,2026-01-13T06:34+09:00,0.0,4.5,4.5,0.0,0.0
2026-01-13T06:52+09:00,2026-01-13T06:52+09:00,0.0,5.2,5.2,0.0,0.0
2026-01-13T07:34+09:00,2026-01-13T07:34+09:00,0.0,5.7,5.7,0.0,0.0
2026-01-13T07:52+09:00,2026-01-13T07:52+09:00,0.0,6.3,6.3,0.0,0.0
2026-01-13T08:28+09:00,2026-01-13T08:29+09:00,0.0,6.7,6.8,0.2,0.2
2026-01-13T08:50+09:00,2026-01-13T08:51+09:00,0.2,6.7,7.2,0.5,0.7
2026-01-13T11:26+09:00,2026-01-13T11:26+09:00,1.5,7.1,8.8,1.7,3.2
2026-01-13T12:51+09:00,2026-01-13T12:54+09:00,3.0,7.1,9.1,2.0,5.0
2026-01-13T13:53+09:00,2026-01-13T13:53+09:00,6.3,7.1,9.3,2.2,8.5
2026-01-13T14:42+09:00,2026-01-13T14:42+09:00,8.2,7.1,9.5,2.4,10.6
2026-01-13T14:56+09:00,2026-01-13T14:56+09:00,8.2,7.1,9.5,2.4,10.6
2026-01-13T15:51+09:00,2026-01-13T15:52+09:00,9.0,7.1,9.6,2.5,11.5
2026-01-13T16:36+09:00,2026-01-13T16:36+09:00,9.1,7.2,9.8,2.6,11.7
2026-01-13T16:53+09:00,2026-01-13T16:53+09:00,9.1,7.6,10.5,2.8,11.9
2026-01-13T17:48+09:00,2026-01-13T17:48+09:00,9.1,8.8,11.7,2.8,11.9
2026-01-13T18:42+09:00,2026-01-13T18:42+09:00,9.1,9.7,12.5,2.8,11.9
2026-01-13T18:57+09:00,2026-01-13T18:57+09:00,9.1,9.7,12.5,2.8,11.9
2026-01-13T19:44+09:00,2026-01-13T19:44+09:00,9.1,10.6,13.5,2.8,11.9
2026-01-13T19:59+09:00,2026-01-13T19:59+09:00,9.1,10.6,13.5,2.8,11.9
2026-01-13T20:33+09:00,2026-01-13T20:33+09:00,9.1,10.6,13.5,2.8,11.9
2026-01-13T20:52+09:00,2026-01-13T20:52+09:00,9.1,10.6,13.5,2.8,11.9
2026-01-13T22:09+09:00,2026-01-13T22:10+09:00,9.1,13.2,16.1,2.8,11.9
2026-01-13T22:52+09:00,2026-01-13T22:52+09:00,9.1,15.1,18.0,2.8,11.9
2026-01-13T23:45+09:00,2026-01-13T23:45+09:00,9.1,17.1,20.0,2.8,11.9
2026-01-14T00:01+09:00,2026-01-14T00:02+09:00,9.1,17.1,20.0,2.8,11.9
2026-01-14T00:42+09:00,2026-01-14T00:42+09:00,0.0,0.5,,,
2026-01-14T00:59+09:00,2026-01-14T01:00+09:00,0.0,0.5,,,
2026-01-14T01:50+09:00,2026-01-14T01:50+09:00,0.0,0.8,0.8,0.0,0.0
2026-01-14T02:44+09:00,2026-01-14T02:44+09:00,0.0,1.2,1.2,0.0,0.0
2026-01-14T02:58+09:00,2026-01-14T02:59+09:00,0.0,1.2,1.2,0.0,0.0
2026-01-14T03:49+09:00,2026-01-14T03:49+09:00,0.0,2.0,2.0,0.0,0.0
2026-01-14T04:31+09:00,2026-01-14T04:31+09:00,0.0,2.3,2.3,0.0,0.0
2026-01-14T04:51+09:00,2026-01-14T04:51+09:00,0.0,2.3,2.3,0.0,0.0
2026-01-14T05:39+09:00,2026-01-14T05:39+09:00,0.0,2.4,2.4,0.0,0.0
2026-01-14T05:56+09:00,2026-01-14T05:56+09:00,0.0,2.5,2.5,0.0,0.0
2026-01-14T06:34+09:00,2026-01-14T06:34+09:00,0.0,2.9,2.9,0.0,0.0
2026-01-14T06:53+09:00,2026-01-14T06:53+09:00,0.0,3.4,3.4,0.0,0.0
2026-01-14T07:39+09:00,2026-01-14T07:39+09:00,0.0,4.2,4.2,0.0,0.0
2026-01-14T07:55+09:00,2026-01-14T07:55+09:00,0.0,5.1,5.1,0.0,0.0
2026-01-14T08:31+09:00,2026-01-14T08:31+09:00,0.0,5.7,5.7,0.0,0.0
2026-01-14T08:51+09:00,2026-01-14T08:51+09:00,0.0,6.1,6.2,0.1,0.1
2026-01-14T11:34+09:00,2026-01-14T11:34+09:00,0.9,6.8,7.9,1.0,1.9
2026-01-14T12:58+09:00,2026-01-14T13:03+09:00,2.7,6.8,8.2,1.3,4.0
2026-01-14T13:55+09:00,2026-01-14T13:55+09:00,4.5,6.8,8.4,1.6,6.1
2026-01-14T14:42+09:00,2026-01-14T14:42+09:00,5.8,6.8,8.5,1.6,7.4
2026-01-14T14:56+09:00,2026-01-14T14:56+09:00,5.8,6.8,8.5,1.6,7.4
2026-01-14T15:51+09:00,2026-01-14T15:52+09:00,6.2,6.9,9.1,2.2,8.4
2026-01-14T16:37+09:00,2026-01-14T16:37+09:00,6.2,6.9,9.5,2.6,8.8
2026-01-14T16:53+09:00,2026-01-14T16:53+09:00,6.2,7.2,9.9,2.8,9.0
2026-01-14T17:54+09:00,2026-01-14T17:54+09:00,6.2,8.7,11.6,2.9,9.1
2026-01-14T18:43+09:00,2026-01-14T18:43+09:00,6.2,10.6,13.5,2.9,9.1
2026-01-14T18:58+09:00,2026-01-14T18:58+09:00,6.2,10.6,13.5,2.9,9.1
2026-01-14T19:45+09:00,2026-01-14T19:45+09:00,6.2,12.3,15.2,2.9,9.1
2026-01-14T20:00+09:00,2026-01-14T20:00+09:00,6.2,12.3,15.2,2.9,9.1
2026-01-14T20:34+09:00,2026-01-14T20:34+09:00,6.2,13.4,16.2,2.9,9.1
2026-01-14T20:53+09:00,2026-01-14T20:53+09:00,6.2,14.6,17.4,2.9,9.1
2026-01-14T22:09+09:00,2026-01-14T22:09+09:00,6.2,16.4,19.2,2.9,9.1
2026-01-14T22:52+09:00,2026-01-14T22:52+09:00,6.2,18.3,21.2,2.9,9.1
2026-01-14T23:39+09:00,2026-01-14T23:44+09:00,6.2,19.3,22.1,2.9,9.1
2026-01-15T00:01+09:00,2026-01-15T00:01+09:00,6.2,20.2,23.0,2.9,9.1
2026-01-15T00:37+09:00,2026-01-15T00:37+09:00,0.0,1.5,1.5,0.0,0.0
2026-01-15T00:55+09:00,2026-01-15T00:55+09:00,0.0,2.5,2.5,0.0,0.0
2026-01-15T01:50+09:00,2026-01-15T01:50+09:00,0.0,4.0,4.0,0.0,0.0
2026-01-15T02:44+09:00,2026-01-15T02:44+09:00,0.0,4.7,4.7,0.0,0.0
2026-01-15T02:58+09:00,2026-01-15T02:58+09:00,0.0,4.7,4.7,0.0,0.0
2026-01-15T03:51+09:00,2026-01-15T03:51+09:00,0.0,6.1,6.1,0.0,0.0
2026-01-15T04:31+09:00,2026-01-15T04:32+09:00,0.0,6.4,6.4,0.0,0.0
2026-01-15T04:50+09:00,2026-01-15T04:51+09:00,0.0,6.6,6.6,0.0,0.0
2026-01-15T05:35+09:00,2026-01-15T05:35+09:00,0.0,6.8,6.8,0.0,0.0
2026-01-15T05:54+09:00,2026-01-15T05:55+09:00,0.0,7.1,7.1,0.0,0.0
2026-01-15T06:35+09:00,2026-01-15T06:35+09:00,0.0,7.4,7.4,0.0,0.0
2026-01-15T06:53+09:00,2026-01-15T06:53+09:00,0.0,8.1,8.1,0.0,0.0
2026-01-15T07:39+09:00,2026-01-15T07:40+09:00,0.0,9.3,9.3,0.0,0.0
2026-01-15T07:55+09:00,2026-01-15T07:55+09:00,0.0,9.9,9.9,0.0,0.0
2026-01-15T08:29+09:00,2026-01-15T08:29+09:00,0.0,10.2,10.5,0.3,0.3
2026-01-15T08:51+09:00,2026-01-15T08:51+09:00,0.1,10.3,11.0,0.8,0.9
2026-01-15T11:27+09:00,2026-01-15T11:28+09:00,3.7,10.3,12.6,2.3,6.0
2026-01-15T12:57+09:00,2026-01-15T12:57+09:00,7.8,10.3,12.8,2.5,10.3
2026-01-15T13:54+09:00,2026-01-15T13:54+09:00,10.0,10.3,13.0,2.7,12.7
2026-01-15T14:43+09:00,2026-01-15T14:43+09:00,11.3,10.3,13.2,2.9,14.2
2026-01-15T14:56+09:00,2026-01-15T14:56+09:00,11.3,10.3,13.2,2.9,14.2
2026-01-15T15:51+09:00,2026-01-15T15:51+09:00,12.3,10.3,13.8,3.5,15.8
2026-01-15T16:37+09:00,2026-01-15T16:37+09:00,12.3,10.4,14.2,3.8,16.1
2026-01-15T16:53+09:00,2026-01-15T16:53+09:00,12.3,10.6,14.6,4.0,16.3
2026-01-15T17:47+09:00,2026-01-15T17:47+09:00,12.3,10.8,14.8,4.0,16.3
2026-01-15T18:42+09:00,2026-01-15T18:42+09:00,12.3,11.2,15.1,4.0,16.3
2026-01-15T18:57+09:00,2026-01-15T18:57+09:00,12.3,11.2,15.1,4.0,16.3
2026-01-15T19:43+09:00,2026-01-15T19:43+09:00,12.3,13.2,17.2,4.0,16.3
2026-01-15T19:58+09:00,2026-01-15T19:58+09:00,12.3,13.2,17.2,4.0,16.3
2026-01-15T20:33+09:00,2026-01-15T20:33+09:00,12.3,14.0,18.0,4.0,16.3
2026-01-15T20:52+09:00,2026-01-15T20:52+09:00,12.3,14.9,18.8,4.0,16.3
2026-01-15T22:08+09:00,2026-01-15T22:08+09:00,12.3,16.2,20.2,4.0,16.3
2026-01-15T22:52+09:00,2026-01-15T22:52+09:00,12.3,18.1,22.1,4.0,16.3
2026-01-15T23:42+09:00,2026-01-15T23:43+09:00,12.3,21.4,25.3,4.0,16.3
2026-01-15T23:59+09:00,2026-01-15T23:59+09:00,12.3,21.4,25.3,4.0,16.3
2026-01-16T00:42+09:00,2026-01-16T00:42+09:00,0.0,1.3,1.3,0.0,0.0
2026-01-16T01:03+09:00,2026-01-16T01:03+09:00,0.0,1.3,1.3,0.0,0.0
2026-01-16T01:53+09:00,2026-01-16T01:54+09:00,0.0,1.5,1.5,0.0,0.0
2026-01-16T02:50+09:00,2026-01-16T02:50+09:00,0.0,1.8,1.8,0.0,0.0
2026-01-16T03:54+09:00,2026-01-16T03:55+09:00,0.0,2.6,2.6,0.0,0.0
2026-01-16T04:36+09:00,2026-01-16T04:36+09:00,0.0,3.0,3.0,0.0,0.0
2026-01-16T04:55+09:00,2026-01-16T04:55+09:00,0.0,3.0,3.0,0.0,0.0
2026-01-16T05:40+09:00,2026-01-16T05:41+09:00,0.0,3.3,3.3,0.0,0.0
2026-01-16T05:56+09:00,2026-01-16T05:57+09:00,0.0,3.3,3.3,0.0,0.0
2026-01-16T06:34+09:00,2026-01-16T06:35+09:00,0.0,3.4,3.4,0.0,0.0
2026-01-16T06:52+09:00,2026-01-16T06:52+09:00,0.0,3.5,3.5,0.0,0.0
2026-01-16T07:38+09:00,2026-01-16T07:38+09:00,0.0,3.8,3.8,0.0,0.0
2026-01-16T07:54+09:00,2026-01-16T07:54+09:00,0.0,4.6,4.7,0.1,0.1
2026-01-16T08:33+09:00,2026-01-16T08:33+09:00,0.0,4.7,4.9,0.2,0.2
2026-01-16T08:52+09:00,2026-01-16T08:52+09:00,0.1,4.8,5.5,0.6,0.7
2026-01-16T11:29+09:00,2026-01-16T11:29+09:00,4.1,4.8,7.1,2.3,6.4
2026-01-16T12:54+09:00,2026-01-16T12:54+09:00,9.0,4.8,7.5,2.7,11.7
2026-01-16T13:52+09:00,2026-01-16T13:53+09:00,12.3,4.8,7.7,2.8,15.1
2026-01-16T14:42+09:00,2026-01-16T14:42+09:00,14.6,4.8,7.8,3.0,17.6
2026-01-16T14:55+09:00,2026-01-16T14:55+09:00,14.6,4.8,7.8,3.0,17.6
2026-01-16T15:51+09:00,2026-01-16T15:51+09:00,,,,,
2026-01-16T16:36+09:00,2026-01-16T16:36+09:00,15.4,4.9,8.9,4.0,19.4
2026-01-16T16:52+09:00,2026-01-16T16:53+09:00,15.4,5.0,9.2,4.2,19.6
2026-01-16T17:46+09:00,2026-01-16T17:46+09:00,15.4,5.4,9.7,4.3,19.7
2026-01-16T18:40+09:00,2026-01-16T18:41+09:00,15.4,6.3,10.6,4.3,19.7
2026-01-16T18:55+09:00,2026-01-16T18:55+09:00,15.4,6.3,10.6,4.3,19.7
2026-01-16T19:43+09:00,2026-01-16T19:43+09:00,15.4,7.8,12.1,4.3,19.7
2026-01-16T19:57+09:00,2026-01-16T19:57+09:00,15.4,7.8,12.1,4.3,19.7
2026-01-16T20:32+09:00,2026-01-16T20:32+09:00,15.4,8.3,12.5,4.3,19.7
2026-01-16T20:52+09:00,2026-01-16T20:52+09:00,15.4,8.7,13.0,4.3,19.7
2026-01-16T22:06+09:00,2026-01-16T22:07+09:00,15.4,9.4,13.7,4.3,19.7
2026-01-16T22:50+09:00,2026-01-16T22:50+09:00,15.4,10.5,14.8,4.3,19.7
2026-01-16T23:42+09:00,2026-01-16T23:42+09:00,15.4,11.8,16.1,4.3,19.7
2026-01-16T23:58+09:00,2026-01-16T23:59+09:00,15.4,11.8,16.1,4.3,19.7
2026-01-17T00:38+09:00,2026-01-17T00:38+09:00,0.0,1.2,1.2,0.0,0.0
2026-01-17T00:53+09:00,2026-01-17T00:56+09:00,0.0,2.2,2.2,0.0,0.0
2026-01-17T01:47+09:00,2026-01-17T01:47+09:00,0.0,2.7,2.7,0.0,0.0
2026-01-17T02:39+09:00,2026-01-17T02:39+09:00,0.0,2.8,2.8,0.0,0.0
2026-01-17T02:55+09:00,2026-01-17T02:55+09:00,0.0,3.0,3.0,0.0,0.0
2026-01-17T03:49+09:00,2026-01-17T03:50+09:00,0.0,3.8,3.8,0.0,0.0
2026-01-17T04:29+09:00,2026-01-17T04:29+09:00,0.0,4.2,4.2,0.0,0.0
2026-01-17T04:50+09:00,2026-01-17T04:51+09:00,0.0,4.3,4.3,0.0,0.0
2026-01-17T05:33+09:00,2026-01-17T05:33+09:00,0.0,4.4,4.4,0.0,0.0
2026-01-17T05:53+09:00,2026-01-17T05:53+09:00,0.0,4.6,4.6,0.0,0.0
2026-01-17T06:34+09:00,2026-01-17T06:34+09:00,,,,,
2026-01-17T06:52+09:00,2026-01-17T06:52+09:00,0.0,5.2,5.2,0.0,0.0
2026-01-17T07:37+09:00,2026-01-17T07:37+09:00,0.0,5.4,5.4,0.0,0.0
2026-01-17T07:53+09:00,2026-01-17T07:54+09:00,0.0,5.5,5.5,0.0,0.0
2026-01-17T08:32+09:00,2026-01-17T08:32+09:00,0.2,5.5,5.5,0.0,0.2
2026-01-17T08:51+09:00,2026-01-17T08:51+09:00,0.5,5.5,5.9,0.4,0.9
2026-01-17T11:22+09:00,2026-01-17T11:22+09:00,4.4,5.5,8.3,2.8,7.2
2026-01-17T12:46+09:00,2026-01-17T12:46+09:00,9.0,5.5,9.1,3.7,12.7
2026-01-17T13:45+09:00,2026-01-17T13:45+09:00,11.3,5.5,10.3,4.8,16.1
2026-01-17T14:00+09:00,2026-01-17T14:00+09:00,11.3,5.5,10.3,4.8,16.1
2026-01-17T14:35+09:00,2026-01-17T14:35+09:00,12.3,5.5,10.7,5.2,17.5
2026-01-17T14:52+09:00,2026-01-17T14:52+09:00,13.1,5.5,11.0,5.5,18.6
2026-01-17T15:47+09:00,2026-01-17T15:47+09:00,13.7,5.5,11.9,6.4,20.1
2026-01-17T16:30+09:00,2026-01-17T16:31+09:00,13.7,5.8,12.5,6.7,20.4
2026-01-17T16:50+09:00,2026-01-17T16:50+09:00,13.7,6.0,12.8,6.8,20.5
2026-01-17T17:41+09:00,2026-01-17T17:41+09:00,13.7,7.0,13.9,6.9,20.6
2026-01-17T17:56+09:00,2026-01-17T17:56+09:00,13.7,7.0,13.9,6.9,20.6
2026-01-17T18:32+09:00,2026-01-17T18:32+09:00,13.7,7.4,14.3,6.9,20.6
2026-01-17T18:50+09:00,2026-01-17T18:50+09:00,13.7,8.2,15.1,6.9,20.6
2026-01-17T19:36+09:00,2026-01-17T19:36+09:00,13.7,9.1,16.0,6.9,20.6
2026-01-17T19:52+09:00,2026-01-17T19:52+09:00,13.7,9.6,16.5,6.9,20.6
2026-01-17T20:29+09:00,2026-01-17T20:29+09:00,13.7,10.2,17.1,6.9,20.6
2026-01-17T20:50+09:00,2026-01-17T20:50+09:00,13.7,10.7,17.6,6.9,20.6
2026-01-17T22:00+09:00,2026-01-17T22:00+09:00,,,,,
2026-01-17T22:40+09:00,2026-01-17T22:40+09:00,13.7,13.0,19.8,6.9,20.6
2026-01-17T22:52+09:00,2026-01-17T22:52+09:00,13.7,13.8,20.7,6.9,20.6
2026-01-17T23:33+09:00,2026-01-17T23:33+09:00,13.7,14.3,21.2,6.9,20.6
2026-01-17T23:51+09:00,2026-01-17T23:51+09:00,13.7,14.8,21.7,6.9,20.6
2026-01-18T00:32+09:00,2026-01-18T00:33+09:00,0.0,0.2,0.2,0.0,0.0
2026-01-18T00:51+09:00,2026-01-18T00:51+09:00,0.0,0.3,0.3,0.0,0.0
2026-01-18T01:37+09:00,2026-01-18T01:37+09:00,0.0,0.4,0.4,0.0,0.0
2026-01-18T01:54+09:00,2026-01-18T01:54+09:00,0.0,0.5,0.5,0.0,0.0
2026-01-18T02:31+09:00,2026-01-18T02:31+09:00,0.0,0.6,0.6,0.0,0.0
2026-01-18T02:50+09:00,2026-01-18T02:50+09:00,0.0,0.7,0.7,0.0,0.0
2026-01-18T03:44+09:00,2026-01-18T03:44+09:00,0.0,1.3,1.3,0.0,0.0
2026-01-18T03:58+09:00,2026-01-18T03:58+09:00,0.0,1.3,1.3,0.0,0.0
2026-01-18T04:26+09:00,2026-01-18T04:27+09:00,0.0,1.7,1.7,0.0,0.0
2026-01-18T04:50+09:00,2026-01-18T04:50+09:00,0.0,2.1,2.1,0.0,0.0
2026-01-18T05:34+09:00,2026-01-18T05:34+09:00,0.0,2.3,2.3,0.0,0.0
2026-01-18T05:52+09:00,2026-01-18T05:52+09:00,0.0,2.4,2.4,0.0,0.0
2026-01-18T06:30+09:00,2026-01-18T06:30+09:00,0.0,3.0,3.0,0.0,0.0
2026-01-18T06:50+09:00,2026-01-18T06:50+09:00,0.0,3.7,3.7,0.0,0.0
2026-01-18T07:34+09:00,2026-01-18T07:35+09:00,0.0,4.3,4.3,0.0,0.0
2026-01-18T07:52+09:00,2026-01-18T07:52+09:00,0.0,4.5,4.5,0.0,0.0
2026-01-18T08:31+09:00,2026-01-18T08:31+09:00,0.0,5.2,5.4,0.2,0.2
2026-01-18T08:51+09:00,2026-01-18T08:51+09:00,0.3,5.2,5.7,0.6,0.9
2026-01-18T11:38+09:00,2026-01-18T11:38+09:00,5.3,5.2,7.2,2.0,7.3
2026-01-18T13:00+09:00,2026-01-18T13:00+09:00,8.9,5.2,8.9,3.7,12.6
2026-01-18T13:52+09:00,2026-01-18T13:52+09:00,12.2,5.2,9.1,3.9,16.1
2026-01-18T14:37+09:00,2026-01-18T14:38+09:00,13.6,5.2,9.2,4.0,17.6
2026-01-18T14:53+09:00,2026-01-18T14:53+09:00,14.6,5.2,9.3,4.1,18.7
2026-01-18T15:48+09:00,2026-01-18T15:48+09:00,15.5,5.2,9.9,4.7,20.2
2026-01-18T16:32+09:00,2026-01-18T16:32+09:00,15.6,5.2,10.3,5.1,20.7
2026-01-18T16:50+09:00,2026-01-18T16:50+09:00,15.7,5.3,10.4,5.1,20.8
2026-01-18T17:41+09:00,2026-01-18T17:41+09:00,15.7,5.6,10.8,5.2,20.9
2026-01-18T17:56+09:00,2026-01-18T17:56+09:00,15.7,5.6,10.8,5.2,20.9
2026-01-18T18:33+09:00,2026-01-18T18:33+09:00,15.7,6.0,11.2,5.2,20.9
2026-01-18T18:51+09:00,2026-01-18T18:51+09:00,15.7,6.6,11.8,5.2,20.9
2026-01-18T19:37+09:00,2026-01-18T19:37+09:00,15.7,7.0,12.2,5.2,20.9
2026-01-18T19:52+09:00,2026-01-18T19:52+09:00,15.7,7.3,12.5,5.2,20.9
2026-01-18T20:28+09:00,2026-01-18T20:28+09:00,15.7,8.4,13.6,5.2,20.9
2026-01-18T20:50+09:00,2026-01-18T20:50+09:00,15.7,9.0,14.2,5.2,20.9
2026-01-18T22:00+09:00,2026-01-18T22:00+09:00,15.7,10.4,15.6,5.2,20.9
2026-01-18T22:41+09:00,2026-01-18T22:41+09:00,15.7,12.6,17.8,5.2,20.9
2026-01-18T22:53+09:00,2026-01-18T22:53+09:00,15.7,12.6,17.8,5.2,20.9
2026-01-18T23:33+09:00,2026-01-18T23:33+09:00,15.7,13.3,18.5,5.2,20.9
2026-01-18T23:51+09:00,2026-01-18T23:51+09:00,15.7,13.7,18.9,5.2,20.9
2026-01-19T00:32+09:00,2026-01-19T00:32+09:00,0.0,0.1,0.1,0.0,0.0
2026-01-19T00:51+09:00,2026-01-19T00:51+09:00,0.0,0.2,0.2,0.0,0.0
2026-01-19T01:39+09:00,2026-01-19T01:39+09:00,0.0,0.3,0.3,0.0,0.0
2026-01-19T01:55+09:00,2026-01-19T01:55+09:00,0.0,0.3,0.3,0.0,0.0
2026-01-19T02:31+09:00,2026-01-19T02:32+09:00,0.0,0.4,0.4,0.0,0.0
2026-01-19T02:51+09:00,2026-01-19T02:51+09:00,0.0,0.5,0.5,0.0,0.0
2026-01-19T03:43+09:00,2026-01-19T03:43+09:00,0.0,1.1,1.1,0.0,0.0
2026-01-19T03:57+09:00,2026-01-19T03:57+09:00,0.0,1.1,1.1,0.0,0.0
2026-01-19T04:27+09:00,2026-01-19T04:27+09:00,0.0,1.4,1.4,0.0,0.0
2026-01-19T04:50+09:00,2026-01-19T04:50+09:00,0.0,1.7,1.7,0.0,0.0
2026-01-19T05:34+09:00,2026-01-19T05:35+09:00,0.0,2.0,2.0,0.0,0.0
2026-01-19T05:52+09:00,2026-01-19T05:52+09:00,0.0,2.3,2.3,0.0,0.0
2026-01-19T06:30+09:00,2026-01-19T06:31+09:00,0.0,2.7,2.7,0.0,0.0
2026-01-19T06:50+09:00,2026-01-19T06:50+09:00,0.0,3.2,3.2,0.0,0.0
2026-01-19T07:35+09:00,2026-01-19T07:35+09:00,0.0,4.2,4.2,0.0,0.0
2026-01-19T07:52+09:00,2026-01-19T07:52+09:00,0.0,5.1,5.2,0.1,0.1
2026-01-19T08:32+09:00,2026-01-19T08:32+09:00,0.0,5.6,5.9,0.3,0.3
2026-01-19T08:51+09:00,2026-01-19T08:51+09:00,0.0,5.7,6.6,0.9,0.9
2026-01-19T11:35+09:00,2026-01-19T11:35+09:00,3.0,5.8,9.9,4.1,7.1
2026-01-19T13:05+09:00,2026-01-19T13:05+09:00,7.4,5.8,10.6,4.9,12.3
2026-01-19T14:02+09:00,2026-01-19T14:02+09:00,9.8,5.8,11.1,5.3,15.1
2026-01-19T14:48+09:00,2026-01-19T14:48+09:00,12.1,5.8,11.2,5.4,17.5
2026-01-19T15:57+09:00,2026-01-19T15:58+09:00,13.3,5.8,11.4,5.7,19.0
2026-01-19T16:44+09:00,2026-01-19T16:44+09:00,13.6,5.8,11.9,6.1,19.7
2026-01-19T16:58+09:00,2026-01-19T16:58+09:00,13.6,5.8,11.9,6.1,19.7
2026-01-19T17:50+09:00,2026-01-19T17:50+09:00,13.6,6.2,12.4,6.2,19.8
2026-01-19T18:50+09:00,2026-01-19T18:50+09:00,13.6,7.1,13.3,6.2,19.8
2026-01-19T19:48+09:00,2026-01-19T19:48+09:00,13.6,7.9,14.1,6.2,19.8
2026-01-19T20:35+09:00,2026-01-19T20:35+09:00,13.6,8.7,14.9,6.2,19.8
2026-01-19T20:53+09:00,2026-01-19T20:53+09:00,13.6,9.4,15.6,6.2,19.8
2026-01-19T22:12+09:00,2026-01-19T22:12+09:00,13.6,11.0,17.2,6.2,19.8
2026-01-19T22:55+09:00,2026-01-19T22:55+09:00,13.6,11.8,18.0,6.2,19.8
2026-01-19T23:45+09:00,2026-01-19T23:47+09:00,13.6,13.4,19.6,6.2,19.8
2026-01-20T00:42+09:00,2026-01-20T00:42+09:00,0.0,1.1,1.1,0.0,0.0
2026-01-20T00:59+09:00,2026-01-20T00:59+09:00,0.0,1.1,1.1,0.0,0.0
2026-01-20T01:48+09:00,2026-01-20T01:49+09:00,0.0,1.4,1.4,0.0,0.0
2026-01-20T02:38+09:00,2026-01-20T02:38+09:00,0.0,1.5,1.5,0.0,0.0
2026-01-20T02:55+09:00,2026-01-20T02:55+09:00,0.0,1.6,1.6,0.0,0.0
2026-01-20T03:50+09:00,2026-01-20T03:50+09:00,0.0,1.9,1.9,0.0,0.0
2026-01-20T04:30+09:00,2026-01-20T04:31+09:00,0.0,2.3,2.3,0.0,0.0
2026-01-20T04:50+09:00,2026-01-20T04:50+09:00,0.0,2.7,2.7,0.0,0.0
2026-01-20T05:37+09:00,2026-01-20T05:37+09:00,0.0,3.0,3.0,0.0,0.0
2026-01-20T05:54+09:00,2026-01-20T05:54+09:00,0.0,3.2,3.2,0.0,0.0
2026-01-20T06:32+09:00,2026-01-20T06:32+09:00,0.0,3.8,3.8,0.0,0.0
2026-01-20T06:52+09:00,2026-01-20T06:52+09:00,,,,,
2026-01-20T07:37+09:00,2026-01-20T07:37+09:00,0.0,5.5,5.5,0.0,0.0
2026-01-20T07:54+09:00,2026-01-20T07:54+09:00,0.0,5.8,5.8,0.0,0.0
2026-01-20T08:33+09:00,2026-01-20T08:33+09:00,0.0,6.1,6.3,0.3,0.3
2026-01-20T08:52+09:00,2026-01-20T08:53+09:00,0.2,6.1,6.6,0.6,0.8
2026-01-20T11:30+09:00,2026-01-20T11:30+09:00,2.4,6.1,9.1,3.0,5.4
2026-01-20T12:59+09:00,2026-01-20T13:00+09:00,4.5,6.1,9.3,3.2,7.7
2026-01-20T13:57+09:00,2026-01-20T13:57+09:00,5.8,6.1,9.5,3.4,9.2
2026-01-20T14:46+09:00,2026-01-20T14:46+09:00,6.8,6.1,9.6,3.5,10.3
2026-01-20T15:55+09:00,2026-01-20T15:55+09:00,7.7,6.1,9.8,3.7,11.4
2026-01-20T16:42+09:00,2026-01-20T16:42+09:00,7.9,6.3,10.4,4.0,11.9
2026-01-20T16:56+09:00,2026-01-20T16:56+09:00,7.9,6.3,10.4,4.0,11.9
2026-01-20T17:50+09:00,2026-01-20T17:51+09:00,7.9,7.6,11.7,4.0,11.9
2026-01-20T18:47+09:00,2026-01-20T18:47+09:00,7.9,8.3,12.3,4.0,11.9
2026-01-20T19:48+09:00,2026-01-20T19:48+09:00,7.9,10.0,14.0,4.0,11.9
2026-01-20T20:35+09:00,2026-01-20T20:36+09:00,7.9,11.0,15.0,4.0,11.9
2026-01-20T20:54+09:00,2026-01-20T20:54+09:00,7.9,11.8,15.8,4.0,11.9
2026-01-20T22:13+09:00,2026-01-20T22:13+09:00,7.9,14.8,18.8,4.0,11.9
2026-01-20T22:57+09:00,2026-01-20T22:57+09:00,7.9,15.5,19.5,4.0,11.9
2026-01-20T23:51+09:00,2026-01-20T23:51+09:00,7.9,18.1,22.1,4.0,11.9
2026-01-21T00:47+09:00,2026-01-21T00:47+09:00,0.0,1.4,,,
2026-01-21T01:51+09:00,2026-01-21T01:51+09:00,0.0,2.5,2.5,0.0,0.0
2026-01-21T02:46+09:00,2026-01-21T02:46+09:00,0.0,3.5,3.5,0.0,0.0
2026-01-21T04:12+09:00,2026-01-21T04:12+09:00,0.0,5.5,5.5,0.0,0.0
2026-01-21T05:20+09:00,2026-01-21T05:20+09:00,0.0,6.7,6.7,0.0,0.0
2026-01-21T06:01+09:00,2026-01-21T06:01+09:00,0.0,7.0,7.0,0.0,0.0
2026-01-21T06:34+09:00,2026-01-21T06:34+09:00,0.0,7.7,7.7,0.0,0.0
2026-01-21T06:51+09:00,2026-01-21T06:51+09:00,0.0,8.9,8.9,0.0,0.0
2026-01-21T07:36+09:00,2026-01-21T07:36+09:00,0.0,10.0,10.0,0.0,0.0
2026-01-21T07:52+09:00,2026-01-21T07:52+09:00,0.0,10.7,10.7,0.0,0.0
2026-01-21T08:35+09:00,2026-01-21T08:35+09:00,0.0,11.2,11.3,0.1,0.1
2026-01-21T08:53+09:00,2026-01-21T08:53+09:00,0.0,11.3,11.7,0.4,0.4
2026-01-21T11:32+09:00,2026-01-21T11:32+09:00,2.8,11.4,13.9,2.5,5.3
2026-01-21T12:58+09:00,2026-01-21T12:59+09:00,7.2,11.4,14.3,2.9,10.1
2026-01-21T13:55+09:00,2026-01-21T13:55+09:00,9.0,11.4,14.4,3.0,12.0
2026-01-21T14:46+09:00,2026-01-21T14:46+09:00,11.1,11.4,14.7,3.3,14.4
2026-01-21T15:55+09:00,2026-01-21T15:55+09:00,12.2,11.4,14.9,3.5,15.7
2026-01-21T16:43+09:00,2026-01-21T16:43+09:00,12.2,12.1,16.1,4.0,16.2
2026-01-21T16:58+09:00,2026-01-21T16:58+09:00,12.2,12.1,16.1,4.0,16.2
2026-01-21T17:49+09:00,2026-01-21T17:49+09:00,12.2,13.2,17.3,4.1,16.3
2026-01-21T18:47+09:00,2026-01-21T18:47+09:00,12.2,14.1,18.2,4.1,16.3
2026-01-21T19:49+09:00,2026-01-21T19:49+09:00,12.2,15.1,19.2,4.1,16.3
2026-01-21T20:36+09:00,2026-01-21T20:36+09:00,12.2,15.4,19.5,4.1,16.3
2026-01-21T20:54+09:00,2026-01-21T20:54+09:00,12.2,15.8,19.9,4.1,16.3
2026-01-21T22:12+09:00,2026-01-21T22:12+09:00,12.2,19.6,23.7,4.1,16.3
2026-01-21T22:57+09:00,2026-01-21T22:57+09:00,12.2,21.2,25.3,4.1,16.3
2026-01-21T23:51+09:00,2026-01-21T23:51+09:00,12.2,22.9,27.0,4.1,16.3
2026-01-22T00:49+09:00,2026-01-22T00:49+09:00,0.0,0.8,0.8,0.0,0.0
2026-01-22T02:17+09:00,2026-01-22T02:17+09:00,0.0,1.7,1.7,0.0,0.0
2026-01-22T03:24+09:00,2026-01-22T03:24+09:00,0.0,2.2,2.2,0.0,0.0
2026-01-22T04:16+09:00,2026-01-22T04:16+09:00,0.0,3.4,3.4,0.0,0.0
2026-01-22T05:01+09:00,2026-01-22T05:01+09:00,0.0,4.0,4.0,0.0,0.0
2026-01-22T05:48+09:00,2026-01-22T05:48+09:00,0.0,5.2,5.2,0.0,0.0
2026-01-22T06:44+09:00,2026-01-22T06:44+09:00,0.0,9.2,9.2,0.0,0.0
2026-01-22T06:59+09:00,2026-01-22T06:59+09:00,0.0,9.2,9.2,0.0,0.0
2026-01-22T07:45+09:00,2026-01-22T07:45+09:00,0.0,10.9,10.9,0.0,0.0
2026-01-22T08:01+09:00,2026-01-22T08:01+09:00,0.0,10.9,10.9,0.0,0.0
2026-01-22T08:39+09:00,2026-01-22T08:39+09:00,0.0,11.4,11.5,0.1,0.1
2026-01-22T08:56+09:00,2026-01-22T08:56+09:00,0.0,12.3,12.4,0.1,0.1
2026-01-22T11:34+09:00,2026-01-22T11:34+09:00,1.3,13.7,14.7,1.0,2.3
2026-01-22T13:02+09:00,2026-01-22T13:03+09:00,5.7,13.7,15.4,1.7,7.4
2026-01-22T13:58+09:00,2026-01-22T13:58+09:00,9.5,13.7,15.7,2.0,11.5
2026-01-22T14:47+09:00,2026-01-22T14:47+09:00,11.3,13.7,16.2,2.5,13.8
2026-01-22T15:53+09:00,2026-01-22T15:53+09:00,12.4,13.7,16.5,2.8,15.2
2026-01-22T16:41+09:00,2026-01-22T16:41+09:00,12.8,13.8,17.0,3.2,16.0
2026-01-22T16:55+09:00,2026-01-22T16:55+09:00,12.8,13.8,17.0,3.2,16.0
2026-01-22T17:50+09:00,2026-01-22T17:51+09:00,12.8,14.6,17.9,3.3,16.1
2026-01-22T18:47+09:00,2026-01-22T18:47+09:00,12.8,14.9,18.2,3.3,16.1
2026-01-22T19:48+09:00,2026-01-22T19:48+09:00,12.8,16.1,19.3,3.3,16.1
2026-01-22T20:35+09:00,2026-01-22T20:35+09:00,12.8,16.5,19.8,3.3,16.1
2026-01-22T20:54+09:00,2026-01-22T20:55+09:00,12.8,17.0,20.3,3.3,16.1
2026-01-22T22:13+09:00,2026-01-22T22:13+09:00,12.8,20.3,23.6,3.3,16.1
2026-01-22T22:57+09:00,2026-01-22T22:57+09:00,12.8,21.3,24.6,3.3,16.1
2026-01-22T23:50+09:00,2026-01-22T23:50+09:00,12.8,22.5,25.8,3.3,16.1
2026-01-23T00:47+09:00,2026-01-23T00:47+09:00,0.0,1.0,1.0,0.0,0.0
2026-01-23T01:52+09:00,2026-01-23T01:52+09:00,0.0,1.6,1.6,0.0,0.0
2026-01-23T02:46+09:00,2026-01-23T02:46+09:00,0.0,2.2,2.2,0.0,0.0
2026-01-23T03:53+09:00,2026-01-23T03:53+09:00,0.0,2.9,2.9,0.0,0.0
2026-01-23T04:35+09:00,2026-01-23T04:35+09:00,0.0,3.6,3.6,0.0,0.0
2026-01-23T04:53+09:00,2026-01-23T04:53+09:00,0.0,4.3,4.3,0.0,0.0
2026-01-23T05:43+09:00,2026-01-23T05:43+09:00,0.0,5.1,5.1,0.0,0.0
2026-01-23T06:00+09:00,2026-01-23T06:01+09:00,0.0,5.1,5.1,0.0,0.0
2026-01-23T06:37+09:00,2026-01-23T06:37+09:00,0.0,6.2,6.2,0.0,0.0
2026-01-23T06:56+09:00,2026-01-23T06:56+09:00,0.0,8.5,8.5,0.0,0.0
2026-01-23T07:40+09:00,2026-01-23T07:40+09:00,0.0,10.6,10.6,0.0,0.0
2026-01-23T07:56+09:00,2026-01-23T07:56+09:00,0.0,11.6,11.6,0.0,0.0
2026-01-23T08:34+09:00,2026-01-23T08:34+09:00,0.0,12.6,12.9,0.3,0.3
2026-01-23T08:53+09:00,2026-01-23T08:53+09:00,0.0,12.8,13.9,1.1,1.1
2026-01-23T11:29+09:00,2026-01-23T11:30+09:00,4.6,13.0,16.6,3.6,8.2
2026-01-23T12:58+09:00,2026-01-23T12:58+09:00,,,,,
2026-01-23T13:55+09:00,2026-01-23T13:55+09:00,13.8,13.0,17.2,4.2,18.0
2026-01-23T14:45+09:00,2026-01-23T14:45+09:00,15.2,13.0,17.5,4.4,19.6
2026-01-23T14:58+09:00,2026-01-23T14:58+09:00,15.2,13.0,17.5,4.4,19.6
2026-01-23T15:53+09:00,2026-01-23T15:53+09:00,15.6,13.0,17.6,4.6,20.2
2026-01-23T16:38+09:00,2026-01-23T16:38+09:00,15.9,13.0,17.7,4.7,20.6
2026-01-23T16:53+09:00,2026-01-23T16:53+09:00,16.0,13.0,17.8,4.8,20.8
2026-01-23T17:47+09:00,2026-01-23T17:47+09:00,16.0,13.7,18.6,4.9,20.9
2026-01-23T18:44+09:00,2026-01-23T18:44+09:00,16.0,15.2,20.1,4.9,20.9
2026-01-23T18:58+09:00,2026-01-23T18:58+09:00,16.0,15.2,20.1,4.9,20.9
2026-01-23T19:45+09:00,2026-01-23T19:45+09:00,16.0,16.1,21.0,4.9,20.9
2026-01-23T20:34+09:00,2026-01-23T20:34+09:00,16.0,16.9,21.8,4.9,20.9
2026-01-23T20:53+09:00,2026-01-23T20:53+09:00,16.0,18.0,22.9,4.9,20.9
2026-01-23T22:10+09:00,2026-01-23T22:10+09:00,16.0,19.7,24.6,4.9,20.9
2026-01-23T22:53+09:00,2026-01-23T22:53+09:00,16.0,21.7,26.7,4.9,20.9
2026-01-23T23:44+09:00,2026-01-23T23:44+09:00,,,,,
2026-01-24T00:01+09:00,2026-01-24T00:01+09:00,16.0,24.5,29.4,4.9,20.9
2026-01-24T00:41+09:00,2026-01-24T00:41+09:00,0.0,1.5,1.5,0.0,0.0
2026-01-24T00:59+09:00,2026-01-24T00:59+09:00,0.0,1.5,1.5,0.0,0.0
2026-01-24T01:49+09:00,2026-01-24T01:49+09:00,0.0,3.1,3.1,0.0,0.0
2026-01-24T02:38+09:00,2026-01-24T02:38+09:00,0.0,3.4,3.4,0.0,0.0
2026-01-24T02:54+09:00,2026-01-24T02:54+09:00,0.0,3.7,3.7,0.0,0.0
2026-01-24T03:52+09:00,2026-01-24T03:52+09:00,0.0,4.3,4.3,0.0,0.0
2026-01-24T04:33+09:00,2026-01-24T04:33+09:00,0.0,4.6,4.6,0.0,0.0
2026-01-24T04:51+09:00,2026-01-24T04:51+09:00,0.0,5.3,5.3,0.0,0.0
2026-01-24T05:40+09:00,2026-01-24T05:40+09:00,0.0,5.9,5.9,0.0,0.0
2026-01-24T05:56+09:00,2026-01-24T05:56+09:00,0.0,6.6,6.6,0.0,0.0
2026-01-24T06:34+09:00,2026-01-24T06:34+09:00,0.0,7.1,7.1,0.0,0.0
2026-01-24T06:52+09:00,2026-01-24T06:52+09:00,0.0,7.2,7.2,0.0,0.0
2026-01-24T07:35+09:00,2026-01-24T07:35+09:00,0.0,7.4,7.4,0.0,0.0
2026-01-24T07:53+09:00,2026-01-24T07:53+09:00,0.0,7.9,8.0,0.1,0.1
2026-01-24T08:33+09:00,2026-01-24T08:33+09:00,0.0,8.2,8.6,0.4,0.4
2026-01-24T08:52+09:00,2026-01-24T08:52+09:00,0.3,8.2,8.9,0.7,1.0
2026-01-24T11:25+09:00,2026-01-24T11:25+09:00,,,,,
2026-01-24T12:51+09:00,2026-01-24T12:51+09:00,7.1,8.4,15.2,6.8,13.9
2026-01-24T13:48+09:00,2026-01-24T13:48+09:00,8.2,8.5,16.6,8.1,16.3
2026-01-24T14:36+09:00,2026-01-24T14:36+09:00,9.0,8.5,17.0,8.4,17.4
2026-01-24T14:52+09:00,2026-01-24T14:53+09:00,9.8,8.5,17.3,8.7,18.5
2026-01-24T15:48+09:00,2026-01-24T15:48+09:00,10.2,8.8,18.0,9.3,19.5
2026-01-24T16:32+09:00,2026-01-24T16:32+09:00,10.2,9.1,18.5,9.5,19.7
2026-01-24T16:50+09:00,2026-01-24T16:50+09:00,10.2,9.3,19.0,9.7,19.9
2026-01-24T17:42+09:00,2026-01-24T17:42+09:00,,,,,
2026-01-24T17:58+09:00,2026-01-24T17:58+09:00,10.2,11.0,20.8,9.8,20.0
2026-01-24T18:33+09:00,2026-01-24T18:33+09:00,10.2,11.7,21.4,9.8,20.0
2026-01-24T18:51+09:00,2026-01-24T18:51+09:00,10.2,12.3,22.1,9.8,20.0
2026-01-24T19:37+09:00,2026-01-24T19:37+09:00,10.2,12.9,22.7,9.8,20.0
2026-01-24T19:53+09:00,2026-01-24T19:53+09:00,10.2,13.0,22.8,9.8,20.0
2026-01-24T20:29+09:00,2026-01-24T20:29+09:00,10.2,13.2,23.0,9.8,20.0
2026-01-24T20:50+09:00,2026-01-24T20:50+09:00,10.2,13.3,23.1,9.8,20.0
2026-01-24T22:01+09:00,2026-01-24T22:01+09:00,10.2,14.6,24.4,9.8,20.0
2026-01-24T22:43+09:00,2026-01-24T22:43+09:00,10.2,16.8,26.6,9.8,20.0
2026-01-24T22:55+09:00,2026-01-24T22:55+09:00,10.2,16.8,26.6,9.8,20.0
2026-01-24T23:34+09:00,2026-01-24T23:34+09:00,10.2,17.8,27.6,9.8,20.0
2026-01-24T23:52+09:00,2026-01-24T23:52+09:00,10.2,18.7,28.5,9.8,20.0
2026-01-25T00:33+09:00,2026-01-25T00:33+09:00,0.0,0.8,0.8,0.0,0.0
2026-01-25T00:51+09:00,2026-01-25T00:51+09:00,0.0,1.0,1.0,0.0,0.0
2026-01-25T01:41+09:00,2026-01-25T01:41+09:00,0.0,1.2,1.2,0.0,0.0
2026-01-25T01:55+09:00,2026-01-25T01:55+09:00,0.0,1.2,1.2,0.0,0.0
2026-01-25T02:32+09:00,2026-01-25T02:33+09:00,0.0,1.3,1.3,0.0,0.0
2026-01-25T02:50+09:00,2026-01-25T02:50+09:00,0.0,1.5,1.5,0.0,0.0
2026-01-25T03:46+09:00,2026-01-25T03:46+09:00,0.0,1.7,1.7,0.0,0.0
2026-01-25T04:28+09:00,2026-01-25T04:28+09:00,0.0,1.8,1.8,0.0,0.0
2026-01-25T04:50+09:00,2026-01-25T04:50+09:00,0.0,2.3,2.3,0.0,0.0
2026-01-25T05:34+09:00,2026-01-25T05:34+09:00,0.0,2.7,2.7,0.0,0.0
2026-01-25T05:52+09:00,2026-01-25T05:52+09:00,0.0,3.3,3.3,0.0,0.0
2026-01-25T06:30+09:00,2026-01-25T06:31+09:00,0.0,3.5,3.5,0.0,0.0
2026-01-25T06:50+09:00,2026-01-25T06:50+09:00,0.0,3.6,3.6,0.0,0.0
2026-01-25T07:35+09:00,2026-01-25T07:35+09:00,0.0,3.7,3.7,0.0,0.0
2026-01-25T07:52+09:00,2026-01-25T07:52+09:00,,,,,
2026-01-25T08:31+09:00,2026-01-25T08:32+09:00,0.0,4.7,4.8,0.1,0.1
2026-01-25T08:51+09:00,2026-01-25T08:51+09:00,0.0,4.7,4.8,0.1,0.1
2026-01-25T11:42+09:00,2026-01-25T11:42+09:00,4.1,4.7,7.2,2.5,6.6
2026-01-25T13:08+09:00,2026-01-25T13:08+09:00,6.4,5.0,8.9,4.0,10.4
2026-01-25T14:01+09:00,2026-01-25T14:01+09:00,7.7,5.1,10.8,5.7,13.4
2026-01-25T14:44+09:00,2026-01-25T14:44+09:00,8.4,5.2,12.1,6.9,15.3
2026-01-25T14:58+09:00,2026-01-25T14:58+09:00,8.4,5.2,12.1,6.9,15.3
2026-01-25T15:49+09:00,2026-01-25T15:49+09:00,8.6,5.8,14.3,8.5,17.1
2026-01-25T16:33+09:00,2026-01-25T16:33+09:00,8.6,6.1,15.1,9.0,17.6
2026-01-25T16:51+09:00,2026-01-25T16:51+09:00,8.6,6.7,16.0,9.3,17.9
2026-01-25T17:42+09:00,2026-01-25T17:43+09:00,8.6,8.4,17.7,9.3,17.9
2026-01-25T17:58+09:00,2026-01-25T17:58+09:00,8.6,8.4,17.7,9.3,17.9
2026-01-25T18:34+09:00,2026-01-25T18:35+09:00,8.6,9.5,18.8,9.3,17.9
2026-01-25T18:51+09:00,2026-01-25T18:52+09:00,8.6,10.6,19.9,9.3,17.9
2026-01-25T19:38+09:00,2026-01-25T19:38+09:00,8.6,11.7,21.0,9.3,17.9
2026-01-25T19:54+09:00,2026-01-25T19:54+09:00,8.6,12.3,21.6,9.3,17.9
2026-01-25T20:29+09:00,2026-01-25T20:29+09:00,8.6,12.9,22.2,9.3,17.9
2026-01-25T20:50+09:00,2026-01-25T20:50+09:00,8.6,13.6,22.9,9.3,17.9
2026-01-25T22:03+09:00,2026-01-25T22:03+09:00,8.6,15.7,25.0,9.3,17.9
2026-01-25T22:44+09:00,2026-01-25T22:44+09:00,8.6,18.7,28.0,9.3,17.9
2026-01-25T22:57+09:00,2026-01-25T22:57+09:00,8.6,18.7,28.0,9.3,17.9
2026-01-25T23:35+09:00,2026-01-25T23:35+09:00,8.6,20.2,29.5,9.3,17.9
2026-01-25T23:52+09:00,2026-01-25T23:53+09:00,8.6,20.9,30.2,9.3,17.9
2026-01-26T00:33+09:00,2026-01-26T00:33+09:00,0.0,0.2,0.2,0.0,0.0
2026-01-26T00:52+09:00,2026-01-26T00:52+09:00,0.0,0.6,0.6,0.0,0.0
2026-01-26T01:42+09:00,2026-01-26T01:42+09:00,0.0,1.2,1.2,0.0,0.0
2026-01-26T01:57+09:00,2026-01-26T01:57+09:00,0.0,1.2,1.2,0.0,0.0
2026-01-26T02:33+09:00,2026-01-26T02:33+09:00,0.0,1.7,1.7,0.0,0.0
2026-01-26T02:51+09:00,2026-01-26T02:52+09:00,0.0,2.2,2.2,0.0,0.0
2026-01-26T03:46+09:00,2026-01-26T03:46+09:00,0.0,2.8,2.8,0.0,0.0
2026-01-26T04:29+09:00,2026-01-26T04:29+09:00,0.0,3.1,3.1,0.0,0.0
2026-01-26T04:50+09:00,2026-01-26T04:50+09:00,0.0,3.8,3.8,0.0,0.0
2026-01-26T05:36+09:00,2026-01-26T05:36+09:00,0.0,4.7,4.7,0.0,0.0
2026-01-26T05:54+09:00,2026-01-26T05:54+09:00,0.0,5.4,5.4,0.0,0.0
2026-01-26T06:31+09:00,2026-01-26T06:31+09:00,0.0,6.0,6.0,0.0,0.0
2026-01-26T06:51+09:00,2026-01-26T06:51+09:00,0.0,6.6,6.6,0.0,0.0
2026-01-26T07:36+09:00,2026-01-26T07:36+09:00,0.0,7.5,7.5,0.0,0.0
2026-01-26T07:53+09:00,2026-01-26T07:54+09:00,0.0,8.0,8.0,0.0,0.0
2026-01-26T08:32+09:00,2026-01-26T08:33+09:00,0.0,8.6,8.6,0.0,0.0
2026-01-26T08:52+09:00,2026-01-26T08:52+09:00,0.0,9.0,9.1,0.1,0.1
2026-01-26T11:41+09:00,2026-01-26T11:41+09:00,0.4,10.0,10.7,0.7,1.1
2026-01-26T13:10+09:00,2026-01-26T13:10+09:00,1.3,10.0,11.0,0.9,2.2
2026-01-26T14:04+09:00,2026-01-26T14:04+09:00,1.8,10.0,11.0,1.0,2.8
2026-01-26T14:48+09:00,2026-01-26T14:48+09:00,2.9,10.0,11.1,1.1,4.0
2026-01-26T15:56+09:00,2026-01-26T15:56+09:00,3.1,10.0,11.2,1.2,4.3
2026-01-26T16:42+09:00,2026-01-26T16:42+09:00,3.4,10.0,11.4,1.4,4.8
2026-01-26T16:56+09:00,2026-01-26T16:56+09:00,3.4,10.0,11.4,1.4,4.8
2026-01-26T17:51+09:00,2026-01-26T17:51+09:00,3.4,10.2,11.6,1.4,4.8
2026-01-26T18:49+09:00,2026-01-26T18:49+09:00,3.4,12.3,13.7,1.4,4.8
2026-01-26T19:46+09:00,2026-01-26T19:46+09:00,3.4,13.6,15.0,1.4,4.8
2026-01-26T20:33+09:00,2026-01-26T20:33+09:00,3.4,14.3,15.7,1.4,4.8
2026-01-26T20:52+09:00,2026-01-26T20:53+09:00,3.4,15.5,16.9,1.4,4.8
2026-01-26T22:11+09:00,2026-01-26T22:12+09:00,3.4,19.9,21.3,1.4,4.8
2026-01-26T22:55+09:00,2026-01-26T22:55+09:00,,,,,
2026-01-26T23:48+09:00,2026-01-26T23:48+09:00,3.4,23.7,25.1,1.4,4.8
2026-01-27T00:45+09:00,2026-01-27T00:45+09:00,0.0,0.3,0.3,0.0,0.0
2026-01-27T01:02+09:00,2026-01-27T01:02+09:00,0.0,0.3,0.3,0.0,0.0
2026-01-27T01:53+09:00,2026-01-27T01:53+09:00,0.0,0.5,0.5,0.0,0.0
2026-01-27T02:46+09:00,2026-01-27T02:46+09:00,0.0,0.6,0.6,0.0,0.0
2026-01-27T03:54+09:00,2026-01-27T03:54+09:00,0.0,0.8,0.8,0.0,0.0
2026-01-27T04:35+09:00,2026-01-27T04:35+09:00,0.0,0.9,0.9,0.0,0.0
2026-01-27T04:54+09:00,2026-01-27T04:54+09:00,0.0,1.4,1.4,0.0,0.0
2026-01-27T05:43+09:00,2026-01-27T05:43+09:00,0.0,2.4,2.4,0.0,0.0
2026-01-27T05:59+09:00,2026-01-27T05:59+09:00,0.0,2.4,2.4,0.0,0.0
2026-01-27T06:38+09:00,2026-01-27T06:38+09:00,0.0,2.9,2.9,0.0,0.0
2026-01-27T06:56+09:00,2026-01-27T06:56+09:00,0.0,3.4,3.4,0.0,0.0
2026-01-27T07:39+09:00,2026-01-27T07:39+09:00,0.0,4.1,4.1,0.0,0.0
2026-01-27T07:56+09:00,2026-01-27T07:56+09:00,0.0,5.1,5.2,0.1,0.1
2026-01-27T08:35+09:00,2026-01-27T08:35+09:00,0.0,6.2,6.5,0.3,0.3
2026-01-27T08:54+09:00,2026-01-27T08:54+09:00,0.1,6.3,7.1,0.8,0.9
2026-01-27T11:36+09:00,2026-01-27T11:36+09:00,1.3,6.8,9.9,3.1,4.4
2026-01-27T13:02+09:00,2026-01-27T13:02+09:00,3.0,6.8,10.2,3.4,6.4
2026-01-27T13:57+09:00,2026-01-27T13:57+09:00,4.9,6.8,10.4,3.6,8.5
2026-01-27T14:45+09:00,2026-01-27T14:45+09:00,6.0,6.8,10.5,3.7,9.7
2026-01-27T14:59+09:00,2026-01-27T14:59+09:00,6.0,6.8,10.5,3.7,9.7
2026-01-27T15:54+09:00,2026-01-27T15:54+09:00,6.4,6.8,10.6,3.8,10.2
2026-01-27T16:41+09:00,2026-01-27T16:41+09:00,6.4,7.5,11.7,4.1,10.5
2026-01-27T16:55+09:00,2026-01-27T16:56+09:00,6.4,7.5,11.7,4.1,10.5
2026-01-27T17:50+09:00,2026-01-27T17:50+09:00,6.4,8.5,12.6,4.1,10.5
2026-01-27T18:48+09:00,2026-01-27T18:48+09:00,6.4,9.9,14.0,4.1,10.5
2026-01-27T19:49+09:00,2026-01-27T19:49+09:00,6.4,11.4,15.6,4.1,10.5
2026-01-27T20:35+09:00,2026-01-27T20:35+09:00,6.4,12.0,16.1,4.1,10.5
2026-01-27T20:55+09:00,2026-01-27T20:55+09:00,6.4,12.6,16.7,4.1,10.5
2026-01-27T22:14+09:00,2026-01-27T22:14+09:00,6.4,15.0,19.1,4.1,10.5
2026-01-27T22:58+09:00,2026-01-27T22:58+09:00,6.4,15.8,20.0,4.1,10.5
2026-01-27T23:52+09:00,2026-01-27T23:52+09:00,6.4,18.0,22.1,4.1,10.5
2026-01-28T00:45+09:00,2026-01-28T00:45+09:00,0.0,1.3,,,
2026-01-28T01:00+09:00,2026-01-28T01:00+09:00,0.0,1.3,,,
2026-01-28T01:49+09:00,2026-01-28T01:49+09:00,0.0,1.8,1.8,0.0,0.0
2026-01-28T02:45+09:00,2026-01-28T02:45+09:00,0.0,2.3,2.3,0.0,0.0
2026-01-28T03:00+09:00,2026-01-28T03:00+09:00,0.0,2.3,2.3,0.0,0.0
2026-01-28T03:57+09:00,2026-01-28T03:57+09:00,0.0,2.9,2.9,0.0,0.0
2026-01-28T04:40+09:00,2026-01-28T04:41+09:00,0.0,3.5,3.5,0.0,0.0
2026-01-28T04:56+09:00,2026-01-28T04:56+09:00,0.0,3.5,3.5,0.0,0.0
2026-01-28T05:37+09:00,2026-01-28T05:37+09:00,0.0,4.1,4.1,0.0,0.0
2026-01-28T05:56+09:00,2026-01-28T05:57+09:00,0.0,4.6,4.6,0.0,0.0
2026-01-28T06:33+09:00,2026-01-28T06:33+09:00,0.0,5.2,5.2,0.0,0.0
2026-01-28T06:53+09:00,2026-01-28T06:53+09:00,0.0,6.0,6.0,0.0,0.0
2026-01-28T07:37+09:00,2026-01-28T07:37+09:00,0.0,6.9,6.9,0.0,0.0
2026-01-28T07:55+09:00,2026-01-28T07:55+09:00,0.0,7.5,7.6,0.1,0.1
2026-01-28T08:35+09:00,2026-01-28T08:35+09:00,0.0,7.8,8.1,0.3,0.3
2026-01-28T08:54+09:00,2026-01-28T08:54+09:00,0.0,8.0,8.6,0.6,0.6
2026-01-28T11:32+09:00,2026-01-28T11:32+09:00,4.2,8.2,10.5,2.3,6.5
2026-01-28T13:00+09:00,2026-01-28T13:00+09:00,9.3,8.2,10.7,2.5,11.8
2026-01-28T13:55+09:00,2026-01-28T13:55+09:00,11.4,8.2,10.9,2.7,14.1
2026-01-28T14:45+09:00,2026-01-28T14:45+09:00,12.5,8.2,11.0,2.8,15.3
2026-01-28T15:55+09:00,2026-01-28T15:55+09:00,13.0,8.2,11.6,3.4,16.4
2026-01-28T16:39+09:00,2026-01-28T16:39+09:00,13.0,8.3,12.1,3.8,16.8
2026-01-28T16:54+09:00,2026-01-28T16:55+09:00,13.0,8.4,12.3,3.9,16.9
2026-01-28T17:50+09:00,2026-01-28T17:51+09:00,13.0,9.7,13.8,4.1,17.1
2026-01-28T18:49+09:00,2026-01-28T18:49+09:00,,,,,
2026-01-28T19:49+09:00,2026-01-28T19:49+09:00,13.0,12.5,16.6,4.1,17.1
2026-01-28T20:35+09:00,2026-01-28T20:35+09:00,13.0,13.2,17.3,4.1,17.1
2026-01-28T20:54+09:00,2026-01-28T20:54+09:00,13.0,13.9,18.0,4.1,17.1
2026-01-28T22:14+09:00,2026-01-28T22:14+09:00,13.0,17.3,21.4,4.1,17.1
2026-01-28T22:58+09:00,2026-01-28T22:58+09:00,13.0,18.5,22.6,4.1,17.1
2026-01-28T23:54+09:00,2026-01-28T23:54+09:00,13.0,20.2,24.3,4.1,17.1
2026-01-29T00:50+09:00,2026-01-29T00:50+09:00,0.0,0.3,0.3,0.0,0.0
2026-01-29T01:57+09:00,2026-01-29T01:57+09:00,0.0,0.5,0.5,0.0,0.0
2026-01-29T02:49+09:00,2026-01-29T02:49+09:00,0.0,0.7,0.7,0.0,0.0
2026-01-29T03:53+09:00,2026-01-29T03:53+09:00,0.0,0.9,0.9,0.0,0.0
2026-01-29T04:44+09:00,2026-01-29T04:44+09:00,0.0,1.5,1.5,0.0,0.0
2026-01-29T04:59+09:00,2026-01-29T04:59+09:00,0.0,1.5,1.5,0.0,0.0
2026-01-29T05:49+09:00,2026-01-29T05:49+09:00,0.0,2.5,2.5,0.0,0.0
2026-01-29T06:45+09:00,2026-01-29T06:45+09:00,0.0,4.1,4.1,0.0,0.0
2026-01-29T07:01+09:00,2026-01-29T07:02+09:00,0.0,4.1,4.1,0.0,0.0
2026-01-29T07:47+09:00,2026-01-29T07:47+09:00,0.0,6.1,6.1,0.0,0.0
2026-01-29T08:40+09:00,2026-01-29T08:40+09:00,0.0,6.8,6.9,0.1,0.1
2026-01-29T08:57+09:00,2026-01-29T08:57+09:00,0.0,7.1,7.3,0.2,0.2
2026-01-29T11:51+09:00,2026-01-29T11:51+09:00,1.3,8.3,10.5,2.3,3.6
2026-01-29T13:48+09:00,2026-01-29T13:49+09:00,4.9,8.3,10.9,2.7,7.6
2026-01-29T14:59+09:00,2026-01-29T14:59+09:00,6.8,8.3,11.1,2.8,9.6
2026-01-29T16:06+09:00,2026-01-29T16:06+09:00,7.9,8.3,11.6,3.3,11.2
2026-01-29T16:54+09:00,2026-01-29T16:55+09:00,8.0,8.5,12.3,3.8,11.8
2026-01-29T17:59+09:00,2026-01-29T17:59+09:00,8.0,9.1,13.0,3.9,11.9
2026-01-29T18:59+09:00,2026-01-29T19:00+09:00,8.0,10.4,14.3,3.9,11.9
2026-01-29T19:58+09:00,2026-01-29T19:58+09:00,8.0,11.3,15.2,3.9,11.9
2026-01-29T20:46+09:00,2026-01-29T20:46+09:00,8.0,12.5,16.4,3.9,11.9
2026-01-29T22:32+09:00,2026-01-29T22:32+09:00,8.0,15.0,18.9,3.9,11.9
2026-01-29T23:25+09:00,2026-01-29T23:25+09:00,8.0,17.4,21.3,3.9,11.9
2026-01-30T00:20+09:00,2026-01-30T00:20+09:00,,,,,
2026-01-30T01:21+09:00,2026-01-30T01:22+09:00,0.0,0.6,0.6,0.0,0.0
2026-01-30T02:23+09:00,2026-01-30T02:23+09:00,0.0,0.8,0.8,0.0,0.0
2026-01-30T03:06+09:00,2026-01-30T03:06+09:00,0.0,0.9,0.9,0.0,0.0
2026-01-30T04:04+09:00,2026-01-30T04:04+09:00,0.0,1.1,1.1,0.0,0.0
2026-01-30T04:44+09:00,2026-01-30T04:44+09:00,0.0,1.7,1.7,0.0,0.0
2026-01-30T05:01+09:00,2026-01-30T05:02+09:00,0.0,1.7,1.7,0.0,0.0
2026-01-30T05:47+09:00,2026-01-30T05:47+09:00,0.0,2.7,2.7,0.0,0.0
2026-01-30T06:43+09:00,2026-01-30T06:43+09:00,0.0,5.0,5.0,0.0,0.0
2026-01-30T07:00+09:00,2026-01-30T07:01+09:00,0.0,5.0,5.0,0.0,0.0
2026-01-30T07:47+09:00,2026-01-30T07:47+09:00,0.0,7.0,7.0,0.0,0.0
2026-01-30T08:41+09:00,2026-01-30T08:41+09:00,0.1,7.6,8.7,1.1,1.2
2026-01-30T08:57+09:00,2026-01-30T08:57+09:00,0.1,7.6,8.7,1.1,1.2
2026-01-30T11:51+09:00,2026-01-30T11:51+09:00,6.3,7.6,10.7,3.0,9.3
2026-01-30T13:51+09:00,2026-01-30T13:51+09:00,10.9,7.6,11.0,3.4,14.3
2026-01-30T15:01+09:00,2026-01-30T15:01+09:00,13.3,7.6,11.2,3.6,16.9
2026-01-30T16:07+09:00,2026-01-30T16:08+09:00,14.2,7.6,11.6,4.0,18.2
2026-01-30T16:54+09:00,2026-01-30T16:54+09:00,14.5,7.7,12.2,4.5,19.0
2026-01-30T17:57+09:00,2026-01-30T17:57+09:00,14.5,8.3,13.0,4.6,19.1
2026-01-30T18:56+09:00,2026-01-30T18:56+09:00,14.5,9.3,13.9,4.6,19.1
2026-01-30T19:55+09:00,2026-01-30T19:55+09:00,14.5,11.3,15.9,4.6,19.1
2026-01-30T20:43+09:00,2026-01-30T20:43+09:00,14.5,12.2,16.8,4.6,19.1
2026-01-30T21:00+09:00,2026-01-30T21:00+09:00,14.5,12.2,16.8,4.6,19.1
2026-01-30T22:21+09:00,2026-01-30T22:21+09:00,14.5,14.0,18.6,4.6,19.1
2026-01-30T23:21+09:00,2026-01-30T23:21+09:00,14.5,15.5,20.2,4.6,19.1
2026-01-31T00:18+09:00,2026-01-31T00:18+09:00,14.5,16.2,20.8,4.6,19.1
2026-01-31T01:05+09:00,2026-01-31T01:05+09:00,0.0,1.7,1.7,0.0,0.0
2026-01-31T01:59+09:00,2026-01-31T01:59+09:00,0.0,2.3,2.3,0.0,0.0
2026-01-31T02:52+09:00,2026-01-31T02:52+09:00,0.0,2.6,2.6,0.0,0.0
2026-01-31T04:02+09:00,2026-01-31T04:02+09:00,0.0,2.9,2.9,0.0,0.0
2026-01-31T04:46+09:00,2026-01-31T04:46+09:00,0.0,3.7,3.7,0.0,0.0
2026-01-31T05:48+09:00,2026-01-31T05:48+09:00,0.0,4.9,4.9,0.0,0.0
2026-01-31T06:41+09:00,2026-01-31T06:41+09:00,0.0,5.4,5.4,0.0,0.0
2026-01-31T06:55+09:00,2026-01-31T06:55+09:00,0.0,5.4,5.4,0.0,0.0
2026-01-31T07:46+09:00,2026-01-31T07:46+09:00,0.0,7.2,7.2,0.0,0.0
2026-01-31T08:39+09:00,2026-01-31T08:40+09:00,0.0,7.4,7.6,0.3,0.3
2026-01-31T08:57+09:00,2026-01-31T08:57+09:00,0.2,7.4,7.9,0.6,0.8
2026-01-31T11:46+09:00,2026-01-31T11:47+09:00,5.2,7.5,10.5,3.0,8.2
2026-01-31T13:44+09:00,2026-01-31T13:44+09:00,,,,4.7,15.2
2026-01-31T14:27+09:00,2026-01-31T14:28+09:00,11.3,7.6,12.7,5.0,16.3
2026-01-31T15:04+09:00,2026-01-31T15:04+09:00,11.9,7.6,12.9,5.3,17.2
2026-01-31T15:58+09:00,2026-01-31T15:58+09:00,12.0,7.9,14.0,6.1,18.1
2026-01-31T16:42+09:00,2026-01-31T16:43+09:00,12.0,8.5,15.1,6.6,18.6
2026-01-31T16:57+09:00,2026-01-31T16:57+09:00,12.0,8.5,15.1,6.6,18.6
2026-01-31T17:46+09:00,2026-01-31T17:47+09:00,12.0,8.9,15.6,6.7,18.7
2026-01-31T18:43+09:00,2026-01-31T18:43+09:00,12.0,9.6,16.3,6.7,18.7
2026-01-31T18:58+09:00,2026-01-31T18:58+09:00,12.0,9.6,16.3,6.7,18.7
2026-01-31T19:44+09:00,2026-01-31T19:44+09:00,12.0,11.0,17.7,6.7,18.7
2026-01-31T20:00+09:00,2026-01-31T20:00+09:00,12.0,11.0,17.7,6.7,18.7
2026-01-31T20:33+09:00,2026-01-31T20:34+09:00,12.0,11.5,18.2,6.7,18.7
2026-01-31T20:53+09:00,2026-01-31T20:53+09:00,12.0,12.1,18.8,6.7,18.7
2026-01-31T22:10+09:00,2026-01-31T22:10+09:00,12.0,13.8,20.5,6.7,18.7
2026-01-31T22:51+09:00,2026-01-31T22:51+09:00,12.0,16.1,22.8,6.7,18.7
2026-01-31T23:42+09:00,2026-01-31T23:43+09:00,12.0,18.9,25.5,6.7,18.7
2026-01-31T23:59+09:00,2026-01-31T23:59+09:00,12.0,18.9,25.5,6.7,18.7
2026-02-01T00:38+09:00,2026-02-01T00:38+09:00,0.0,0.9,,,
2026-02-01T00:55+09:00,2026-02-01T00:55+09:00,0.0,1.4,,,
2026-02-01T01:46+09:00,2026-02-01T01:46+09:00,0.0,1.9,1.9,0.0,0.0
2026-02-01T02:40+09:00,2026-02-01T02:40+09:00,0.0,2.1,2.1,0.0,0.0
2026-02-01T02:56+09:00,2026-02-01T02:56+09:00,0.0,2.1,2.1,0.0,0.0
2026-02-01T03:50+09:00,2026-02-01T03:51+09:00,0.0,2.4,2.4,0.0,0.0
2026-02-01T04:33+09:00,2026-02-01T04:33+09:00,0.0,2.5,2.5,0.0,0.0
2026-02-01T04:52+09:00,2026-02-01T04:52+09:00,0.0,3.0,3.0,0.0,0.0
2026-02-01T05:41+09:00,2026-02-01T05:41+09:00,0.0,4.0,4.0,0.0,0.0
2026-02-01T05:57+09:00,2026-02-01T05:57+09:00,0.0,4.0,4.0,0.0,0.0
2026-02-01T06:35+09:00,2026-02-01T06:35+09:00,0.0,4.5,4.5,0.0,0.0
2026-02-01T06:54+09:00,2026-02-01T06:54+09:00,0.0,4.8,4.8,0.0,0.0
2026-02-01T07:41+09:00,2026-02-01T07:41+09:00,0.0,5.0,5.1,0.1,0.1
2026-02-01T07:57+09:00,2026-02-01T07:57+09:00,0.0,5.0,5.1,0.1,0.1
2026-02-01T08:36+09:00,2026-02-01T08:36+09:00,0.0,5.3,5.8,0.5,0.5
2026-02-01T08:55+09:00,2026-02-01T08:55+09:00,0.0,6.1,7.1,1.0,1.0
2026-02-01T12:29+09:00,2026-02-01T12:29+09:00,5.7,6.7,13.2,6.5,12.2
2026-02-01T14:16+09:00,2026-02-01T14:16+09:00,7.9,7.5,16.4,8.9,16.8
2026-02-01T15:30+09:00,2026-02-01T15:30+09:00,8.0,7.8,17.9,10.1,18.1
2026-02-01T16:26+09:00,2026-02-01T16:26+09:00,8.0,8.7,19.3,10.6,18.6
2026-02-01T17:00+09:00,2026-02-01T17:00+09:00,8.0,9.4,20.2,10.8,18.8
2026-02-01T17:49+09:00,2026-02-01T17:49+09:00,8.0,10.0,20.9,10.9,18.9
2026-02-01T18:45+09:00,2026-02-01T18:45+09:00,8.0,10.8,21.7,10.9,18.9
2026-02-01T19:00+09:00,2026-02-01T19:00+09:00,8.0,10.8,21.7,10.9,18.9
2026-02-01T19:46+09:00,2026-02-01T19:46+09:00,8.0,12.6,23.5,10.9,18.9
2026-02-01T20:35+09:00,2026-02-01T20:35+09:00,8.0,13.6,24.5,10.9,18.9
2026-02-01T20:54+09:00,2026-02-01T20:54+09:00,8.0,14.4,25.3,10.9,18.9
2026-02-01T22:12+09:00,2026-02-01T22:13+09:00,8.0,17.4,28.3,10.9,18.9
2026-02-01T22:54+09:00,2026-02-01T22:54+09:00,8.0,18.1,29.0,10.9,18.9
2026-02-01T23:45+09:00,2026-02-01T23:45+09:00,8.0,18.4,29.3,10.9,18.9
2026-02-02T00:00+09:00,2026-02-02T00:00+09:00,8.0,18.4,29.3,10.9,18.9
2026-02-02T00:40+09:00,2026-02-02T00:40+09:00,0.0,0.6,0.6,0.0,0.0
2026-02-02T00:57+09:00,2026-02-02T00:57+09:00,0.0,0.6,0.6,0.0,0.0
2026-02-02T01:48+09:00,2026-02-02T01:48+09:00,0.0,1.2,1.2,0.0,0.0
2026-02-02T02:42+09:00,2026-02-02T02:42+09:00,0.0,1.8,1.8,0.0,0.0
2026-02-02T02:58+09:00,2026-02-02T02:58+09:00,,,,,
2026-02-02T03:54+09:00,2026-02-02T03:54+09:00,0.0,2.2,2.2,0.0,0.0
2026-02-02T04:36+09:00,2026-02-02T04:36+09:00,0.0,2.3,2.3,0.0,0.0
2026-02-02T04:55+09:00,2026-02-02T04:55+09:00,0.0,3.0,3.0,0.0,0.0
2026-02-02T05:43+09:00,2026-02-02T05:43+09:00,0.0,4.5,4.5,0.0,0.0
2026-02-02T06:00+09:00,2026-02-02T06:00+09:00,0.0,4.5,4.5,0.0,0.0
2026-02-02T06:37+09:00,2026-02-02T06:37+09:00,0.0,5.6,5.6,0.0,0.0
2026-02-02T06:56+09:00,2026-02-02T06:56+09:00,0.0,7.0,7.0,0.0,0.0
2026-02-02T07:44+09:00,2026-02-02T07:44+09:00,0.0,9.0,9.1,0.1,0.1
2026-02-02T08:00+09:00,2026-02-02T08:00+09:00,0.0,9.0,9.1,0.1,0.1
2026-02-02T08:40+09:00,2026-02-02T08:40+09:00,0.0,9.7,10.2,0.5,0.5
2026-02-02T08:58+09:00,2026-02-02T08:58+09:00,0.3,9.7,10.7,1.0,1.3
2026-02-02T12:19+09:00,2026-02-02T12:20+09:00,5.0,9.7,15.1,5.4,10.4
2026-02-02T14:15+09:00,2026-02-02T14:16+09:00,8.5,9.7,16.6,6.9,15.4
2026-02-02T15:43+09:00,2026-02-02T15:43+09:00,9.7,9.7,17.9,8.2,17.9
2026-02-02T16:39+09:00,2026-02-02T16:39+09:00,9.8,9.7,18.5,8.8,18.6
2026-02-02T17:25+09:00,2026-02-02T17:25+09:00,9.8,10.3,19.5,9.2,19.0
2026-02-02T18:31+09:00,2026-02-02T18:31+09:00,9.8,11.4,20.5,9.2,19.0
2026-02-02T19:29+09:00,2026-02-02T19:29+09:00,9.8,13.2,22.3,9.2,19.0
2026-02-02T20:24+09:00,2026-02-02T20:24+09:00,9.8,14.4,23.5,9.2,19.0
2026-02-02T21:01+09:00,2026-02-02T21:01+09:00,9.8,14.9,24.1,9.2,19.0
2026-02-02T22:35+09:00,2026-02-02T22:35+09:00,9.8,17.1,26.3,9.2,19.0
2026-02-02T23:25+09:00,2026-02-02T23:26+09:00,9.8,19.0,28.2,9.2,19.0
2026-02-03T00:25+09:00,2026-02-03T00:26+09:00,9.8,19.9,29.1,9.2,19.0
2026-02-03T01:05+09:00,2026-02-03T01:05+09:00,0.0,0.9,0.9,0.0,0.0
2026-02-03T02:01+09:00,2026-02-03T02:01+09:00,0.0,1.1,1.1,0.0,0.0
2026-02-03T02:58+09:00,2026-02-03T02:58+09:00,0.0,1.5,1.5,0.0,0.0
2026-02-03T08:44+09:00,2026-02-03T08:44+09:00,0.1,7.6,7.9,0.4,0.5
2026-02-03T09:01+09:00,2026-02-03T09:01+09:00,0.1,7.6,7.9,0.4,0.5
2026-02-03T12:12+09:00,2026-02-03T12:12+09:00,4.5,7.7,10.9,3.2,7.7
2026-02-03T13:58+09:00,2026-02-03T13:58+09:00,7.4,7.7,11.2,3.5,10.9
2026-02-03T15:06+09:00,2026-02-03T15:06+09:00,8.9,7.7,11.5,3.8,12.7
2026-02-03T16:11+09:00,2026-02-03T16:11+09:00,9.4,7.8,12.6,4.8,14.2
2026-02-03T16:55+09:00,2026-02-03T16:55+09:00,9.5,7.8,12.9,5.0,14.5
2026-02-03T17:58+09:00,2026-02-03T17:58+09:00,9.5,7.9,13.0,5.1,14.6
2026-02-03T19:00+09:00,2026-02-03T19:00+09:00,9.5,9.3,14.4,5.1,14.6
2026-02-03T20:01+09:00,2026-02-03T20:01+09:00,9.5,10.3,15.3,5.1,14.6
2026-02-03T20:50+09:00,2026-02-03T20:50+09:00,9.5,11.9,17.0,5.1,14.6
2026-02-03T22:35+09:00,2026-02-03T22:35+09:00,9.5,15.6,20.7,5.1,14.6
2026-02-03T23:30+09:00,2026-02-03T23:30+09:00,9.5,18.0,23.1,5.1,14.6
2026-02-04T00:34+09:00,2026-02-04T00:34+09:00,0.0,0.7,,,
2026-02-04T01:34+09:00,2026-02-04T01:34+09:00,0.0,1.4,1.4,0.0,0.0
2026-02-04T02:37+09:00,2026-02-04T02:37+09:00,0.0,2.0,2.0,0.0,0.0
2026-02-04T03:35+09:00,2026-02-04T03:35+09:00,0.0,3.0,3.0,0.0,0.0
2026-02-04T04:35+09:00,2026-02-04T04:35+09:00,0.0,3.7,3.7,0.0,0.0
2026-02-04T05:11+09:00,2026-02-04T05:12+09:00,0.0,4.1,4.1,0.0,0.0
2026-02-04T05:55+09:00,2026-02-04T05:55+09:00,0.0,4.5,4.5,0.0,0.0
2026-02-04T06:50+09:00,2026-02-04T06:50+09:00,0.0,5.4,5.4,0.0,0.0
2026-02-04T07:50+09:00,2026-02-04T07:50+09:00,0.0,6.7,6.8,0.1,0.1
2026-02-04T08:43+09:00,2026-02-04T08:43+09:00,0.4,6.9,7.9,1.0,1.4
2026-02-04T08:59+09:00,2026-02-04T09:00+09:00,0.4,6.9,7.9,1.0,1.4
2026-02-04T12:08+09:00,2026-02-04T12:08+09:00,7.1,6.9,10.6,3.7,10.8
2026-02-04T13:51+09:00,2026-02-04T13:51+09:00,14.8,6.9,11.3,4.4,19.2
2026-02-04T15:04+09:00,2026-02-04T15:04+09:00,17.6,6.9,11.4,4.5,22.1
2026-02-04T16:11+09:00,2026-02-04T16:11+09:00,19.2,6.9,12.0,5.1,24.3
2026-02-04T16:56+09:00,2026-02-04T16:56+09:00,19.3,6.9,12.1,5.2,24.5
2026-02-04T18:01+09:00,2026-02-04T18:01+09:00,19.4,7.3,12.6,5.3,24.7
2026-02-04T19:02+09:00,2026-02-04T19:02+09:00,19.4,8.5,13.8,5.3,24.7
2026-02-04T20:01+09:00,2026-02-04T20:01+09:00,19.4,9.8,15.1,5.3,24.7
2026-02-04T20:47+09:00,2026-02-04T20:47+09:00,19.4,11.5,16.8,5.3,24.7
2026-02-04T22:36+09:00,2026-02-04T22:36+09:00,19.4,15.0,20.3,5.3,24.7
2026-02-04T23:28+09:00,2026-02-04T23:28+09:00,19.4,17.2,22.5,5.3,24.7
2026-02-05T00:27+09:00,2026-02-05T00:27+09:00,19.4,17.9,23.2,5.3,24.7
2026-02-05T01:28+09:00,2026-02-05T01:28+09:00,0.0,1.5,1.5,0.0,0.0
2026-02-05T02:31+09:00,2026-02-05T02:31+09:00,0.0,2.2,2.2,0.0,0.0
2026-02-05T03:28+09:00,2026-02-05T03:28+09:00,0.0,2.8,2.8,0.0,0.0
2026-02-05T04:28+09:00,2026-02-05T04:28+09:00,0.0,3.9,3.9,0.0,0.0
2026-02-05T05:04+09:00,2026-02-05T05:04+09:00,0.0,4.3,4.3,0.0,0.0
2026-02-05T05:52+09:00,2026-02-05T05:52+09:00,0.0,4.6,4.6,0.0,0.0
2026-02-05T06:47+09:00,2026-02-05T06:48+09:00,0.0,6.6,6.6,0.0,0.0
2026-02-05T07:46+09:00,2026-02-05T07:47+09:00,0.0,8.4,8.5,0.1,0.1
2026-02-05T08:43+09:00,2026-02-05T08:43+09:00,0.2,9.0,10.1,1.1,1.3
2026-02-05T09:00+09:00,2026-02-05T09:01+09:00,0.2,9.0,10.1,1.1,1.3
2026-02-05T12:11+09:00,2026-02-05T12:11+09:00,7.6,9.0,12.4,3.4,11.0
2026-02-05T13:59+09:00,2026-02-05T13:59+09:00,11.5,9.0,12.8,3.8,15.3
2026-02-05T15:11+09:00,2026-02-05T15:11+09:00,14.9,9.0,13.0,4.0,18.9
2026-02-05T16:16+09:00,2026-02-05T16:16+09:00,15.5,9.0,13.8,4.7,20.2
2026-02-05T17:24+09:00,2026-02-05T17:24+09:00,15.7,9.0,13.9,4.9,20.6
2026-02-05T18:29+09:00,2026-02-05T18:29+09:00,15.8,9.7,14.7,4.9,20.7
2026-02-05T19:26+09:00,2026-02-05T19:26+09:00,15.8,11.6,16.5,4.9,20.7
2026-02-05T20:22+09:00,2026-02-05T20:22+09:00,15.8,12.7,17.7,4.9,20.7
2026-02-05T21:02+09:00,2026-02-05T21:02+09:00,15.8,13.8,18.7,4.9,20.7
2026-02-05T22:39+09:00,2026-02-05T22:39+09:00,15.8,16.8,21.7,4.9,20.7
2026-02-05T23:30+09:00,2026-02-05T23:31+09:00,15.8,18.2,23.1,4.9,20.7
2026-02-06T00:26+09:00,2026-02-06T00:26+09:00,15.8,18.8,23.8,4.9,20.7
2026-02-06T01:27+09:00,2026-02-06T01:27+09:00,0.0,0.3,0.3,0.0,0.0
2026-02-06T02:33+09:00,2026-02-06T02:33+09:00,0.0,0.5,0.5,0.0,0.0
2026-02-06T03:31+09:00,2026-02-06T03:31+09:00,0.0,0.8,0.8,0.0,0.0
2026-02-06T04:27+09:00,2026-02-06T04:28+09:00,0.0,1.5,1.5,0.0,0.0
2026-02-06T05:03+09:00,2026-02-06T05:03+09:00,0.0,1.8,1.8,0.0,0.0
2026-02-06T05:51+09:00,2026-02-06T05:51+09:00,0.0,2.1,2.1,0.0,0.0
2026-02-06T06:46+09:00,2026-02-06T06:46+09:00,0.0,2.9,2.9,0.0,0.0
2026-02-06T07:49+09:00,2026-02-06T07:49+09:00,0.0,4.1,4.2,0.1,0.1
2026-02-06T08:39+09:00,2026-02-06T08:39+09:00,0.0,4.9,5.2,0.3,0.3
2026-02-06T08:57+09:00,2026-02-06T08:57+09:00,0.3,5.0,5.4,0.4,0.7
2026-02-06T12:10+09:00,2026-02-06T12:10+09:00,6.7,5.0,6.0,1.0,7.7
2026-02-06T13:58+09:00,2026-02-06T13:58+09:00,10.5,5.0,6.4,1.4,11.9
2026-02-06T15:08+09:00,2026-02-06T15:08+09:00,12.1,5.0,6.5,1.5,13.6
2026-02-06T16:13+09:00,2026-02-06T16:13+09:00,13.6,5.0,7.3,2.3,15.9
2026-02-06T16:57+09:00,2026-02-06T16:57+09:00,13.9,5.0,7.3,2.3,16.2
2026-02-06T18:01+09:00,2026-02-06T18:01+09:00,13.9,5.5,7.9,2.5,16.4
2026-02-06T19:01+09:00,2026-02-06T19:01+09:00,13.9,6.7,9.2,2.5,16.4
2026-02-06T20:01+09:00,2026-02-06T20:01+09:00,13.9,8.0,10.5,2.5,16.4
2026-02-06T20:48+09:00,2026-02-06T20:48+09:00,13.9,9.1,11.6,2.5,16.4
2026-02-06T22:35+09:00,2026-02-06T22:35+09:00,13.9,10.9,13.3,2.5,16.4
2026-02-06T23:27+09:00,2026-02-06T23:27+09:00,13.9,12.9,15.4,2.5,16.4
2026-02-07T00:25+09:00,2026-02-07T00:25+09:00,13.9,13.7,16.1,2.5,16.4
2026-02-07T01:25+09:00,2026-02-07T01:25+09:00,0.0,0.3,0.3,0.0,0.0
2026-02-07T02:27+09:00,2026-02-07T02:27+09:00,0.0,0.5,0.5,0.0,0.0
2026-02-07T03:28+09:00,2026-02-07T03:28+09:00,0.0,0.8,0.8,0.0,0.0
2026-02-07T04:27+09:00,2026-02-07T04:27+09:00,0.0,2.1,2.1,0.0,0.0
2026-02-07T05:02+09:00,2026-02-07T05:02+09:00,0.0,2.5,2.5,0.0,0.0
2026-02-07T05:50+09:00,2026-02-07T05:51+09:00,0.0,2.8,2.8,0.0,0.0
2026-02-07T06:45+09:00,2026-02-07T06:45+09:00,0.0,3.1,3.1,0.0,0.0
2026-02-07T06:59+09:00,2026-02-07T06:59+09:00,0.0,3.1,3.1,0.0,0.0
2026-02-07T07:44+09:00,2026-02-07T07:44+09:00,0.0,4.8,4.8,0.0,0.0
2026-02-07T08:01+09:00,2026-02-07T08:01+09:00,0.0,4.8,4.8,0.0,0.0
2026-02-07T08:41+09:00,2026-02-07T08:41+09:00,0.0,5.5,5.8,0.3,0.3
2026-02-07T08:58+09:00,2026-02-07T08:59+09:00,0.0,5.5,5.8,0.3,0.3
2026-02-07T11:50+09:00,2026-02-07T11:50+09:00,2.2,5.8,8.6,2.8,5.0
2026-02-07T13:48+09:00,2026-02-07T13:48+09:00,4.0,5.9,11.0,5.1,9.1
2026-02-07T14:56+09:00,2026-02-07T14:57+09:00,4.7,6.0,12.3,6.4,11.1
2026-02-07T16:02+09:00,2026-02-07T16:02+09:00,5.4,6.4,13.7,7.3,12.7
2026-02-07T16:45+09:00,2026-02-07T16:45+09:00,5.5,6.5,14.6,8.1,13.6
2026-02-07T17:01+09:00,2026-02-07T17:01+09:00,,,,,
2026-02-07T17:49+09:00,2026-02-07T17:49+09:00,5.5,7.1,15.2,8.2,13.7
2026-02-07T18:45+09:00,2026-02-07T18:45+09:00,5.5,7.7,15.9,8.2,13.7
2026-02-07T19:46+09:00,2026-02-07T19:46+09:00,5.5,8.4,16.5,8.2,13.7
2026-02-07T20:35+09:00,2026-02-07T20:35+09:00,5.5,9.0,17.2,8.2,13.7
2026-02-07T20:55+09:00,2026-02-07T20:55+09:00,5.5,9.9,18.1,8.2,13.7
2026-02-07T22:12+09:00,2026-02-07T22:12+09:00,5.5,11.9,20.0,8.2,13.7
2026-02-07T22:54+09:00,2026-02-07T22:54+09:00,5.5,12.7,20.9,8.2,13.7
2026-02-07T23:45+09:00,2026-02-07T23:45+09:00,5.5,14.9,23.0,8.2,13.7
2026-02-08T00:01+09:00,2026-02-08T00:01+09:00,5.5,14.9,23.0,8.2,13.7
2026-02-08T00:41+09:00,2026-02-08T00:41+09:00,0.0,1.3,1.3,0.0,0.0
2026-02-08T00:58+09:00,2026-02-08T00:58+09:00,0.0,1.3,1.3,0.0,0.0
2026-02-08T01:49+09:00,2026-02-08T01:49+09:00,0.0,1.7,1.7,0.0,0.0
2026-02-08T02:43+09:00,2026-02-08T02:43+09:00,0.0,2.2,2.2,0.0,0.0
2026-02-08T02:59+09:00,2026-02-08T02:59+09:00,0.0,2.2,2.2,0.0,0.0
2026-02-08T03:54+09:00,2026-02-08T03:54+09:00,0.0,3.2,3.2,0.0,0.0
2026-02-08T04:35+09:00,2026-02-08T04:36+09:00,0.0,3.7,3.7,0.0,0.0
2026-02-08T04:54+09:00,2026-02-08T04:54+09:00,0.0,4.3,4.3,0.0,0.0
2026-02-08T05:44+09:00,2026-02-08T05:45+09:00,0.0,5.5,5.5,0.0,0.0
2026-02-08T06:03+09:00,2026-02-08T06:03+09:00,0.0,5.5,5.5,0.0,0.0
2026-02-08T06:41+09:00,2026-02-08T06:41+09:00,0.0,6.0,6.0,0.0,0.0
2026-02-08T06:58+09:00,2026-02-08T06:58+09:00,0.0,6.0,6.0,0.0,0.0
2026-02-08T07:46+09:00,2026-02-08T07:47+09:00,0.0,6.8,6.8,0.0,0.0
2026-02-08T08:47+09:00,2026-02-08T08:47+09:00,0.1,7.7,8.0,0.3,0.4
2026-02-08T12:34+09:00,2026-02-08T12:35+09:00,0.1,14.4,15.3,0.8,0.9
2026-02-08T14:17+09:00,2026-02-08T14:18+09:00,0.1,18.2,19.2,1.0,1.1
2026-02-08T15:30+09:00,2026-02-08T15:30+09:00,0.1,20.2,21.8,1.6,1.7
2026-02-08T16:27+09:00,2026-02-08T16:27+09:00,,,,,
2026-02-08T17:01+09:00,2026-02-08T17:01+09:00,0.1,21.8,24.4,2.5,2.6
2026-02-08T17:51+09:00,2026-02-08T17:51+09:00,0.1,23.7,26.3,2.5,2.6
2026-02-08T18:45+09:00,2026-02-08T18:45+09:00,0.1,25.6,28.1,2.5,2.6
2026-02-08T19:00+09:00,2026-02-08T19:00+09:00,0.1,25.6,28.1,2.5,2.6
2026-02-08T19:48+09:00,2026-02-08T19:48+09:00,0.1,27.0,29.6,2.5,2.6
2026-02-08T20:36+09:00,2026-02-08T20:36+09:00,0.1,27.6,30.2,2.5,2.6
2026-02-08T20:54+09:00,2026-02-08T20:54+09:00,0.1,28.1,30.7,2.5,2.6
2026-02-08T22:13+09:00,2026-02-08T22:13+09:00,0.1,31.0,33.5,2.5,2.6
2026-02-08T22:55+09:00,2026-02-08T22:55+09:00,0.1,32.6,35.1,2.5,2.6
2026-02-08T23:47+09:00,2026-02-08T23:48+09:00,0.1,35.0,37.5,2.5,2.6
2026-02-09T00:41+09:00,2026-02-09T00:41+09:00,0.0,1.6,1.6,0.0,0.0
2026-02-09T00:59+09:00,2026-02-09T00:59+09:00,0.0,1.6,1.6,0.0,0.0
2026-02-09T01:49+09:00,2026-02-09T01:49+09:00,0.0,2.8,2.8,0.0,0.0
2026-02-09T02:44+09:00,2026-02-09T02:44+09:00,0.0,3.7,3.7,0.0,0.0
2026-02-09T03:03+09:00,2026-02-09T03:03+09:00,0.0,3.7,3.7,0.0,0.0
2026-02-09T03:56+09:00,2026-02-09T03:56+09:00,0.0,5.0,5.0,0.0,0.0
2026-02-09T04:37+09:00,2026-02-09T04:38+09:00,0.0,5.4,5.4,0.0,0.0
2026-02-09T04:55+09:00,2026-02-09T04:55+09:00,0.0,5.6,5.6,0.0,0.0
2026-02-09T05:45+09:00,2026-02-09T05:45+09:00,0.0,6.8,6.8,0.0,0.0
2026-02-09T06:03+09:00,2026-02-09T06:03+09:00,0.0,6.8,6.8,0.0,0.0
2026-02-09T06:43+09:00,2026-02-09T06:43+09:00,0.0,9.2,9.2,0.0,0.0
2026-02-09T07:00+09:00,2026-02-09T07:00+09:00,0.0,9.2,9.2,0.0,0.0
2026-02-09T07:47+09:00,2026-02-09T07:47+09:00,0.0,11.1,11.1,0.0,0.0
2026-02-09T08:46+09:00,2026-02-09T08:46+09:00,0.0,12.2,12.2,0.0,0.0
2026-02-09T12:21+09:00,2026-02-09T12:21+09:00,1.4,14.4,14.8,0.4,1.8
2026-02-09T14:21+09:00,2026-02-09T14:21+09:00,5.6,14.4,15.2,0.8,6.4
2026-02-09T15:47+09:00,2026-02-09T15:47+09:00,7.3,14.4,16.1,1.7,9.0
2026-02-09T17:03+09:00,2026-02-09T17:03+09:00,7.9,14.4,16.5,2.1,10.0
2026-02-09T18:10+09:00,2026-02-09T18:10+09:00,8.1,14.6,16.7,2.2,10.3
2026-02-09T19:16+09:00,2026-02-09T19:16+09:00,8.1,16.1,18.3,2.2,10.3
2026-02-09T20:31+09:00,2026-02-09T20:31+09:00,8.1,16.9,19.1,2.2,10.3
2026-02-09T21:33+09:00,2026-02-09T21:33+09:00,8.1,18.4,20.6,2.2,10.3
2026-02-09T23:01+09:00,2026-02-09T23:01+09:00,8.1,21.1,23.3,2.2,10.3
2026-02-10T00:11+09:00,2026-02-10T00:11+09:00,8.1,23.7,25.9,2.2,10.3
2026-02-10T01:12+09:00,2026-02-10T01:12+09:00,0.0,1.9,1.9,0.0,0.0
2026-02-10T03:04+09:00,2026-02-10T03:04+09:00,0.0,2.8,2.8,0.0,0.0
2026-02-10T04:40+09:00,2026-02-10T04:40+09:00,0.0,3.8,3.8,0.0,0.0
2026-02-10T05:21+09:00,2026-02-10T05:22+09:00,0.0,3.9,3.9,0.0,0.0
2026-02-10T06:24+09:00,2026-02-10T06:24+09:00,0.0,5.1,5.1,0.0,0.0
2026-02-10T07:20+09:00,2026-02-10T07:20+09:00,0.0,8.0,8.0,0.0,0.0
2026-02-10T08:21+09:00,2026-02-10T08:21+09:00,0.1,9.2,9.9,0.6,0.7
2026-02-10T09:06+09:00,2026-02-10T09:06+09:00,0.2,9.3,10.6,1.4,1.6
2026-02-10T12:29+09:00,2026-02-10T12:29+09:00,9.4,9.3,12.8,3.5,12.9
2026-02-10T14:21+09:00,2026-02-10T14:21+09:00,14.1,9.3,13.1,3.8,17.9
2026-02-10T15:46+09:00,2026-02-10T15:46+09:00,15.1,9.3,13.9,4.6,19.7
2026-02-10T17:05+09:00,2026-02-10T17:05+09:00,15.3,9.4,14.2,4.9,20.2
2026-02-10T18:12+09:00,2026-02-10T18:12+09:00,15.3,10.7,15.7,5.0,20.3
2026-02-10T19:12+09:00,2026-02-10T19:12+09:00,15.3,11.9,16.8,5.0,20.3
2026-02-10T20:13+09:00,2026-02-10T20:13+09:00,15.3,12.6,17.6,5.0,20.3
2026-02-10T21:01+09:00,2026-02-10T21:01+09:00,15.3,12.9,17.9,5.0,20.3
2026-02-10T22:54+09:00,2026-02-10T22:54+09:00,15.3,16.1,21.1,5.0,20.3
2026-02-11T00:21+09:00,2026-02-11T00:21+09:00,15.3,18.1,23.0,5.0,20.3
2026-02-11T01:44+09:00,2026-02-11T01:44+09:00,0.0,1.7,1.7,0.0,0.0
2026-02-11T02:46+09:00,2026-02-11T02:46+09:00,0.0,2.1,2.1,0.0,0.0
2026-02-11T04:32+09:00,2026-02-11T04:32+09:00,0.0,2.9,2.9,0.0,0.0
2026-02-11T05:25+09:00,2026-02-11T05:25+09:00,0.0,3.1,3.1,0.0,0.0
2026-02-11T06:28+09:00,2026-02-11T06:28+09:00,0.0,3.3,3.3,0.0,0.0
2026-02-11T07:23+09:00,2026-02-11T07:24+09:00,0.0,3.5,3.5,0.0,0.0
2026-02-11T08:24+09:00,2026-02-11T08:24+09:00,0.0,3.7,3.7,0.0,0.0
2026-02-11T10:02+09:00,2026-02-11T10:02+09:00,0.2,3.7,4.0,0.3,0.5
2026-02-11T13:04+09:00,2026-02-11T13:04+09:00,0.8,4.9,7.8,3.0,3.8
2026-02-11T14:46+09:00,2026-02-11T14:46+09:00,1.1,5.8,12.2,6.5,7.6
2026-02-11T16:19+09:00,2026-02-11T16:19+09:00,1.5,6.1,14.2,8.1,9.6
2026-02-11T17:28+09:00,2026-02-11T17:28+09:00,1.5,6.7,15.3,8.6,10.1
2026-02-11T18:36+09:00,2026-02-11T18:37+09:00,1.5,8.3,17.0,8.7,10.2
2026-02-11T19:34+09:00,2026-02-11T19:34+09:00,1.5,10.4,19.0,8.7,10.2
2026-02-11T20:31+09:00,2026-02-11T20:31+09:00,1.5,12.2,20.8,8.7,10.2
2026-02-11T21:33+09:00,2026-02-11T21:33+09:00,1.5,14.2,22.9,8.7,10.2
2026-02-11T23:03+09:00,2026-02-11T23:03+09:00,1.5,17.3,26.0,8.7,10.2
2026-02-12T00:14+09:00,2026-02-12T00:14+09:00,1.5,19.0,27.6,8.7,10.2
2026-02-12T01:17+09:00,2026-02-12T01:17+09:00,0.0,1.4,1.4,0.0,0.0
2026-02-12T02:40+09:00,2026-02-12T02:40+09:00,0.0,1.9,1.9,0.0,0.0
2026-02-12T03:39+09:00,2026-02-12T03:39+09:00,0.0,2.9,2.9,0.0,0.0
2026-02-12T04:42+09:00,2026-02-12T04:42+09:00,0.0,4.2,4.2,0.0,0.0
2026-02-12T05:21+09:00,2026-02-12T05:21+09:00,0.0,4.3,4.3,0.0,0.0
2026-02-12T06:20+09:00,2026-02-12T06:20+09:00,0.0,4.9,4.9,0.0,0.0
2026-02-12T07:03+09:00,2026-02-12T07:03+09:00,0.0,5.9,5.9,0.0,0.0
2026-02-12T07:50+09:00,2026-02-12T07:50+09:00,0.0,7.4,7.5,0.1,0.1
2026-02-12T08:47+09:00,2026-02-12T08:47+09:00,0.7,7.5,8.2,0.7,1.4
2026-02-12T12:22+09:00,2026-02-12T12:22+09:00,5.4,7.5,10.4,2.9,8.3
2026-02-12T14:16+09:00,2026-02-12T14:17+09:00,8.6,7.5,10.9,3.4,12.0
2026-02-12T15:43+09:00,2026-02-12T15:43+09:00,10.0,7.5,11.7,4.2,14.2
2026-02-12T16:40+09:00,2026-02-12T16:40+09:00,10.3,7.5,11.9,4.4,14.7
2026-02-12T17:26+09:00,2026-02-12T17:26+09:00,10.5,7.5,12.1,4.6,15.1
2026-02-12T18:32+09:00,2026-02-12T18:32+09:00,10.5,7.9,12.5,4.6,15.1
2026-02-12T19:28+09:00,2026-02-12T19:28+09:00,10.5,9.3,13.9,4.6,15.1
2026-02-12T20:28+09:00,2026-02-12T20:28+09:00,10.5,10.2,14.8,4.6,15.1
2026-02-12T21:06+09:00,2026-02-12T21:06+09:00,10.5,10.7,15.3,4.6,15.1
2026-02-12T22:44+09:00,2026-02-12T22:44+09:00,10.5,14.2,18.8,4.6,15.1
2026-02-12T23:38+09:00,2026-02-12T23:38+09:00,10.5,15.0,19.6,4.6,15.1
2026-02-13T00:34+09:00,2026-02-13T00:34+09:00,0.0,0.6,0.6,0.0,0.0
2026-02-13T01:40+09:00,2026-02-13T01:40+09:00,0.0,0.8,0.8,0.0,0.0
2026-02-13T02:43+09:00,2026-02-13T02:44+09:00,0.0,1.3,1.3,0.0,0.0
2026-02-13T03:39+09:00,2026-02-13T03:39+09:00,0.0,1.7,1.7,0.0,0.0
2026-02-13T04:39+09:00,2026-02-13T04:39+09:00,0.0,2.5,2.5,0.0,0.0
2026-02-13T05:03+09:00,2026-02-13T05:03+09:00,0.0,2.6,2.6,0.0,0.0
2026-02-13T05:51+09:00,2026-02-13T05:51+09:00,0.0,2.8,2.8,0.0,0.0
2026-02-13T06:49+09:00,2026-02-13T06:50+09:00,0.0,4.0,4.0,0.0,0.0
2026-02-13T07:49+09:00,2026-02-13T07:49+09:00,0.0,6.3,6.4,0.1,0.1
2026-02-13T08:45+09:00,2026-02-13T08:45+09:00,0.6,6.4,7.3,0.9,1.5
2026-02-13T09:03+09:00,2026-02-13T09:03+09:00,0.6,6.4,7.3,0.9,1.5
2026-02-13T12:22+09:00,2026-02-13T12:22+09:00,10.8,6.4,9.4,3.0,13.8
2026-02-13T14:12+09:00,2026-02-13T14:12+09:00,18.5,6.4,9.8,3.4,21.9
2026-02-13T15:14+09:00,2026-02-13T15:14+09:00,20.3,6.4,10.2,3.9,24.2
2026-02-13T16:17+09:00,2026-02-13T16:17+09:00,21.2,6.4,10.6,4.2,25.4
2026-02-13T17:27+09:00,2026-02-13T17:27+09:00,21.6,6.4,10.7,4.3,25.9
2026-02-13T18:28+09:00,2026-02-13T18:28+09:00,21.6,6.8,11.2,4.4,26.0
2026-02-13T19:24+09:00,2026-02-13T19:25+09:00,21.6,7.0,11.5,4.4,26.0
2026-02-13T20:19+09:00,2026-02-13T20:20+09:00,21.6,7.9,12.3,4.4,26.0
2026-02-13T21:01+09:00,2026-02-13T21:01+09:00,21.6,8.3,12.7,4.4,26.0
2026-02-13T22:36+09:00,2026-02-13T22:36+09:00,21.6,10.4,14.8,4.4,26.0
2026-02-13T23:27+09:00,2026-02-13T23:27+09:00,21.6,12.1,16.6,4.4,26.0
2026-02-14T00:27+09:00,2026-02-14T00:27+09:00,21.6,12.9,17.3,4.4,26.0
2026-02-14T01:26+09:00,2026-02-14T01:26+09:00,0.0,1.2,1.2,0.0,0.0
2026-02-14T02:29+09:00,2026-02-14T02:29+09:00,0.0,1.7,1.7,0.0,0.0
2026-02-14T03:25+09:00,2026-02-14T03:25+09:00,0.0,2.4,2.4,0.0,0.0
2026-02-14T04:30+09:00,2026-02-14T04:30+09:00,0.0,3.0,3.0,0.0,0.0
2026-02-14T05:05+09:00,2026-02-14T05:05+09:00,0.0,3.1,3.1,0.0,0.0
2026-02-14T05:56+09:00,2026-02-14T05:56+09:00,0.0,3.3,3.3,0.0,0.0
2026-02-14T06:51+09:00,2026-02-14T06:52+09:00,0.0,3.6,3.6,0.0,0.0
2026-02-14T07:52+09:00,2026-02-14T07:52+09:00,0.0,4.8,4.8,0.1,0.1
2026-02-14T08:45+09:00,2026-02-14T08:45+09:00,1.0,4.8,5.4,0.7,1.7
2026-02-14T09:02+09:00,2026-02-14T09:02+09:00,1.0,4.8,5.4,0.7,1.7
2026-02-14T12:07+09:00,2026-02-14T12:07+09:00,7.9,4.8,8.4,3.6,11.5
2026-02-14T13:52+09:00,2026-02-14T13:52+09:00,,,,,
2026-02-14T14:59+09:00,2026-02-14T14:59+09:00,15.4,4.8,10.7,5.9,21.3
2026-02-14T16:04+09:00,2026-02-14T16:04+09:00,16.7,4.8,11.6,6.8,23.5
2026-02-14T16:48+09:00,2026-02-14T16:48+09:00,16.8,5.4,13.1,7.7,24.5
2026-02-14T17:50+09:00,2026-02-14T17:50+09:00,16.8,6.3,14.4,8.1,24.9
2026-02-14T18:46+09:00,2026-02-14T18:46+09:00,16.8,7.5,15.6,8.1,24.9
2026-02-14T19:47+09:00,2026-02-14T19:47+09:00,16.8,8.9,17.1,8.1,24.9
2026-02-14T20:35+09:00,2026-02-14T20:35+09:00,16.8,9.7,17.8,8.1,24.9
2026-02-14T20:55+09:00,2026-02-14T20:55+09:00,16.8,10.2,18.3,8.1,24.9
2026-02-14T22:12+09:00,2026-02-14T22:12+09:00,16.8,11.8,19.9,8.1,24.9
2026-02-14T22:54+09:00,2026-02-14T22:54+09:00,16.8,12.5,20.6,8.1,24.9
2026-02-14T23:45+09:00,2026-02-14T23:46+09:00,16.8,13.6,21.7,8.1,24.9
2026-02-15T00:41+09:00,2026-02-15T00:42+09:00,0.0,1.0,1.0,0.0,0.0
2026-02-15T00:59+09:00,2026-02-15T00:59+09:00,0.0,1.0,1.0,0.0,0.0
2026-02-15T01:49+09:00,2026-02-15T01:49+09:00,0.0,1.3,1.3,0.0,0.0
2026-02-15T02:42+09:00,2026-02-15T02:42+09:00,0.0,1.7,1.7,0.0,0.0
2026-02-15T02:58+09:00,2026-02-15T02:58+09:00,0.0,1.7,1.7,0.0,0.0
2026-02-15T03:54+09:00,2026-02-15T03:54+09:00,0.0,2.4,2.4,0.0,0.0
2026-02-15T04:36+09:00,2026-02-15T04:36+09:00,0.0,2.6,2.6,0.0,0.0
2026-02-15T04:54+09:00,2026-02-15T04:54+09:00,0.0,2.7,2.7,0.0,0.0
2026-02-15T05:43+09:00,2026-02-15T05:43+09:00,0.0,2.9,2.9,0.0,0.0
2026-02-15T05:59+09:00,2026-02-15T05:59+09:00,0.0,2.9,2.9,0.0,0.0
2026-02-15T06:39+09:00,2026-02-15T06:39+09:00,0.0,3.0,3.0,0.0,0.0
2026-02-15T06:56+09:00,2026-02-15T06:56+09:00,0.0,3.2,3.2,0.0,0.0
2026-02-15T07:43+09:00,2026-02-15T07:43+09:00,0.0,3.8,3.9,0.1,0.1
2026-02-15T08:00+09:00,2026-02-15T08:00+09:00,0.0,3.8,3.9,0.1,0.1
2026-02-15T08:38+09:00,2026-02-15T08:38+09:00,0.1,3.8,3.9,0.1,0.2
2026-02-15T08:57+09:00,2026-02-15T08:57+09:00,0.5,3.8,4.0,0.2,0.7
2026-02-15T12:22+09:00,2026-02-15T12:22+09:00,4.0,4.0,6.9,2.9,6.9
2026-02-15T14:11+09:00,2026-02-15T14:11+09:00,6.3,4.2,9.3,5.0,11.3
2026-02-15T15:08+09:00,2026-02-15T15:08+09:00,6.9,4.2,9.4,5.2,12.1
2026-02-15T16:07+09:00,2026-02-15T16:07+09:00,8.0,4.2,9.9,5.7,13.7
2026-02-15T16:50+09:00,2026-02-15T16:50+09:00,8.0,4.6,11.0,6.4,14.4
2026-02-15T17:50+09:00,2026-02-15T17:51+09:00,8.0,5.3,11.9,6.6,14.6
2026-02-15T18:46+09:00,2026-02-15T18:46+09:00,8.0,6.7,13.2,6.6,14.6
2026-02-15T19:47+09:00,2026-02-15T19:47+09:00,8.0,7.2,13.8,6.6,14.6
2026-02-15T20:35+09:00,2026-02-15T20:36+09:00,8.0,7.9,14.5,6.6,14.6
2026-02-15T20:55+09:00,2026-02-15T20:55+09:00,8.0,8.6,15.2,6.6,14.6
2026-02-15T22:14+09:00,2026-02-15T22:14+09:00,8.0,10.8,17.4,6.6,14.6
2026-02-15T22:55+09:00,2026-02-15T22:55+09:00,8.0,11.6,18.2,6.6,14.6
2026-02-15T23:46+09:00,2026-02-15T23:46+09:00,8.0,12.5,19.0,6.6,14.6
2026-02-16T00:40+09:00,2026-02-16T00:40+09:00,0.0,0.5,0.5,0.0,0.0
2026-02-16T00:57+09:00,2026-02-16T00:58+09:00,0.0,0.5,0.5,0.0,0.0
2026-02-16T01:49+09:00,2026-02-16T01:49+09:00,0.0,0.7,0.7,0.0,0.0
2026-02-16T02:43+09:00,2026-02-16T02:43+09:00,0.0,1.2,1.2,0.0,0.0
2026-02-16T02:59+09:00,2026-02-16T02:59+09:00,0.0,1.2,1.2,0.0,0.0
2026-02-16T03:55+09:00,2026-02-16T03:55+09:00,0.0,1.9,1.9,0.0,0.0
2026-02-16T04:37+09:00,2026-02-16T04:38+09:00,0.0,1.9,1.9,0.0,0.0
2026-02-16T04:55+09:00,2026-02-16T04:55+09:00,0.0,2.0,2.0,0.0,0.0
2026-02-16T05:44+09:00,2026-02-16T05:44+09:00,0.0,2.2,2.2,0.0,0.0
2026-02-16T06:01+09:00,2026-02-16T06:01+09:00,0.0,2.2,2.2,0.0,0.0
2026-02-16T06:39+09:00,2026-02-16T06:39+09:00,0.0,2.5,2.5,0.0,0.0
2026-02-16T06:56+09:00,2026-02-16T06:56+09:00,0.0,3.0,3.0,0.0,0.0
2026-02-16T07:45+09:00,2026-02-16T07:45+09:00,0.0,3.9,4.1,0.2,0.2
2026-02-16T08:02+09:00,2026-02-16T08:02+09:00,0.0,3.9,4.1,0.2,0.2
2026-02-16T08:42+09:00,2026-02-16T08:42+09:00,0.4,4.0,4.8,0.8,1.2
2026-02-16T08:59+09:00,2026-02-16T08:59+09:00,0.4,4.0,4.8,0.8,1.2
2026-02-16T12:19+09:00,2026-02-16T12:19+09:00,2.7,4.0,7.4,3.3,6.0
2026-02-16T14:19+09:00,2026-02-16T14:19+09:00,5.5,4.0,8.2,4.2,9.7
2026-02-16T15:45+09:00,2026-02-16T15:45+09:00,6.3,4.1,8.9,4.8,11.1
2026-02-16T16:42+09:00,2026-02-16T16:42+09:00,6.3,4.8,9.7,4.9,11.2
2026-02-16T17:28+09:00,2026-02-16T17:28+09:00,6.3,5.3,10.4,5.0,11.3
2026-02-16T18:37+09:00,2026-02-16T18:37+09:00,6.3,6.8,11.8,5.0,11.3
2026-02-16T19:34+09:00,2026-02-16T19:34+09:00,6.3,8.6,13.6,5.0,11.3
2026-02-16T20:27+09:00,2026-02-16T20:27+09:00,,,,,
2026-02-16T21:04+09:00,2026-02-16T21:05+09:00,6.3,11.5,16.5,5.0,11.3
2026-02-16T22:39+09:00,2026-02-16T22:39+09:00,6.3,15.7,20.7,5.0,11.3
2026-02-16T23:29+09:00,2026-02-16T23:29+09:00,6.3,17.6,22.6,5.0,11.3
2026-02-17T00:26+09:00,2026-02-17T00:26+09:00,6.3,18.0,23.0,5.0,11.3
2026-02-17T01:24+09:00,2026-02-17T01:24+09:00,0.0,1.4,1.4,0.0,0.0
2026-02-17T02:25+09:00,2026-02-17T02:25+09:00,0.0,2.1,2.1,0.0,0.0
2026-02-17T03:21+09:00,2026-02-17T03:22+09:00,0.0,3.3,3.3,0.0,0.0
2026-02-17T04:22+09:00,2026-02-17T04:22+09:00,0.0,3.9,3.9,0.0,0.0
2026-02-17T04:59+09:00,2026-02-17T04:59+09:00,0.0,4.0,4.0,0.0,0.0
2026-02-17T05:48+09:00,2026-02-17T05:48+09:00,0.0,4.5,4.5,0.0,0.0
2026-02-17T06:45+09:00,2026-02-17T06:45+09:00,0.0,5.8,5.8,0.0,0.0
2026-02-17T07:01+09:00,2026-02-17T07:02+09:00,0.0,5.8,5.8,0.0,0.0
2026-02-17T07:49+09:00,2026-02-17T07:49+09:00,0.0,7.0,7.2,0.2,0.2
2026-02-17T08:44+09:00,2026-02-17T08:45+09:00,0.6,7.0,8.0,1.0,1.6
2026-02-17T09:02+09:00,2026-02-17T09:02+09:00,0.6,7.0,8.0,1.0,1.6
2026-02-17T12:13+09:00,2026-02-17T12:14+09:00,10.2,7.0,11.1,4.1,14.3
2026-02-17T14:04+09:00,2026-02-17T14:04+09:00,15.6,7.0,12.7,5.7,21.3
2026-02-17T15:10+09:00,2026-02-17T15:10+09:00,19.3,7.0,13.6,6.6,25.9
2026-02-17T16:15+09:00,2026-02-17T16:15+09:00,20.0,7.0,14.5,7.5,27.5
2026-02-17T17:04+09:00,2026-02-17T17:04+09:00,20.0,7.3,15.1,7.9,27.9
2026-02-17T18:04+09:00,2026-02-17T18:04+09:00,20.0,8.2,16.2,8.1,28.1
2026-02-17T19:06+09:00,2026-02-17T19:06+09:00,20.0,9.6,17.7,8.1,28.1
2026-02-17T20:07+09:00,2026-02-17T20:07+09:00,20.0,10.5,18.6,8.1,28.1
2026-02-17T20:54+09:00,2026-02-17T20:54+09:00,20.0,11.6,19.6,8.1,28.1
2026-02-17T22:39+09:00,2026-02-17T22:39+09:00,20.0,13.6,21.6,8.1,28.1
2026-02-17T23:33+09:00,2026-02-17T23:33+09:00,20.0,16.0,24.1,8.1,28.1
2026-02-18T00:36+09:00,2026-02-18T00:36+09:00,0.0,1.7,,,
2026-02-18T01:39+09:00,2026-02-18T01:39+09:00,0.0,2.9,2.9,0.0,0.0
2026-02-18T02:42+09:00,2026-02-18T02:42+09:00,0.0,3.8,3.8,0.0,0.0
2026-02-18T03:36+09:00,2026-02-18T03:36+09:00,0.0,4.4,4.4,0.0,0.0
2026-02-18T04:36+09:00,2026-02-18T04:36+09:00,0.0,5.7,5.7,0.0,0.0
2026-02-18T05:07+09:00,2026-02-18T05:07+09:00,0.0,6.0,6.0,0.0,0.0
2026-02-18T05:56+09:00,2026-02-18T05:56+09:00,0.0,6.5,6.5,0.0,0.0
2026-02-18T06:48+09:00,2026-02-18T06:48+09:00,0.0,8.5,8.5,0.0,0.0
2026-02-18T07:51+09:00,2026-02-18T07:51+09:00,0.0,10.0,10.2,0.2,0.2
2026-02-18T08:45+09:00,2026-02-18T08:45+09:00,0.3,10.2,11.5,1.3,1.6
2026-02-18T09:03+09:00,2026-02-18T09:03+09:00,0.3,10.2,11.5,1.3,1.6
2026-02-18T12:17+09:00,2026-02-18T12:17+09:00,10.2,10.2,14.0,3.8,14.0
2026-02-18T14:14+09:00,2026-02-18T14:14+09:00,15.6,10.2,15.3,5.1,20.7
2026-02-18T15:16+09:00,2026-02-18T15:16+09:00,15.8,10.8,16.6,5.8,21.6
2026-02-18T16:38+09:00,2026-02-18T16:38+09:00,16.9,10.8,16.9,6.2,23.1
2026-02-18T17:27+09:00,2026-02-18T17:27+09:00,17.2,10.8,17.3,6.5,23.7
2026-02-18T18:30+09:00,2026-02-18T18:30+09:00,17.2,12.4,19.0,6.6,23.8
2026-02-18T19:27+09:00,2026-02-18T19:27+09:00,17.2,13.5,20.2,6.6,23.8
2026-02-18T20:26+09:00,2026-02-18T20:26+09:00,17.2,15.1,21.8,6.6,23.8
2026-02-18T21:04+09:00,2026-02-18T21:04+09:00,17.2,16.0,22.7,6.6,23.8
2026-02-18T22:41+09:00,2026-02-18T22:41+09:00,17.2,19.7,26.3,6.6,23.8
2026-02-18T23:31+09:00,2026-02-18T23:31+09:00,17.2,20.6,27.2,6.6,23.8
2026-02-19T00:35+09:00,2026-02-19T00:36+09:00,0.0,0.8,0.8,0.0,0.0
2026-02-19T01:44+09:00,2026-02-19T01:44+09:00,0.0,1.9,1.9,0.0,0.0
2026-02-19T02:43+09:00,2026-02-19T02:43+09:00,0.0,2.7,2.7,0.0,0.0
2026-02-19T03:31+09:00,2026-02-19T03:31+09:00,0.0,3.3,3.3,0.0,0.0
2026-02-19T04:35+09:00,2026-02-19T04:35+09:00,0.0,4.0,4.0,0.0,0.0
2026-02-19T05:21+09:00,2026-02-19T05:21+09:00,0.0,4.5,4.5,0.0,0.0
2026-02-19T06:21+09:00,2026-02-19T06:21+09:00,0.0,5.3,5.3,0.0,0.0
2026-02-19T07:03+09:00,2026-02-19T07:04+09:00,0.0,5.9,5.9,0.0,0.0
2026-02-19T07:53+09:00,2026-02-19T07:53+09:00,0.0,7.0,7.2,0.2,0.2
2026-02-19T08:45+09:00,2026-02-19T08:45+09:00,0.3,7.3,8.4,1.1,1.4
2026-02-19T09:03+09:00,2026-02-19T09:03+09:00,0.3,7.3,8.4,1.1,1.4
2026-02-19T12:16+09:00,2026-02-19T12:16+09:00,8.3,7.5,11.7,4.2,12.5
2026-02-19T14:13+09:00,2026-02-19T14:13+09:00,15.2,7.5,12.9,5.5,20.7
2026-02-19T15:15+09:00,2026-02-19T15:15+09:00,17.0,7.5,14.0,6.5,23.5
2026-02-19T16:18+09:00,2026-02-19T16:18+09:00,18.2,7.5,14.6,7.1,25.3
2026-02-19T17:26+09:00,2026-02-19T17:26+09:00,18.5,7.7,15.3,7.6,26.1
2026-02-19T18:29+09:00,2026-02-19T18:29+09:00,18.5,8.8,16.4,7.6,26.1
2026-02-19T19:27+09:00,2026-02-19T19:27+09:00,18.5,10.4,18.0,7.6,26.1
2026-02-19T20:26+09:00,2026-02-19T20:26+09:00,18.5,11.6,19.2,7.6,26.1
2026-02-19T21:05+09:00,2026-02-19T21:05+09:00,18.5,12.5,20.1,7.6,26.1
2026-02-19T22:43+09:00,2026-02-19T22:43+09:00,18.5,16.9,24.5,7.6,26.1
2026-02-19T23:36+09:00,2026-02-19T23:36+09:00,18.5,18.2,25.8,7.6,26.1
2026-02-20T00:31+09:00,2026-02-20T00:31+09:00,0.0,1.4,1.4,0.0,0.0
2026-02-20T01:34+09:00,2026-02-20T01:34+09:00,0.0,2.2,2.2,0.0,0.0
2026-02-20T02:37+09:00,2026-02-20T02:37+09:00,0.0,2.6,2.6,0.0,0.0
2026-02-20T03:34+09:00,2026-02-20T03:34+09:00,0.0,3.8,3.8,0.0,0.0
2026-02-20T04:29+09:00,2026-02-20T04:29+09:00,0.0,4.8,4.8,0.0,0.0
2026-02-20T05:03+09:00,2026-02-20T05:04+09:00,0.0,5.1,5.1,0.0,0.0
2026-02-20T05:49+09:00,2026-02-20T05:49+09:00,0.0,5.8,5.8,0.0,0.0
2026-02-20T06:49+09:00,2026-02-20T06:49+09:00,0.0,7.8,7.8,0.0,0.0
2026-02-20T07:51+09:00,2026-02-20T07:51+09:00,0.0,8.9,9.2,0.3,0.3
2026-02-20T08:45+09:00,2026-02-20T08:45+09:00,0.8,9.0,10.4,1.4,2.2
2026-02-20T09:02+09:00,2026-02-20T09:02+09:00,0.8,9.0,10.4,1.4,2.2
2026-02-20T12:11+09:00,2026-02-20T12:11+09:00,5.4,9.0,13.5,4.5,9.9
2026-02-20T13:57+09:00,2026-02-20T13:58+09:00,7.2,9.0,14.1,5.1,12.3
2026-02-20T15:09+09:00,2026-02-20T15:09+09:00,8.1,9.0,15.3,6.3,14.4
2026-02-20T16:14+09:00,2026-02-20T16:14+09:00,9.1,9.0,16.4,7.4,16.5
2026-02-20T16:58+09:00,2026-02-20T16:58+09:00,9.3,9.0,16.7,7.7,17.0
2026-02-20T17:59+09:00,2026-02-20T17:59+09:00,9.5,9.5,17.5,7.9,17.4
2026-02-20T18:57+09:00,2026-02-20T18:57+09:00,9.5,10.9,18.9,7.9,17.4
2026-02-20T19:58+09:00,2026-02-20T19:58+09:00,9.5,12.7,20.6,7.9,17.4
2026-02-20T20:46+09:00,2026-02-20T20:46+09:00,9.5,14.3,22.2,7.9,17.4
2026-02-20T22:33+09:00,2026-02-20T22:33+09:00,9.5,16.2,24.1,7.9,17.4
2026-02-20T23:26+09:00,2026-02-20T23:26+09:00,,,,,
2026-02-21T00:25+09:00,2026-02-21T00:25+09:00,9.5,19.8,27.7,7.9,17.4
2026-02-21T01:19+09:00,2026-02-21T01:20+09:00,0.0,1.0,1.0,0.0,0.0
2026-02-21T02:23+09:00,2026-02-21T02:23+09:00,0.0,1.6,1.6,0.0,0.0
2026-02-21T03:24+09:00,2026-02-21T03:24+09:00,0.0,2.9,2.9,0.0,0.0
2026-02-21T04:26+09:00,2026-02-21T04:26+09:00,0.0,4.0,4.0,0.0,0.0
2026-02-21T04:59+09:00,2026-02-21T04:59+09:00,0.0,4.1,4.1,0.0,0.0
2026-02-21T05:48+09:00,2026-02-21T05:48+09:00,0.0,4.3,4.3,0.0,0.0
2026-02-21T06:42+09:00,2026-02-21T06:42+09:00,0.0,4.5,4.5,0.0,0.0
2026-02-21T06:57+09:00,2026-02-21T06:57+09:00,0.0,4.5,4.5,0.0,0.0
2026-02-21T07:47+09:00,2026-02-21T07:47+09:00,0.0,4.9,5.1,0.2,0.2
2026-02-21T08:43+09:00,2026-02-21T08:43+09:00,1.3,4.9,5.7,0.7,2.0
2026-02-21T09:00+09:00,2026-02-21T09:00+09:00,,,,,
2026-02-21T11:48+09:00,2026-02-21T11:48+09:00,9.0,4.9,8.6,3.7,12.7
2026-02-21T13:47+09:00,2026-02-21T13:47+09:00,16.2,4.9,10.8,5.8,22.0
2026-02-21T14:55+09:00,2026-02-21T14:56+09:00,18.4,4.9,12.0,7.0,25.4
2026-02-21T16:01+09:00,2026-02-21T16:01+09:00,19.1,4.9,13.2,8.3,27.4
2026-02-21T16:45+09:00,2026-02-21T16:45+09:00,19.3,5.2,14.7,9.4,28.7
2026-02-21T17:00+09:00,2026-02-21T17:00+09:00,19.3,5.2,14.7,9.4,28.7
2026-02-21T17:49+09:00,2026-02-21T17:49+09:00,19.3,6.4,16.1,9.7,29.0
2026-02-21T18:45+09:00,2026-02-21T18:45+09:00,19.3,7.4,17.2,9.7,29.0
2026-02-21T19:00+09:00,2026-02-21T19:00+09:00,19.3,7.4,17.2,9.7,29.0
2026-02-21T19:45+09:00,2026-02-21T19:45+09:00,19.3,8.5,18.2,9.7,29.0
2026-02-21T20:02+09:00,2026-02-21T20:02+09:00,19.3,8.5,18.2,9.7,29.0
2026-02-21T20:35+09:00,2026-02-21T20:35+09:00,19.3,8.8,18.5,9.7,29.0
2026-02-21T20:54+09:00,2026-02-21T20:54+09:00,19.3,9.0,18.7,9.7,29.0
2026-02-21T22:11+09:00,2026-02-21T22:11+09:00,19.3,10.4,20.2,9.7,29.0
2026-02-21T22:53+09:00,2026-02-21T22:53+09:00,19.3,11.4,21.1,9.7,29.0
2026-02-21T23:44+09:00,2026-02-21T23:44+09:00,19.3,13.2,23.0,9.7,29.0
2026-02-22T00:01+09:00,2026-02-22T00:01+09:00,19.3,13.2,23.0,9.7,29.0
2026-02-22T00:39+09:00,2026-02-22T00:39+09:00,0.0,0.8,0.8,0.0,0.0
2026-02-22T00:57+09:00,2026-02-22T00:57+09:00,,,,,
2026-02-22T01:48+09:00,2026-02-22T01:48+09:00,0.0,1.3,1.3,0.0,0.0
2026-02-22T02:41+09:00,2026-02-22T02:41+09:00,0.0,1.6,1.6,0.0,0.0
2026-02-22T02:58+09:00,2026-02-22T02:58+09:00,0.0,1.6,1.6,0.0,0.0
2026-02-22T03:54+09:00,2026-02-22T03:54+09:00,0.0,1.8,1.8,0.0,0.0
2026-02-22T04:36+09:00,2026-02-22T04:36+09:00,0.0,1.9,1.9,0.0,0.0
2026-02-22T04:55+09:00,2026-02-22T04:55+09:00,0.0,2.0,2.0,0.0,0.0
2026-02-22T05:40+09:00,2026-02-22T05:40+09:00,0.0,2.1,2.1,0.0,0.0
2026-02-22T05:57+09:00,2026-02-22T05:58+09:00,0.0,2.2,2.2,0.0,0.0
2026-02-22T06:37+09:00,2026-02-22T06:37+09:00,0.0,2.3,2.3,0.0,0.0
2026-02-22T06:55+09:00,2026-02-22T06:55+09:00,0.0,2.5,2.5,0.0,0.0
2026-02-22T07:43+09:00,2026-02-22T07:43+09:00,0.2,2.6,2.7,0.0,0.2
2026-02-22T07:59+09:00,2026-02-22T08:00+09:00,0.2,2.6,2.7,0.0,0.2
2026-02-22T08:38+09:00,2026-02-22T08:38+09:00,0.8,2.6,2.8,0.2,1.0
2026-02-22T08:56+09:00,2026-02-22T08:56+09:00,1.8,2.6,2.9,0.2,2.0
2026-02-22T12:16+09:00,2026-02-22T12:16+09:00,12.1,2.6,5.4,2.8,14.9
2026-02-22T14:07+09:00,2026-02-22T14:07+09:00,18.4,2.6,6.1,3.5,21.9
2026-02-22T15:05+09:00,2026-02-22T15:05+09:00,21.7,2.6,6.9,4.3,26.0
2026-02-22T16:06+09:00,2026-02-22T16:07+09:00,22.7,2.7,8.0,5.3,28.0
2026-02-22T16:49+09:00,2026-02-22T16:49+09:00,22.7,3.1,8.8,5.7,28.4
2026-02-22T17:49+09:00,2026-02-22T17:49+09:00,22.7,4.0,10.0,6.0,28.7
2026-02-22T18:46+09:00,2026-02-22T18:46+09:00,22.7,5.0,10.9,6.0,28.7
2026-02-22T19:45+09:00,2026-02-22T19:45+09:00,22.7,5.5,11.5,6.0,28.7
2026-02-22T20:01+09:00,2026-02-22T20:01+09:00,22.7,5.5,11.5,6.0,28.7
2026-02-22T20:35+09:00,2026-02-22T20:35+09:00,22.7,5.9,11.9,6.0,28.7
2026-02-22T20:54+09:00,2026-02-22T20:54+09:00,22.7,6.3,12.3,6.0,28.7
2026-02-22T22:13+09:00,2026-02-22T22:13+09:00,22.7,8.2,14.1,6.0,28.7
2026-02-22T22:54+09:00,2026-02-22T22:54+09:00,22.7,9.2,15.1,6.0,28.7
2026-02-22T23:45+09:00,2026-02-22T23:45+09:00,22.7,10.5,16.4,6.0,28.7
2026-02-23T00:01+09:00,2026-02-23T00:01+09:00,22.7,10.5,16.4,6.0,28.7
2026-02-23T00:42+09:00,2026-02-23T00:42+09:00,0.0,0.9,0.9,0.0,0.0
2026-02-23T00:58+09:00,2026-02-23T00:59+09:00,0.0,0.9,0.9,0.0,0.0
2026-02-23T01:48+09:00,2026-02-23T01:48+09:00,0.0,1.2,1.2,0.0,0.0
2026-02-23T02:42+09:00,2026-02-23T02:42+09:00,0.0,1.3,1.3,0.0,0.0
2026-02-23T02:59+09:00,2026-02-23T02:59+09:00,0.0,1.3,1.3,0.0,0.0
2026-02-23T03:54+09:00,2026-02-23T03:54+09:00,0.0,1.5,1.5,0.0,0.0
2026-02-23T04:36+09:00,2026-02-23T04:36+09:00,0.0,1.7,1.7,0.0,0.0
2026-02-23T04:55+09:00,2026-02-23T04:55+09:00,0.0,2.1,2.1,0.0,0.0
2026-02-23T05:43+09:00,2026-02-23T05:44+09:00,0.0,2.5,2.5,0.0,0.0
2026-02-23T06:01+09:00,2026-02-23T06:01+09:00,0.0,2.5,2.5,0.0,0.0
2026-02-23T06:39+09:00,2026-02-23T06:39+09:00,0.0,2.6,2.6,0.0,0.0
2026-02-23T06:56+09:00,2026-02-23T06:56+09:00,0.0,2.8,2.8,0.0,0.0
2026-02-23T07:44+09:00,2026-02-23T07:44+09:00,0.0,3.1,3.3,0.2,0.2
2026-02-23T08:00+09:00,2026-02-23T08:01+09:00,0.0,3.1,3.3,0.2,0.2
2026-02-23T08:41+09:00,2026-02-23T08:41+09:00,1.1,3.1,3.5,0.4,1.5
2026-02-23T08:58+09:00,2026-02-23T08:58+09:00,1.1,3.1,3.5,0.4,1.5
2026-02-23T12:19+09:00,2026-02-23T12:19+09:00,10.5,3.2,5.8,2.6,13.1
2026-02-23T14:17+09:00,2026-02-23T14:18+09:00,18.1,3.2,7.2,3.9,22.0
2026-02-23T15:46+09:00,2026-02-23T15:46+09:00,20.4,3.2,8.5,5.3,25.7
2026-02-23T17:02+09:00,2026-02-23T17:02+09:00,20.9,3.3,9.4,6.1,27.0
2026-02-23T18:07+09:00,2026-02-23T18:07+09:00,21.0,3.5,10.0,6.4,27.4
2026-02-23T19:12+09:00,2026-02-23T19:12+09:00,21.0,5.2,11.7,6.4,27.4
2026-02-23T20:08+09:00,2026-02-23T20:08+09:00,21.0,5.5,12.0,6.4,27.4
2026-02-23T20:54+09:00,2026-02-23T20:54+09:00,21.0,6.7,13.2,6.4,27.4
2026-02-23T22:41+09:00,2026-02-23T22:42+09:00,21.0,9.4,15.9,6.4,27.4
2026-02-23T23:33+09:00,2026-02-23T23:33+09:00,21.0,9.9,16.3,6.4,27.4
2026-02-24T00:32+09:00,2026-02-24T00:32+09:00,,,,,
2026-02-24T01:37+09:00,2026-02-24T01:37+09:00,0.0,0.6,0.6,0.0,0.0
2026-02-24T02:52+09:00,2026-02-24T02:52+09:00,0.0,0.9,0.9,0.0,0.0
2026-02-24T04:31+09:00,2026-02-24T04:31+09:00,0.0,1.1,1.1,0.0,0.0
2026-02-24T05:25+09:00,2026-02-24T05:25+09:00,0.0,1.2,1.2,0.0,0.0
2026-02-24T06:28+09:00,2026-02-24T06:29+09:00,0.0,1.5,1.5,0.0,0.0
2026-02-24T07:25+09:00,2026-02-24T07:25+09:00,0.0,2.8,2.9,0.1,0.1
2026-02-24T08:21+09:00,2026-02-24T08:21+09:00,0.3,3.1,3.7,0.6,0.9
2026-02-24T09:00+09:00,2026-02-24T09:00+09:00,0.6,3.1,4.4,1.2,1.8
2026-02-24T12:14+09:00,2026-02-24T12:14+09:00,9.0,3.1,6.0,2.9,11.9
2026-02-24T14:06+09:00,2026-02-24T14:06+09:00,13.6,3.1,6.3,3.2,16.8
2026-02-24T15:13+09:00,2026-02-24T15:14+09:00,16.0,3.1,7.2,4.1,20.1
2026-02-24T16:22+09:00,2026-02-24T16:22+09:00,16.8,3.1,7.8,4.7,21.5
2026-02-24T17:28+09:00,2026-02-24T17:28+09:00,17.3,3.1,8.0,4.9,22.2
2026-02-24T18:35+09:00,2026-02-24T18:36+09:00,17.3,3.6,8.5,4.9,22.2
2026-02-24T19:32+09:00,2026-02-24T19:32+09:00,17.3,4.6,9.4,4.9,22.2
2026-02-24T20:27+09:00,2026-02-24T20:28+09:00,17.3,5.3,10.1,4.9,22.2
2026-02-24T21:29+09:00,2026-02-24T21:29+09:00,17.3,6.6,11.5,4.9,22.2
2026-02-24T22:58+09:00,2026-02-24T22:58+09:00,17.3,8.5,13.4,4.9,22.2
2026-02-25T00:10+09:00,2026-02-25T00:10+09:00,17.3,10.1,15.0,4.9,22.2
2026-02-25T01:14+09:00,2026-02-25T01:14+09:00,0.0,0.7,,,
2026-02-25T02:19+09:00,2026-02-25T02:19+09:00,0.0,0.8,0.8,0.0,0.0
2026-02-25T03:38+09:00,2026-02-25T03:38+09:00,0.0,1.0,1.0,0.0,0.0
2026-02-25T04:39+09:00,2026-02-25T04:39+09:00,0.0,1.3,1.3,0.0,0.0
2026-02-25T05:04+09:00,2026-02-25T05:05+09:00,0.0,1.7,1.7,0.0,0.0
2026-02-25T06:00+09:00,2026-02-25T06:00+09:00,0.0,2.0,2.0,0.0,0.0
2026-02-25T06:51+09:00,2026-02-25T06:51+09:00,0.0,3.3,3.3,0.0,0.0
2026-02-25T07:53+09:00,2026-02-25T07:53+09:00,0.0,4.3,4.3,0.0,0.0
2026-02-25T08:47+09:00,2026-02-25T08:47+09:00,0.0,4.8,5.1,0.3,0.3
2026-02-25T12:15+09:00,2026-02-25T12:15+09:00,1.8,5.0,6.3,1.4,3.2
2026-02-25T14:09+09:00,2026-02-25T14:09+09:00,2.1,5.0,6.6,1.7,3.8
2026-02-25T15:16+09:00,2026-02-25T15:16+09:00,2.6,5.0,6.9,1.9,4.5
2026-02-25T16:43+09:00,2026-02-25T16:43+09:00,3.7,5.0,7.1,2.1,5.8
2026-02-25T17:28+09:00,2026-02-25T17:28+09:00,3.7,5.0,7.5,2.5,6.2
2026-02-25T18:37+09:00,2026-02-25T18:37+09:00,3.7,6.1,8.8,2.7,6.4
2026-02-25T19:35+09:00,2026-02-25T19:35+09:00,3.7,7.5,10.2,2.7,6.4
2026-02-25T20:27+09:00,2026-02-25T20:28+09:00,3.7,8.3,10.9,2.7,6.4
2026-02-25T21:05+09:00,2026-02-25T21:06+09:00,3.7,8.8,11.5,2.7,6.4
2026-02-25T22:43+09:00,2026-02-25T22:43+09:00,3.7,11.4,14.0,2.7,6.4
2026-02-25T23:38+09:00,2026-02-25T23:38+09:00,3.7,12.3,15.0,2.7,6.4
2026-02-26T00:41+09:00,2026-02-26T00:41+09:00,0.0,1.0,1.0,0.0,0.0
2026-02-26T01:49+09:00,2026-02-26T01:49+09:00,0.0,1.2,1.2,0.0,0.0
2026-02-26T03:14+09:00,2026-02-26T03:14+09:00,0.0,1.4,1.4,0.0,0.0
2026-02-26T04:29+09:00,2026-02-26T04:29+09:00,0.0,1.6,1.6,0.0,0.0
2026-02-26T05:05+09:00,2026-02-26T05:05+09:00,0.0,1.7,1.7,0.0,0.0
2026-02-26T05:55+09:00,2026-02-26T05:55+09:00,0.0,1.9,1.9,0.0,0.0
2026-02-26T06:49+09:00,2026-02-26T06:50+09:00,0.0,3.5,3.5,0.0,0.0
2026-02-26T07:52+09:00,2026-02-26T07:52+09:00,0.0,4.8,4.9,0.1,0.1
2026-02-26T08:45+09:00,2026-02-26T08:45+09:00,0.1,5.3,6.3,1.0,1.1
2026-02-26T09:02+09:00,2026-02-26T09:02+09:00,0.1,5.3,6.3,1.0,1.1
2026-02-26T12:11+09:00,2026-02-26T12:11+09:00,4.7,5.3,7.5,2.2,6.9
2026-02-26T14:01+09:00,2026-02-26T14:02+09:00,7.3,5.3,7.7,2.3,9.6
2026-02-26T15:12+09:00,2026-02-26T15:12+09:00,9.1,5.3,7.8,2.5,11.6
2026-02-26T16:16+09:00,2026-02-26T16:17+09:00,9.7,5.3,8.0,2.7,12.4
2026-02-26T17:27+09:00,2026-02-26T17:27+09:00,10.0,5.3,8.1,2.8,12.8
2026-02-26T18:33+09:00,2026-02-26T18:33+09:00,10.0,5.9,8.9,2.9,12.9
2026-02-26T19:30+09:00,2026-02-26T19:31+09:00,10.0,7.7,10.6,2.9,12.9
2026-02-26T20:27+09:00,2026-02-26T20:27+09:00,10.0,8.7,11.6,2.9,12.9
2026-02-26T21:06+09:00,2026-02-26T21:06+09:00,10.0,9.4,12.3,2.9,12.9
2026-02-26T22:43+09:00,2026-02-26T22:44+09:00,10.0,12.3,15.3,2.9,12.9
2026-02-26T23:36+09:00,2026-02-26T23:37+09:00,10.0,13.4,16.3,2.9,12.9
2026-02-27T02:45+09:00,2026-02-27T02:45+09:00,0.0,0.9,0.9,0.0,0.0
2026-02-27T03:31+09:00,2026-02-27T03:31+09:00,0.0,1.0,1.0,0.0,0.0
2026-02-27T04:32+09:00,2026-02-27T04:32+09:00,0.0,1.2,1.2,0.0,0.0
2026-02-27T05:19+09:00,2026-02-27T05:19+09:00,0.0,1.3,1.3,0.0,0.0
2026-02-27T06:19+09:00,2026-02-27T06:19+09:00,0.0,2.4,2.4,0.0,0.0
2026-02-27T07:02+09:00,2026-02-27T07:02+09:00,0.0,3.1,3.1,0.0,0.0
2026-02-27T07:53+09:00,2026-02-27T07:53+09:00,0.0,4.1,4.2,0.1,0.1
2026-02-27T08:45+09:00,2026-02-27T08:45+09:00,0.3,4.3,5.1,0.8,1.1
2026-02-27T09:02+09:00,2026-02-27T09:02+09:00,0.3,4.3,5.1,0.8,1.1
2026-02-27T12:08+09:00,2026-02-27T12:09+09:00,5.5,4.3,7.6,3.3,8.8
2026-02-27T13:56+09:00,2026-02-27T13:56+09:00,8.7,4.3,8.0,3.7,12.4
2026-02-27T15:06+09:00,2026-02-27T15:06+09:00,9.8,4.3,8.2,3.8,13.6
2026-02-27T16:13+09:00,2026-02-27T16:13+09:00,10.5,4.3,8.4,4.1,14.6
2026-02-27T16:57+09:00,2026-02-27T16:57+09:00,10.5,4.3,8.6,4.3,14.8
2026-02-27T18:00+09:00,2026-02-27T18:00+09:00,10.5,5.0,9.2,4.3,14.8
2026-02-27T18:59+09:00,2026-02-27T18:59+09:00,10.5,6.3,10.6,4.3,14.8
2026-02-27T19:58+09:00,2026-02-27T19:59+09:00,10.5,7.1,11.3,4.3,14.8
2026-02-27T20:46+09:00,2026-02-27T20:46+09:00,10.5,8.1,12.3,4.3,14.8
2026-02-27T22:32+09:00,2026-02-27T22:32+09:00,10.5,10.1,14.4,4.3,14.8
2026-02-27T23:24+09:00,2026-02-27T23:24+09:00,10.5,11.4,15.7,4.3,14.8
2026-02-28T00:24+09:00,2026-02-28T00:24+09:00,10.5,12.1,16.4,4.3,14.8
2026-02-28T01:07+09:00,2026-02-28T01:07+09:00,0.0,0.4,0.4,0.0,0.0
2026-02-28T01:56+09:00,2026-02-28T01:57+09:00,0.0,0.6,0.6,0.0,0.0
2026-02-28T02:54+09:00,2026-02-28T02:54+09:00,0.0,0.8,0.8,0.0,0.0
2026-02-28T04:03+09:00,2026-02-28T04:03+09:00,0.0,1.5,1.5,0.0,0.0
2026-02-28T04:47+09:00,2026-02-28T04:47+09:00,0.0,1.7,1.7,0.0,0.0
2026-02-28T05:45+09:00,2026-02-28T05:45+09:00,0.0,1.9,1.9,0.0,0.0
2026-02-28T06:04+09:00,2026-02-28T06:04+09:00,0.0,1.9,1.9,0.0,0.0
2026-02-28T06:43+09:00,2026-02-28T06:43+09:00,0.0,2.2,2.2,0.0,0.0
2026-02-28T06:59+09:00,2026-02-28T06:59+09:00,0.0,2.2,2.2,0.0,0.0
2026-02-28T07:43+09:00,2026-02-28T07:43+09:00,0.0,2.4,2.6,0.2,0.2
2026-02-28T08:00+09:00,2026-02-28T08:00+09:00,0.0,2.4,2.6,0.2,0.2
2026-02-28T08:37+09:00,2026-02-28T08:37+09:00,0.1,2.4,2.6,0.2,0.3
2026-02-28T08:56+09:00,2026-02-28T08:56+09:00,0.2,2.5,3.0,0.5,0.7
2026-02-28T11:39+09:00,2026-02-28T11:40+09:00,3.6,2.6,5.5,2.9,6.5
2026-02-28T13:09+09:00,2026-02-28T13:09+09:00,4.1,2.7,6.8,4.1,8.2
2026-02-28T14:04+09:00,2026-02-28T14:04+09:00,4.7,2.7,7.4,4.6,9.3
2026-02-28T14:49+09:00,2026-02-28T14:49+09:00,4.7,3.1,8.3,5.2,9.9
2026-02-28T15:57+09:00,2026-02-28T15:57+09:00,4.7,3.4,9.0,5.7,10.4
2026-02-28T16:40+09:00,2026-02-28T16:40+09:00,4.7,3.7,9.6,5.9,10.6
2026-02-28T16:55+09:00,2026-02-28T16:55+09:00,4.7,4.1,10.0,6.0,10.7
2026-02-28T17:45+09:00,2026-02-28T17:45+09:00,4.7,5.6,11.8,6.2,10.9
2026-02-28T18:01+09:00,2026-02-28T18:01+09:00,4.7,5.6,11.8,6.2,10.9
2026-02-28T18:40+09:00,2026-02-28T18:40+09:00,4.7,7.4,13.6,6.2,10.9
2026-02-28T18:55+09:00,2026-02-28T18:55+09:00,4.7,7.4,13.6,6.2,10.9
2026-02-28T19:40+09:00,2026-02-28T19:40+09:00,4.7,10.1,16.3,6.2,10.9
2026-02-28T19:55+09:00,2026-02-28T19:55+09:00,4.7,10.1,16.3,6.2,10.9
2026-02-28T20:31+09:00,2026-02-28T20:31+09:00,4.7,11.3,17.5,6.2,10.9
2026-02-28T20:52+09:00,2026-02-28T20:52+09:00,4.7,11.7,17.8,6.2,10.9
2026-02-28T22:06+09:00,2026-02-28T22:06+09:00,4.7,12.6,18.8,6.2,10.9
2026-02-28T22:48+09:00,2026-02-28T22:48+09:00,4.7,14.6,20.7,6.2,10.9
2026-02-28T23:38+09:00,2026-02-28T23:39+09:00,4.7,15.5,21.6,6.2,10.9
2026-02-28T23:55+09:00,2026-02-28T23:55+09:00,4.7,16.4,22.6,6.2,10.9
2026-03-01T00:35+09:00,2026-03-01T00:35+09:00,0.0,0.4,,,
2026-03-01T00:53+09:00,2026-03-01T00:53+09:00,0.0,0.8,,,
2026-03-01T01:42+09:00,2026-03-01T01:42+09:00,0.0,1.3,1.3,0.0,0.0
2026-03-01T01:58+09:00,2026-03-01T01:58+09:00,0.0,1.3,1.3,0.0,0.0
2026-03-01T02:35+09:00,2026-03-01T02:35+09:00,0.0,1.4,1.4,0.0,0.0
2026-03-01T02:54+09:00,2026-03-01T02:54+09:00,0.0,1.8,1.8,0.0,0.0
2026-03-01T03:49+09:00,2026-03-01T03:49+09:00,0.0,2.5,2.5,0.0,0.0
2026-03-01T04:32+09:00,2026-03-01T04:32+09:00,0.0,2.6,2.6,0.0,0.0
2026-03-01T04:52+09:00,2026-03-01T04:52+09:00,0.0,2.8,2.8,0.0,0.0
2026-03-01T05:39+09:00,2026-03-01T05:39+09:00,0.0,2.9,2.9,0.0,0.0
2026-03-01T05:56+09:00,2026-03-01T05:56+09:00,0.0,3.1,3.1,0.0,0.0
2026-03-01T06:34+09:00,2026-03-01T06:34+09:00,0.0,3.3,3.3,0.0,0.0
2026-03-01T06:52+09:00,2026-03-01T06:52+09:00,0.0,3.5,3.5,0.0,0.0
2026-03-01T07:38+09:00,2026-03-01T07:38+09:00,0.0,3.9,3.9,0.0,0.0
2026-03-01T07:56+09:00,2026-03-01T07:56+09:00,0.1,4.1,4.4,0.3,0.4
2026-03-01T08:34+09:00,2026-03-01T08:35+09:00,0.4,4.1,4.9,0.8,1.2
2026-03-01T08:54+09:00,2026-03-01T08:54+09:00,0.9,4.1,5.4,1.4,2.3
2026-03-01T12:23+09:00,2026-03-01T12:23+09:00,11.1,4.1,8.8,4.7,15.8
2026-03-01T14:10+09:00,2026-03-01T14:10+09:00,19.3,4.1,9.9,5.8,25.1
2026-03-01T15:03+09:00,2026-03-01T15:04+09:00,20.8,4.1,10.1,6.0,26.8
2026-03-01T16:04+09:00,2026-03-01T16:04+09:00,22.7,4.1,10.5,6.4,29.1
2026-03-01T16:47+09:00,2026-03-01T16:47+09:00,23.9,4.1,10.8,6.8,30.7
2026-03-01T17:47+09:00,2026-03-01T17:47+09:00,24.1,4.5,11.6,7.1,31.2
2026-03-01T18:44+09:00,2026-03-01T18:44+09:00,24.1,5.6,12.7,7.1,31.2
2026-03-01T18:58+09:00,2026-03-01T18:59+09:00,24.1,5.6,12.7,7.1,31.2
2026-03-01T19:44+09:00,2026-03-01T19:44+09:00,24.1,6.4,13.5,7.1,31.2
2026-03-01T19:59+09:00,2026-03-01T19:59+09:00,24.1,6.4,13.5,7.1,31.2
2026-03-01T20:33+09:00,2026-03-01T20:33+09:00,24.1,6.7,13.8,7.1,31.2
2026-03-01T20:53+09:00,2026-03-01T20:53+09:00,24.1,7.0,14.1,7.1,31.2
2026-03-01T22:09+09:00,2026-03-01T22:10+09:00,24.1,8.1,15.2,7.1,31.2
2026-03-01T22:49+09:00,2026-03-01T22:49+09:00,24.1,10.0,17.1,7.1,31.2
2026-03-01T23:41+09:00,2026-03-01T23:41+09:00,24.1,11.9,19.0,7.1,31.2
2026-03-01T23:57+09:00,2026-03-01T23:57+09:00,24.1,11.9,19.0,7.1,31.2
2026-03-02T00:36+09:00,2026-03-02T00:36+09:00,0.0,0.5,0.5,0.0,0.0
2026-03-02T00:54+09:00,2026-03-02T00:55+09:00,0.0,0.8,0.8,0.0,0.0
2026-03-02T01:44+09:00,2026-03-02T01:44+09:00,0.0,1.0,1.0,0.0,0.0
2026-03-02T02:01+09:00,2026-03-02T02:01+09:00,0.0,1.0,1.0,0.0,0.0
2026-03-02T02:37+09:00,2026-03-02T02:37+09:00,0.0,1.1,1.1,0.0,0.0
2026-03-02T02:56+09:00,2026-03-02T02:56+09:00,0.0,1.2,1.2,0.0,0.0
2026-03-02T03:51+09:00,2026-03-02T03:51+09:00,0.0,1.3,1.3,0.0,0.0
2026-03-02T04:33+09:00,2026-03-02T04:33+09:00,0.0,1.4,1.4,0.0,0.0
2026-03-02T04:53+09:00,2026-03-02T04:53+09:00,0.0,1.5,1.5,0.0,0.0
2026-03-02T05:42+09:00,2026-03-02T05:42+09:00,0.0,1.7,1.7,0.0,0.0
2026-03-02T05:58+09:00,2026-03-02T05:58+09:00,0.0,1.7,1.7,0.0,0.0
2026-03-02T06:35+09:00,2026-03-02T06:35+09:00,0.0,2.1,2.1,0.0,0.0
2026-03-02T06:54+09:00,2026-03-02T06:54+09:00,0.0,2.5,2.5,0.0,0.0
2026-03-02T07:42+09:00,2026-03-02T07:42+09:00,0.0,3.8,4.1,0.3,0.3
2026-03-02T07:58+09:00,2026-03-02T07:58+09:00,0.0,3.8,4.1,0.3,0.3
2026-03-02T08:36+09:00,2026-03-02T08:37+09:00,0.2,3.8,4.5,0.7,0.9
2026-03-02T08:56+09:00,2026-03-02T08:56+09:00,0.7,3.8,4.8,1.0,1.7
2026-03-02T12:11+09:00,2026-03-02T12:11+09:00,5.4,3.8,8.6,4.8,10.2
2026-03-02T13:58+09:00,2026-03-02T13:58+09:00,9.1,3.8,9.7,5.9,15.0
2026-03-02T15:07+09:00,2026-03-02T15:07+09:00,,,,,
2026-03-02T16:16+09:00,2026-03-02T16:16+09:00,11.5,3.8,11.6,7.8,19.3
2026-03-02T17:25+09:00,2026-03-02T17:25+09:00,11.6,4.1,12.2,8.0,19.6
2026-03-02T18:33+09:00,2026-03-02T18:33+09:00,11.6,5.5,13.6,8.1,19.7
2026-03-02T19:30+09:00,2026-03-02T19:30+09:00,,,,,
2026-03-02T20:22+09:00,2026-03-02T20:22+09:00,11.6,7.3,15.4,8.1,19.7
2026-03-02T21:00+09:00,2026-03-02T21:00+09:00,11.6,7.9,16.0,8.1,19.7
2026-03-02T22:35+09:00,2026-03-02T22:35+09:00,11.6,10.1,18.2,8.1,19.7
2026-03-02T23:28+09:00,2026-03-02T23:28+09:00,11.6,11.7,19.8,8.1,19.7
2026-03-03T00:26+09:00,2026-03-03T00:26+09:00,11.6,12.3,20.4,8.1,19.7
2026-03-03T01:24+09:00,2026-03-03T01:24+09:00,0.0,0.6,0.6,0.0,0.0
2026-03-03T02:29+09:00,2026-03-03T02:30+09:00,0.0,0.8,0.8,0.0,0.0
2026-03-03T03:25+09:00,2026-03-03T03:26+09:00,0.0,0.9,0.9,0.0,0.0
2026-03-03T04:25+09:00,2026-03-03T04:25+09:00,0.0,1.1,1.1,0.0,0.0
2026-03-03T05:02+09:00,2026-03-03T05:03+09:00,0.0,1.2,1.2,0.0,0.0
2026-03-03T05:52+09:00,2026-03-03T05:52+09:00,0.0,1.3,1.3,0.0,0.0
2026-03-03T06:50+09:00,2026-03-03T06:50+09:00,0.0,2.1,2.1,0.0,0.0
2026-03-03T07:47+09:00,2026-03-03T07:47+09:00,0.0,3.2,3.2,0.0,0.0
2026-03-03T08:42+09:00,2026-03-03T08:42+09:00,0.0,3.6,3.6,0.1,0.1
2026-03-03T09:00+09:00,2026-03-03T09:00+09:00,0.0,3.6,3.6,0.1,0.1
2026-03-03T12:14+09:00,2026-03-03T12:14+09:00,0.8,3.6,4.3,0.7,1.5
2026-03-03T13:57+09:00,2026-03-03T13:57+09:00,1.3,3.6,4.6,1.0,2.3
2026-03-03T15:04+09:00,2026-03-03T15:04+09:00,1.3,3.8,5.2,1.4,2.7
2026-03-03T16:11+09:00,2026-03-03T16:11+09:00,1.5,3.9,5.7,1.8,3.3
2026-03-03T16:54+09:00,2026-03-03T16:55+09:00,1.6,3.9,6.0,2.1,3.7
2026-03-03T17:59+09:00,2026-03-03T17:59+09:00,1.6,4.5,6.7,2.3,3.9
2026-03-03T19:01+09:00,2026-03-03T19:01+09:00,1.6,6.3,8.5,2.3,3.9
2026-03-03T20:00+09:00,2026-03-03T20:00+09:00,1.6,7.4,9.7,2.3,3.9
2026-03-03T20:47+09:00,2026-03-03T20:47+09:00,1.6,8.5,10.7,2.3,3.9
2026-03-03T22:33+09:00,2026-03-03T22:33+09:00,1.6,10.2,12.4,2.3,3.9
2026-03-03T23:28+09:00,2026-03-03T23:28+09:00,1.6,11.6,13.9,2.3,3.9
2026-03-04T00:33+09:00,2026-03-04T00:33+09:00,0.0,0.2,,,
2026-03-04T01:28+09:00,2026-03-04T01:28+09:00,0.0,0.4,,,
2026-03-04T02:29+09:00,2026-03-04T02:29+09:00,0.0,0.6,0.6,0.0,0.0
2026-03-04T03:27+09:00,2026-03-04T03:28+09:00,0.0,0.8,0.8,0.0,0.0
2026-03-04T04:28+09:00,2026-03-04T04:28+09:00,0.0,1.0,1.0,0.0,0.0
2026-03-04T05:02+09:00,2026-03-04T05:02+09:00,0.0,1.0,1.0,0.0,0.0
2026-03-04T05:47+09:00,2026-03-04T05:48+09:00,0.0,1.2,1.2,0.0,0.0
2026-03-04T06:47+09:00,2026-03-04T06:48+09:00,0.0,1.8,1.8,0.0,0.0
2026-03-04T07:48+09:00,2026-03-04T07:48+09:00,0.0,3.0,3.1,0.1,0.1
2026-03-04T08:42+09:00,2026-03-04T08:42+09:00,0.5,3.1,3.7,0.6,1.1
2026-03-04T08:59+09:00,2026-03-04T08:59+09:00,0.5,3.1,3.7,0.6,1.1
2026-03-04T11:50+09:00,2026-03-04T11:50+09:00,7.6,3.1,4.2,1.1,8.7
2026-03-04T13:51+09:00,2026-03-04T13:51+09:00,14.5,3.1,4.7,1.5,16.0
2026-03-04T14:59+09:00,2026-03-04T14:59+09:00,18.5,3.1,4.9,1.7,20.2
2026-03-04T16:06+09:00,2026-03-04T16:06+09:00,19.9,3.2,5.3,2.2,22.1
2026-03-04T16:52+09:00,2026-03-04T16:52+09:00,20.2,3.4,6.5,3.1,23.3
2026-03-04T17:57+09:00,2026-03-04T17:57+09:00,20.2,4.2,7.5,3.4,23.6
2026-03-04T18:58+09:00,2026-03-04T18:58+09:00,,,,,
2026-03-04T19:57+09:00,2026-03-04T19:57+09:00,20.2,6.2,9.7,3.5,23.7
2026-03-04T20:45+09:00,2026-03-04T20:45+09:00,20.2,7.1,10.5,3.5,23.7
2026-03-04T21:02+09:00,2026-03-04T21:02+09:00,20.2,7.1,10.5,3.5,23.7
2026-03-04T22:31+09:00,2026-03-04T22:32+09:00,20.2,9.7,13.2,3.5,23.7
2026-03-04T23:26+09:00,2026-03-04T23:26+09:00,20.2,11.5,14.9,3.5,23.7
2026-03-05T00:24+09:00,2026-03-05T00:24+09:00,20.2,12.3,15.7,3.5,23.7
2026-03-05T01:24+09:00,2026-03-05T01:24+09:00,0.0,0.6,0.6,0.0,0.0
2026-03-05T02:25+09:00,2026-03-05T02:25+09:00,0.0,0.8,0.8,0.0,0.0
2026-03-05T03:26+09:00,2026-03-05T03:26+09:00,0.0,1.0,1.0,0.0,0.0
2026-03-05T04:26+09:00,2026-03-05T04:27+09:00,0.0,1.2,1.2,0.0,0.0
2026-03-05T05:03+09:00,2026-03-05T05:03+09:00,0.0,1.3,1.3,0.0,0.0
2026-03-05T05:49+09:00,2026-03-05T05:49+09:00,0.0,1.5,1.5,0.0,0.0
2026-03-05T06:49+09:00,2026-03-05T06:49+09:00,0.0,2.4,2.4,0.0,0.0
2026-03-05T07:50+09:00,2026-03-05T07:50+09:00,0.0,3.4,3.5,0.1,0.1
2026-03-05T08:44+09:00,2026-03-05T08:44+09:00,0.3,3.7,4.1,0.4,0.7
2026-03-05T09:01+09:00,2026-03-05T09:01+09:00,0.3,3.7,4.1,0.4,0.7
2026-03-05T12:08+09:00,2026-03-05T12:09+09:00,10.1,3.7,4.7,1.0,11.1
2026-03-05T13:55+09:00,2026-03-05T13:55+09:00,18.4,3.7,5.1,1.4,19.8
2026-03-05T15:03+09:00,2026-03-05T15:03+09:00,21.7,3.7,5.8,2.1,23.8
2026-03-05T16:10+09:00,2026-03-05T16:10+09:00,24.3,3.7,6.8,3.1,27.4
2026-03-05T16:55+09:00,2026-03-05T16:55+09:00,24.6,3.7,7.3,3.6,28.2
2026-03-05T18:00+09:00,2026-03-05T18:00+09:00,24.6,4.3,8.6,4.3,28.9
2026-03-05T19:01+09:00,2026-03-05T19:01+09:00,24.6,5.1,9.3,4.3,28.9
2026-03-05T20:01+09:00,2026-03-05T20:01+09:00,24.6,6.3,10.6,4.3,28.9
2026-03-05T20:47+09:00,2026-03-05T20:48+09:00,24.6,7.5,11.7,4.3,28.9
2026-03-05T22:37+09:00,2026-03-05T22:37+09:00,24.6,9.5,13.7,4.3,28.9
2026-03-05T23:30+09:00,2026-03-05T23:30+09:00,24.6,11.6,15.9,4.3,28.9
2026-03-06T00:35+09:00,2026-03-06T00:35+09:00,0.0,1.2,1.2,0.0,0.0
2026-03-06T02:49+09:00,2026-03-06T02:49+09:00,0.0,2.5,2.5,0.0,0.0
2026-03-06T04:36+09:00,2026-03-06T04:36+09:00,0.0,3.4,3.4,0.0,0.0
2026-03-06T05:21+09:00,2026-03-06T05:21+09:00,0.0,4.0,4.0,0.0,0.0
2026-03-06T06:07+09:00,2026-03-06T06:07+09:00,0.0,4.1,4.1,0.0,0.0
2026-03-06T06:50+09:00,2026-03-06T06:50+09:00,0.0,4.6,4.6,0.0,0.0
2026-03-06T08:22+09:00,2026-03-06T08:22+09:00,0.5,5.6,6.5,1.0,1.5
2026-03-06T09:59+09:00,2026-03-06T09:59+09:00,3.2,5.6,7.7,2.1,5.3
2026-03-06T12:36+09:00,2026-03-06T12:36+09:00,10.1,5.6,8.1,2.5,12.6
2026-03-06T14:01+09:00,2026-03-06T14:01+09:00,14.3,5.6,8.4,2.8,17.1
2026-03-06T14:59+09:00,2026-03-06T14:59+09:00,16.4,5.6,8.8,3.2,19.6
2026-03-06T16:07+09:00,2026-03-06T16:08+09:00,17.6,5.6,9.3,3.7,21.3
2026-03-06T16:52+09:00,2026-03-06T16:52+09:00,18.0,5.6,9.7,4.1,22.1
2026-03-06T17:55+09:00,2026-03-06T17:55+09:00,18.1,5.6,9.9,4.3,22.4
2026-03-06T18:56+09:00,2026-03-06T18:56+09:00,18.1,5.8,10.1,4.3,22.4
2026-03-06T19:56+09:00,2026-03-06T19:56+09:00,18.1,6.0,10.3,4.3,22.4
2026-03-06T20:44+09:00,2026-03-06T20:44+09:00,18.1,6.2,10.5,4.3,22.4
2026-03-06T21:01+09:00,2026-03-06T21:01+09:00,18.1,6.2,10.5,4.3,22.4
2026-03-06T22:20+09:00,2026-03-06T22:20+09:00,18.1,6.5,10.8,4.3,22.4
2026-03-06T23:23+09:00,2026-03-06T23:23+09:00,18.1,6.8,11.1,4.3,22.4
2026-03-07T00:21+09:00,2026-03-07T00:21+09:00,18.1,6.9,11.2,4.3,22.4
2026-03-07T01:05+09:00,2026-03-07T01:06+09:00,0.0,0.7,0.7,0.0,0.0
2026-03-07T01:59+09:00,2026-03-07T01:59+09:00,0.0,0.9,0.9,0.0,0.0
2026-03-07T02:52+09:00,2026-03-07T02:52+09:00,0.0,1.4,1.4,0.0,0.0
2026-03-07T04:03+09:00,2026-03-07T04:03+09:00,0.0,2.0,2.0,0.0,0.0
2026-03-07T04:48+09:00,2026-03-07T04:48+09:00,0.0,2.3,2.3,0.0,0.0
2026-03-07T05:48+09:00,2026-03-07T05:48+09:00,0.0,2.5,2.5,0.0,0.0
2026-03-07T06:43+09:00,2026-03-07T06:43+09:00,0.0,2.8,2.8,0.0,0.0
2026-03-07T06:59+09:00,2026-03-07T06:59+09:00,0.0,2.8,2.8,0.0,0.0
2026-03-07T07:48+09:00,2026-03-07T07:48+09:00,0.5,2.8,3.0,0.2,0.7
2026-03-07T08:41+09:00,2026-03-07T08:41+09:00,2.5,2.8,3.2,0.4,2.9
2026-03-07T08:58+09:00,2026-03-07T08:58+09:00,2.5,2.8,3.2,0.4,2.9
2026-03-07T11:44+09:00,2026-03-07T11:44+09:00,12.7,2.8,4.3,1.5,14.2
2026-03-07T13:15+09:00,2026-03-07T13:15+09:00,16.4,2.8,5.7,2.9,19.3
2026-03-07T14:09+09:00,2026-03-07T14:10+09:00,18.0,2.8,6.1,3.3,21.3
2026-03-07T14:51+09:00,2026-03-07T14:52+09:00,19.4,2.8,7.0,4.2,23.6
2026-03-07T15:59+09:00,2026-03-07T15:59+09:00,20.8,2.9,7.8,4.9,25.7
2026-03-07T16:43+09:00,2026-03-07T16:43+09:00,21.3,3.2,9.5,6.4,27.7
2026-03-07T16:57+09:00,2026-03-07T16:57+09:00,21.3,3.2,9.5,6.4,27.7
2026-03-07T17:47+09:00,2026-03-07T17:48+09:00,21.3,4.6,11.5,6.9,28.2
2026-03-07T18:43+09:00,2026-03-07T18:43+09:00,21.3,5.8,12.7,6.9,28.2
2026-03-07T18:57+09:00,2026-03-07T18:58+09:00,21.3,5.8,12.7,6.9,28.2
2026-03-07T19:42+09:00,2026-03-07T19:42+09:00,21.3,7.0,13.9,6.9,28.2
2026-03-07T19:57+09:00,2026-03-07T19:57+09:00,21.3,7.0,13.9,6.9,28.2
2026-03-07T20:33+09:00,2026-03-07T20:33+09:00,21.3,7.4,14.2,6.9,28.2
2026-03-07T20:53+09:00,2026-03-07T20:53+09:00,21.3,8.0,14.8,6.9,28.2
2026-03-07T22:09+09:00,2026-03-07T22:09+09:00,21.3,9.0,15.8,6.9,28.2
2026-03-07T22:49+09:00,2026-03-07T22:49+09:00,21.3,10.7,17.5,6.9,28.2
2026-03-07T23:41+09:00,2026-03-07T23:42+09:00,21.3,12.4,19.3,6.9,28.2
2026-03-07T23:57+09:00,2026-03-07T23:57+09:00,21.3,12.4,19.3,6.9,28.2
2026-03-08T00:36+09:00,2026-03-08T00:36+09:00,0.0,0.8,0.8,0.0,0.0
2026-03-08T00:55+09:00,2026-03-08T00:55+09:00,0.0,1.6,1.6,0.0,0.0
2026-03-08T01:44+09:00,2026-03-08T01:44+09:00,0.0,3.0,3.0,0.0,0.0
2026-03-08T02:00+09:00,2026-03-08T02:00+09:00,0.0,3.0,3.0,0.0,0.0
2026-03-08T02:36+09:00,2026-03-08T02:36+09:00,0.0,3.6,3.6,0.0,0.0
2026-03-08T02:55+09:00,2026-03-08T02:55+09:00,0.0,4.1,4.1,0.0,0.0
2026-03-08T03:50+09:00,2026-03-08T03:50+09:00,0.0,4.3,4.3,0.0,0.0
2026-03-08T04:33+09:00,2026-03-08T04:33+09:00,0.0,4.4,4.4,0.0,0.0
2026-03-08T04:53+09:00,2026-03-08T04:53+09:00,0.0,4.7,4.7,0.0,0.0
2026-03-08T05:39+09:00,2026-03-08T05:39+09:00,0.0,5.1,5.1,0.0,0.0
2026-03-08T05:56+09:00,2026-03-08T05:57+09:00,0.0,5.4,5.4,0.0,0.0
2026-03-08T06:34+09:00,2026-03-08T06:34+09:00,0.0,5.5,5.5,0.0,0.0
2026-03-08T06:53+09:00,2026-03-08T06:53+09:00,0.0,5.8,5.8,0.0,0.0
2026-03-08T07:40+09:00,2026-03-08T07:40+09:00,0.0,6.2,6.3,0.1,0.1
2026-03-08T07:57+09:00,2026-03-08T07:57+09:00,0.1,6.2,6.4,0.2,0.3
2026-03-08T08:36+09:00,2026-03-08T08:36+09:00,0.6,6.2,6.5,0.3,0.9
2026-03-08T08:55+09:00,2026-03-08T08:55+09:00,1.4,6.2,6.6,0.4,1.8
2026-03-08T12:12+09:00,2026-03-08T12:12+09:00,6.3,6.3,9.9,3.6,9.9
2026-03-08T13:53+09:00,2026-03-08T13:53+09:00,7.8,6.6,13.2,6.6,14.4
2026-03-08T14:57+09:00,2026-03-08T14:58+09:00,11.6,6.6,14.2,7.6,19.2
2026-03-08T16:00+09:00,2026-03-08T16:00+09:00,13.7,6.6,14.7,8.1,21.8
2026-03-08T16:44+09:00,2026-03-08T16:44+09:00,14.7,6.6,15.1,8.5,23.2
2026-03-08T16:59+09:00,2026-03-08T16:59+09:00,14.7,6.6,15.1,8.5,23.2
2026-03-08T17:48+09:00,2026-03-08T17:48+09:00,14.7,7.6,16.5,9.0,23.7
2026-03-08T18:44+09:00,2026-03-08T18:44+09:00,14.7,9.3,18.3,9.0,23.7
2026-03-08T18:59+09:00,2026-03-08T18:59+09:00,14.7,9.3,18.3,9.0,23.7
2026-03-08T19:44+09:00,2026-03-08T19:44+09:00,14.7,10.7,19.7,9.0,23.7
2026-03-08T20:00+09:00,2026-03-08T20:00+09:00,14.7,10.7,19.7,9.0,23.7
2026-03-08T20:33+09:00,2026-03-08T20:33+09:00,14.7,11.5,20.4,9.0,23.7
2026-03-08T20:54+09:00,2026-03-08T20:54+09:00,14.7,12.4,21.4,9.0,23.7
2026-03-08T22:10+09:00,2026-03-08T22:11+09:00,14.7,15.7,24.7,9.0,23.7
2026-03-08T22:50+09:00,2026-03-08T22:50+09:00,14.7,17.1,26.0,9.0,23.7
2026-03-08T23:42+09:00,2026-03-08T23:42+09:00,14.7,19.2,28.2,9.0,23.7
2026-03-08T23:58+09:00,2026-03-08T23:58+09:00,14.7,19.2,28.2,9.0,23.7
2026-03-09T00:37+09:00,2026-03-09T00:38+09:00,0.0,0.7,0.7,0.0,0.0
2026-03-09T00:56+09:00,2026-03-09T00:56+09:00,0.0,1.2,1.2,0.0,0.0
2026-03-09T01:45+09:00,2026-03-09T01:46+09:00,0.0,1.5,1.5,0.0,0.0
2026-03-09T02:38+09:00,2026-03-09T02:39+09:00,0.0,1.5,1.5,0.0,0.0
2026-03-09T02:56+09:00,2026-03-09T02:56+09:00,0.0,2.0,2.0,0.0,0.0
2026-03-09T03:51+09:00,2026-03-09T03:52+09:00,0.0,2.3,2.3,0.0,0.0
2026-03-09T04:34+09:00,2026-03-09T04:34+09:00,0.0,2.4,2.4,0.0,0.0
2026-03-09T04:54+09:00,2026-03-09T04:54+09:00,0.0,2.4,2.4,0.0,0.0
2026-03-09T05:42+09:00,2026-03-09T05:42+09:00,0.0,3.0,3.0,0.0,0.0
2026-03-09T05:59+09:00,2026-03-09T05:59+09:00,0.0,3.0,3.0,0.0,0.0
2026-03-09T06:36+09:00,2026-03-09T06:36+09:00,0.0,3.4,3.4,0.0,0.0
2026-03-09T06:55+09:00,2026-03-09T06:55+09:00,0.0,4.3,4.3,0.0,0.0
2026-03-09T07:42+09:00,2026-03-09T07:42+09:00,0.2,5.1,5.7,0.6,0.8
2026-03-09T07:58+09:00,2026-03-09T07:59+09:00,0.2,5.1,5.7,0.6,0.8
2026-03-09T08:37+09:00,2026-03-09T08:37+09:00,0.7,5.1,6.2,1.1,1.8
2026-03-09T08:56+09:00,2026-03-09T08:56+09:00,1.4,5.1,6.6,1.6,3.0
2026-03-09T12:15+09:00,2026-03-09T12:15+09:00,14.3,5.1,8.2,3.1,17.4
2026-03-09T14:03+09:00,2026-03-09T14:04+09:00,20.4,5.1,8.4,3.4,23.8
2026-03-09T15:11+09:00,2026-03-09T15:11+09:00,25.0,5.1,8.7,3.7,28.7
2026-03-09T16:17+09:00,2026-03-09T16:18+09:00,26.0,5.1,9.3,4.2,30.2
2026-03-09T17:26+09:00,2026-03-09T17:26+09:00,26.0,5.2,9.9,4.8,30.8
2026-03-09T18:32+09:00,2026-03-09T18:32+09:00,26.1,6.1,11.0,4.9,31.0
2026-03-09T19:29+09:00,2026-03-09T19:29+09:00,26.1,7.3,12.2,4.9,31.0
2026-03-09T20:23+09:00,2026-03-09T20:23+09:00,26.1,8.5,13.5,4.9,31.0
2026-03-09T21:01+09:00,2026-03-09T21:01+09:00,26.1,9.1,14.0,4.9,31.0
2026-03-09T22:40+09:00,2026-03-09T22:40+09:00,26.1,11.4,16.3,4.9,31.0
2026-03-09T23:35+09:00,2026-03-09T23:35+09:00,26.1,13.4,18.4,4.9,31.0
2026-03-10T00:40+09:00,2026-03-10T00:40+09:00,0.0,1.6,1.6,0.0,0.0
2026-03-10T01:39+09:00,2026-03-10T01:39+09:00,0.0,2.0,2.0,0.0,0.0
2026-03-10T02:33+09:00,2026-03-10T02:33+09:00,0.0,2.5,2.5,0.0,0.0
2026-03-10T03:31+09:00,2026-03-10T03:31+09:00,0.0,2.7,2.7,0.0,0.0
2026-03-10T04:27+09:00,2026-03-10T04:27+09:00,0.0,2.9,2.9,0.0,0.0
2026-03-10T05:02+09:00,2026-03-10T05:02+09:00,0.0,3.0,3.0,0.0,0.0
2026-03-10T05:51+09:00,2026-03-10T05:51+09:00,0.0,3.2,3.2,0.0,0.0
2026-03-10T06:46+09:00,2026-03-10T06:47+09:00,0.0,4.8,4.8,0.0,0.0
2026-03-10T07:47+09:00,2026-03-10T07:47+09:00,0.0,5.5,5.6,0.1,0.1
2026-03-10T08:42+09:00,2026-03-10T08:43+09:00,1.2,5.6,6.6,1.0,2.2
2026-03-10T08:58+09:00,2026-03-10T08:58+09:00,1.2,5.6,6.6,1.0,2.2
2026-03-10T11:49+09:00,2026-03-10T11:50+09:00,6.4,5.6,8.2,2.6,9.0
2026-03-10T13:51+09:00,2026-03-10T13:52+09:00,14.7,5.6,8.7,3.1,17.8
2026-03-10T15:00+09:00,2026-03-10T15:00+09:00,18.2,5.6,8.9,3.4,21.6
2026-03-10T16:08+09:00,2026-03-10T16:09+09:00,20.4,5.6,9.7,4.1,24.5
2026-03-10T16:55+09:00,2026-03-10T16:55+09:00,22.3,5.6,9.9,4.4,26.7
2026-03-10T18:00+09:00,2026-03-10T18:01+09:00,22.4,6.0,10.7,4.7,27.1
2026-03-10T19:01+09:00,2026-03-10T19:01+09:00,,,,,
2026-03-10T20:00+09:00,2026-03-10T20:01+09:00,22.4,7.9,12.7,4.8,27.2
2026-03-10T20:47+09:00,2026-03-10T20:47+09:00,22.4,9.3,14.1,4.8,27.2
2026-03-10T22:38+09:00,2026-03-10T22:38+09:00,22.4,12.5,17.3,4.8,27.2
2026-03-10T23:30+09:00,2026-03-10T23:30+09:00,22.4,15.6,20.4,4.8,27.2
2026-03-11T00:44+09:00,2026-03-11T00:44+09:00,0.0,0.9,,,
2026-03-11T01:41+09:00,2026-03-11T01:41+09:00,0.0,1.1,1.1,0.0,0.0
2026-03-11T02:31+09:00,2026-03-11T02:31+09:00,0.0,1.2,1.2,0.0,0.0
2026-03-11T03:29+09:00,2026-03-11T03:29+09:00,0.0,2.0,2.0,0.0,0.0
2026-03-11T04:26+09:00,2026-03-11T04:26+09:00,0.0,2.2,2.2,0.0,0.0
2026-03-11T05:03+09:00,2026-03-11T05:03+09:00,0.0,2.3,2.3,0.0,0.0
2026-03-11T05:49+09:00,2026-03-11T05:49+09:00,0.0,2.5,2.5,0.0,0.0
2026-03-11T06:41+09:00,2026-03-11T06:42+09:00,0.0,3.4,3.4,0.0,0.0
2026-03-11T06:57+09:00,2026-03-11T06:58+09:00,0.0,3.4,3.4,0.0,0.0
2026-03-11T07:46+09:00,2026-03-11T07:47+09:00,0.3,4.1,4.7,0.5,0.8
2026-03-11T08:41+09:00,2026-03-11T08:42+09:00,1.7,4.1,5.6,1.5,3.2
2026-03-11T08:58+09:00,2026-03-11T08:58+09:00,1.7,4.1,5.6,1.5,3.2
2026-03-11T11:49+09:00,2026-03-11T11:49+09:00,10.1,4.2,7.2,3.0,13.1
2026-03-11T13:53+09:00,2026-03-11T13:53+09:00,19.1,4.2,7.5,3.4,22.5
2026-03-11T15:03+09:00,2026-03-11T15:03+09:00,23.1,4.2,7.8,3.6,26.7
2026-03-11T16:12+09:00,2026-03-11T16:12+09:00,26.1,4.2,7.9,3.8,29.9
2026-03-11T16:55+09:00,2026-03-11T16:56+09:00,26.8,4.2,8.1,3.9,30.7
2026-03-11T18:00+09:00,2026-03-11T18:00+09:00,26.9,4.5,9.0,4.5,31.4
2026-03-11T19:00+09:00,2026-03-11T19:00+09:00,26.9,5.1,9.6,4.5,31.4
2026-03-11T20:01+09:00,2026-03-11T20:01+09:00,26.9,7.3,11.8,4.5,31.4
2026-03-11T20:48+09:00,2026-03-11T20:48+09:00,26.9,8.7,13.3,4.5,31.4
2026-03-11T22:38+09:00,2026-03-11T22:38+09:00,26.9,12.8,17.3,4.5,31.4
2026-03-11T23:32+09:00,2026-03-11T23:32+09:00,26.9,15.4,19.9,4.5,31.4
2026-03-12T00:30+09:00,2026-03-12T00:30+09:00,0.0,0.3,0.3,0.0,0.0
2026-03-12T01:33+09:00,2026-03-12T01:33+09:00,0.0,0.6,0.6,0.0,0.0
2026-03-12T02:34+09:00,2026-03-12T02:34+09:00,0.0,0.8,0.8,0.0,0.0
2026-03-12T03:34+09:00,2026-03-12T03:34+09:00,0.0,1.8,1.8,0.0,0.0
2026-03-12T04:30+09:00,2026-03-12T04:30+09:00,0.0,2.1,2.1,0.0,0.0
2026-03-12T05:03+09:00,2026-03-12T05:03+09:00,0.0,2.3,2.3,0.0,0.0
2026-03-12T05:49+09:00,2026-03-12T05:49+09:00,0.0,3.3,3.3,0.0,0.0
2026-03-12T06:47+09:00,2026-03-12T06:48+09:00,0.0,4.8,4.9,0.1,0.1
2026-03-12T07:42+09:00,2026-03-12T07:42+09:00,0.0,5.8,6.6,0.8,0.8
2026-03-12T07:59+09:00,2026-03-12T07:59+09:00,0.0,5.8,6.6,0.8,0.8
2026-03-12T08:41+09:00,2026-03-12T08:41+09:00,1.1,5.9,7.7,1.7,2.8
2026-03-12T08:59+09:00,2026-03-12T08:59+09:00,1.1,5.9,7.7,1.7,2.8
2026-03-12T13:57+09:00,2026-03-12T13:57+09:00,22.1,5.9,10.0,4.1,26.2
2026-03-12T15:06+09:00,2026-03-12T15:06+09:00,26.3,5.9,10.2,4.2,30.5
2026-03-12T16:13+09:00,2026-03-12T16:13+09:00,29.8,5.9,10.4,4.5,34.3
2026-03-12T16:57+09:00,2026-03-12T16:57+09:00,30.7,5.9,10.5,4.6,35.3
2026-03-12T18:02+09:00,2026-03-12T18:02+09:00,30.7,6.5,11.6,5.1,35.8
2026-03-12T19:00+09:00,2026-03-12T19:01+09:00,30.7,8.1,13.2,5.1,35.8
2026-03-12T20:00+09:00,2026-03-12T20:00+09:00,30.7,9.2,14.3,5.1,35.8
2026-03-12T20:44+09:00,2026-03-12T20:44+09:00,30.7,10.3,15.4,5.1,35.8
2026-03-12T21:00+09:00,2026-03-12T21:00+09:00,30.7,10.3,15.4,5.1,35.8
2026-03-12T22:36+09:00,2026-03-12T22:36+09:00,30.7,13.3,18.4,5.1,35.8
2026-03-12T23:32+09:00,2026-03-12T23:32+09:00,30.7,15.6,20.7,5.1,35.8
2026-03-13T00:41+09:00,2026-03-13T00:41+09:00,,,,,
2026-03-13T01:51+09:00,2026-03-13T01:51+09:00,,,,,
2026-03-13T02:34+09:00,2026-03-13T02:34+09:00,0.0,1.9,1.9,0.0,0.0
2026-03-13T03:31+09:00,2026-03-13T03:32+09:00,0.0,2.6,2.6,0.0,0.0
2026-03-13T04:29+09:00,2026-03-13T04:30+09:00,0.0,3.2,3.2,0.0,0.0
2026-03-13T05:03+09:00,2026-03-13T05:04+09:00,0.0,3.3,3.3,0.0,0.0
2026-03-13T05:51+09:00,2026-03-13T05:51+09:00,,,,,
2026-03-13T06:48+09:00,2026-03-13T06:48+09:00,0.0,5.0,5.0,0.0,0.0
2026-03-13T07:45+09:00,2026-03-13T07:45+09:00,0.0,6.2,6.6,0.4,0.4
2026-03-13T08:03+09:00,2026-03-13T08:03+09:00,0.0,6.2,6.6,0.4,0.4
2026-03-13T08:43+09:00,2026-03-13T08:43+09:00,0.4,6.2,7.4,1.1,1.5
2026-03-13T08:59+09:00,2026-03-13T08:59+09:00,0.4,6.2,7.4,1.1,1.5
2026-03-13T12:08+09:00,2026-03-13T12:08+09:00,2.8,7.0,10.5,3.4,6.2
2026-03-13T13:55+09:00,2026-03-13T13:55+09:00,5.6,7.0,11.1,4.0,9.6
2026-03-13T15:04+09:00,2026-03-13T15:04+09:00,7.1,7.0,11.2,4.2,11.3
2026-03-13T16:12+09:00,2026-03-13T16:13+09:00,8.4,7.0,11.5,4.5,12.9
2026-03-13T16:56+09:00,2026-03-13T16:56+09:00,8.6,7.2,11.8,4.6,13.2
2026-03-13T17:58+09:00,2026-03-13T17:58+09:00,8.6,8.4,13.4,4.9,13.5
2026-03-13T18:56+09:00,2026-03-13T18:56+09:00,8.6,9.8,14.7,4.9,13.5
2026-03-13T19:57+09:00,2026-03-13T19:57+09:00,8.6,11.2,16.1,4.9,13.5
2026-03-13T20:45+09:00,2026-03-13T20:46+09:00,8.6,12.5,17.4,4.9,13.5
2026-03-13T22:34+09:00,2026-03-13T22:34+09:00,8.6,15.2,20.1,4.9,13.5
2026-03-13T23:27+09:00,2026-03-13T23:28+09:00,8.6,16.8,21.8,4.9,13.5
2026-03-14T00:28+09:00,2026-03-14T00:28+09:00,8.6,17.7,22.6,4.9,13.5
2026-03-14T01:21+09:00,2026-03-14T01:21+09:00,,,,,
2026-03-14T02:22+09:00,2026-03-14T02:22+09:00,0.0,2.3,2.3,0.0,0.0
2026-03-14T03:05+09:00,2026-03-14T03:05+09:00,0.0,3.0,3.0,0.0,0.0
2026-03-14T04:00+09:00,2026-03-14T04:01+09:00,0.0,3.2,3.2,0.0,0.0
2026-03-14T04:52+09:00,2026-03-14T04:52+09:00,0.0,3.3,3.3,0.0,0.0
2026-03-14T05:52+09:00,2026-03-14T05:52+09:00,0.0,3.5,3.5,0.0,0.0
2026-03-14T06:48+09:00,2026-03-14T06:48+09:00,0.0,3.7,3.8,0.1,0.1
2026-03-14T07:44+09:00,2026-03-14T07:45+09:00,0.7,3.7,4.1,0.3,1.0
2026-03-14T08:02+09:00,2026-03-14T08:02+09:00,0.7,3.7,4.1,0.3,1.0
2026-03-14T08:44+09:00,2026-03-14T08:44+09:00,2.6,3.7,4.2,0.5,3.1
2026-03-14T09:01+09:00,2026-03-14T09:02+09:00,2.6,3.7,4.2,0.5,3.1
2026-03-14T11:50+09:00,2026-03-14T11:50+09:00,11.9,3.8,7.5,3.7,15.6
2026-03-14T13:52+09:00,2026-03-14T13:52+09:00,17.0,3.8,9.4,5.6,22.6
2026-03-14T15:00+09:00,2026-03-14T15:00+09:00,19.2,3.8,10.5,6.7,25.9
2026-03-14T16:06+09:00,2026-03-14T16:06+09:00,21.0,3.8,11.1,7.3,28.3
2026-03-14T16:50+09:00,2026-03-14T16:50+09:00,21.3,4.1,12.1,8.1,29.4
2026-03-14T17:52+09:00,2026-03-14T17:52+09:00,21.3,4.9,13.4,8.6,29.9
2026-03-14T18:49+09:00,2026-03-14T18:49+09:00,21.3,5.7,14.4,8.7,30.0
2026-03-14T19:47+09:00,2026-03-14T19:47+09:00,21.3,6.1,14.8,8.7,30.0
2026-03-14T20:36+09:00,2026-03-14T20:36+09:00,21.3,6.4,15.0,8.7,30.0
2026-03-14T20:57+09:00,2026-03-14T20:57+09:00,21.3,6.6,15.3,8.7,30.0
2026-03-14T22:15+09:00,2026-03-14T22:15+09:00,21.3,7.7,16.4,8.7,30.0
2026-03-14T22:55+09:00,2026-03-14T22:55+09:00,21.3,8.2,16.9,8.7,30.0
2026-03-14T23:47+09:00,2026-03-14T23:47+09:00,21.3,9.6,18.3,8.7,30.0
2026-03-15T00:42+09:00,2026-03-15T00:42+09:00,0.0,1.0,1.0,0.0,0.0
2026-03-15T01:00+09:00,2026-03-15T01:00+09:00,0.0,1.0,1.0,0.0,0.0
2026-03-15T01:49+09:00,2026-03-15T01:49+09:00,0.0,1.4,1.4,0.0,0.0
2026-03-15T02:43+09:00,2026-03-15T02:43+09:00,0.0,1.6,1.6,0.0,0.0
2026-03-15T02:59+09:00,2026-03-15T03:00+09:00,0.0,1.6,1.6,0.0,0.0
2026-03-15T03:57+09:00,2026-03-15T03:57+09:00,0.0,1.8,1.8,0.0,0.0
2026-03-15T04:41+09:00,2026-03-15T04:41+09:00,0.0,2.0,2.0,0.0,0.0
2026-03-15T04:57+09:00,2026-03-15T04:57+09:00,0.0,2.0,2.0,0.0,0.0
2026-03-15T05:45+09:00,2026-03-15T05:45+09:00,0.0,2.2,2.2,0.0,0.0
2026-03-15T06:03+09:00,2026-03-15T06:03+09:00,0.0,2.2,2.2,0.0,0.0
2026-03-15T06:42+09:00,2026-03-15T06:42+09:00,0.0,2.4,2.4,0.0,0.0
2026-03-15T06:59+09:00,2026-03-15T06:59+09:00,0.0,2.4,2.4,0.0,0.0
2026-03-15T07:46+09:00,2026-03-15T07:46+09:00,0.2,2.6,2.9,0.3,0.5
2026-03-15T08:38+09:00,2026-03-15T08:42+09:00,0.6,2.6,3.0,0.4,1.0
2026-03-15T08:59+09:00,2026-03-15T08:59+09:00,0.7,3.1,4.0,0.9,1.6
2026-03-15T12:30+09:00,2026-03-15T12:31+09:00,4.7,3.4,9.5,6.1,10.8
2026-03-15T14:22+09:00,2026-03-15T14:22+09:00,8.3,3.5,12.6,9.1,17.4
2026-03-15T15:38+09:00,2026-03-15T15:38+09:00,10.9,3.5,13.4,10.0,20.9
2026-03-15T16:33+09:00,2026-03-15T16:33+09:00,11.9,3.5,14.1,10.6,22.5
2026-03-15T17:04+09:00,2026-03-15T17:04+09:00,11.9,3.9,14.9,11.0,22.9
2026-03-15T17:54+09:00,2026-03-15T17:54+09:00,11.9,4.6,16.3,11.6,23.5
2026-03-15T18:49+09:00,2026-03-15T18:49+09:00,11.9,5.6,17.3,11.6,23.5
2026-03-15T19:49+09:00,2026-03-15T19:49+09:00,11.9,6.3,17.9,11.6,23.5
2026-03-15T20:39+09:00,2026-03-15T20:39+09:00,11.9,6.4,18.0,11.6,23.5
2026-03-15T20:56+09:00,2026-03-15T20:56+09:00,11.9,6.6,18.2,11.6,23.5
2026-03-15T22:16+09:00,2026-03-15T22:16+09:00,11.9,8.5,20.1,11.6,23.5
2026-03-15T23:17+09:00,2026-03-15T23:17+09:00,11.9,10.5,22.1,11.6,23.5
2026-03-16T00:02+09:00,2026-03-16T00:02+09:00,11.9,11.2,22.8,11.6,23.5
2026-03-16T00:44+09:00,2026-03-16T00:44+09:00,0.0,0.8,0.8,0.0,0.0
2026-03-16T01:01+09:00,2026-03-16T01:01+09:00,0.0,0.8,0.8,0.0,0.0
2026-03-16T01:48+09:00,2026-03-16T01:48+09:00,0.0,1.1,1.1,0.0,0.0
2026-03-16T02:45+09:00,2026-03-16T02:45+09:00,0.0,1.4,1.4,0.0,0.0
2026-03-16T03:02+09:00,2026-03-16T03:02+09:00,0.0,1.4,1.4,0.0,0.0
2026-03-16T03:58+09:00,2026-03-16T03:58+09:00,0.0,1.5,1.5,0.0,0.0
2026-03-16T04:42+09:00,2026-03-16T04:43+09:00,0.0,1.8,1.8,0.0,0.0
2026-03-16T04:59+09:00,2026-03-16T04:59+09:00,0.0,1.8,1.8,0.0,0.0
2026-03-16T05:46+09:00,2026-03-16T05:46+09:00,0.0,2.6,2.6,0.0,0.0
2026-03-16T06:43+09:00,2026-03-16T06:43+09:00,0.0,4.1,4.2,0.1,0.1
2026-03-16T06:59+09:00,2026-03-16T06:59+09:00,0.0,4.1,4.2,0.1,0.1
2026-03-16T07:47+09:00,2026-03-16T07:47+09:00,0.0,4.7,5.2,0.5,0.5
2026-03-16T08:44+09:00,2026-03-16T08:44+09:00,1.7,4.8,6.0,1.2,2.9
2026-03-16T09:02+09:00,2026-03-16T09:02+09:00,1.7,4.8,6.0,1.2,2.9
2026-03-16T12:33+09:00,2026-03-16T12:33+09:00,15.2,4.8,7.9,3.1,18.3
2026-03-16T14:32+09:00,2026-03-16T14:32+09:00,25.4,4.8,8.2,3.4,28.8
2026-03-16T16:00+09:00,2026-03-16T16:00+09:00,30.0,4.8,8.4,3.6,33.6
2026-03-16T17:15+09:00,2026-03-16T17:15+09:00,32.2,4.8,9.2,4.3,36.5
2026-03-16T18:16+09:00,2026-03-16T18:16+09:00,32.2,5.8,10.4,4.6,36.8
2026-03-16T19:39+09:00,2026-03-16T19:39+09:00,32.2,7.1,11.7,4.6,36.8
2026-03-16T20:33+09:00,2026-03-16T20:33+09:00,32.2,8.3,12.9,4.6,36.8
2026-03-16T21:36+09:00,2026-03-16T21:36+09:00,32.2,10.0,14.6,4.6,36.8
2026-03-16T23:06+09:00,2026-03-16T23:06+09:00,32.2,12.9,17.5,4.6,36.8
2026-03-17T00:18+09:00,2026-03-17T00:18+09:00,32.2,14.6,19.2,4.6,36.8
2026-03-17T01:42+09:00,2026-03-17T01:42+09:00,0.0,0.8,0.8,0.0,0.0
2026-03-17T02:45+09:00,2026-03-17T02:45+09:00,0.0,1.0,1.0,0.0,0.0
2026-03-17T03:40+09:00,2026-03-17T03:40+09:00,0.0,1.1,1.1,0.0,0.0
2026-03-17T04:41+09:00,2026-03-17T04:42+09:00,0.0,1.6,1.6,0.0,0.0
2026-03-17T05:21+09:00,2026-03-17T05:21+09:00,0.0,2.0,2.0,0.0,0.0
2026-03-17T06:23+09:00,2026-03-17T06:23+09:00,0.0,3.2,3.2,0.0,0.0
2026-03-17T07:06+09:00,2026-03-17T07:06+09:00,0.0,3.7,3.7,0.0,0.0
2026-03-17T07:52+09:00,2026-03-17T07:52+09:00,0.2,4.3,5.0,0.7,0.9
2026-03-17T08:48+09:00,2026-03-17T08:48+09:00,1.5,4.3,5.7,1.4,2.9
2026-03-17T09:01+09:00,2026-03-17T09:01+09:00,1.5,4.3,5.7,1.4,2.9
2026-03-17T12:12+09:00,2026-03-17T12:12+09:00,15.0,4.3,7.6,3.4,18.4
2026-03-17T14:03+09:00,2026-03-17T14:03+09:00,22.7,4.3,7.9,3.6,26.3
2026-03-17T15:13+09:00,2026-03-17T15:13+09:00,27.9,4.3,8.3,4.0,31.9
2026-03-17T16:20+09:00,2026-03-17T16:20+09:00,30.0,4.3,8.4,4.2,34.2
2026-03-17T17:31+09:00,2026-03-17T17:31+09:00,30.8,4.3,9.2,4.9,35.7
2026-03-17T18:38+09:00,2026-03-17T18:38+09:00,30.8,5.1,10.2,5.1,35.9
2026-03-17T19:34+09:00,2026-03-17T19:34+09:00,30.8,6.2,11.3,5.1,35.9
2026-03-17T20:29+09:00,2026-03-17T20:30+09:00,30.8,7.0,12.1,5.1,35.9
2026-03-17T21:33+09:00,2026-03-17T21:33+09:00,30.8,7.6,12.7,5.1,35.9
2026-03-17T23:06+09:00,2026-03-17T23:06+09:00,30.8,9.7,14.7,5.1,35.9
2026-03-18T00:17+09:00,2026-03-18T00:17+09:00,30.8,10.9,16.0,5.1,35.9
2026-03-18T01:45+09:00,2026-03-18T01:45+09:00,0.0,1.9,1.9,0.0,0.0
2026-03-18T02:44+09:00,2026-03-18T02:44+09:00,0.0,2.1,2.1,0.0,0.0
2026-03-18T03:38+09:00,2026-03-18T03:38+09:00,0.0,2.2,2.2,0.0,0.0
2026-03-18T04:42+09:00,2026-03-18T04:42+09:00,0.0,2.7,2.7,0.0,0.0
2026-03-18T05:22+09:00,2026-03-18T05:22+09:00,0.0,3.1,3.1,0.0,0.0
2026-03-18T06:21+09:00,2026-03-18T06:21+09:00,0.0,3.7,3.7,0.0,0.0
2026-03-18T07:05+09:00,2026-03-18T07:06+09:00,0.0,4.2,4.2,0.0,0.0
2026-03-18T07:52+09:00,2026-03-18T07:52+09:00,0.2,4.6,5.3,0.7,0.9
2026-03-18T08:47+09:00,2026-03-18T08:47+09:00,1.9,4.6,6.0,1.4,3.3
2026-03-18T12:20+09:00,2026-03-18T12:20+09:00,7.9,4.6,8.8,4.2,12.1
2026-03-18T14:17+09:00,2026-03-18T14:17+09:00,8.2,5.3,9.9,4.6,12.8
2026-03-18T15:43+09:00,2026-03-18T15:43+09:00,8.2,6.4,11.7,5.3,13.5
2026-03-18T16:41+09:00,2026-03-18T16:41+09:00,8.2,7.2,12.6,5.4,13.6
2026-03-18T17:29+09:00,2026-03-18T17:30+09:00,8.2,7.6,13.1,5.5,13.7
2026-03-18T18:36+09:00,2026-03-18T18:36+09:00,8.2,9.5,15.0,5.5,13.7
2026-03-18T19:35+09:00,2026-03-18T19:35+09:00,8.2,10.8,16.3,5.5,13.7
2026-03-18T20:31+09:00,2026-03-18T20:32+09:00,8.2,12.3,17.8,5.5,13.7
2026-03-18T21:34+09:00,2026-03-18T21:34+09:00,8.2,13.7,19.2,5.5,13.7
2026-03-18T23:06+09:00,2026-03-18T23:06+09:00,8.2,16.0,21.5,5.5,13.7
2026-03-19T00:38+09:00,2026-03-19T00:38+09:00,0.0,0.3,0.3,0.0,0.0
2026-03-19T01:42+09:00,2026-03-19T01:42+09:00,0.0,1.6,1.6,0.0,0.0
2026-03-19T02:45+09:00,2026-03-19T02:46+09:00,0.0,1.9,1.9,0.0,0.0
2026-03-19T04:17+09:00,2026-03-19T04:17+09:00,0.0,2.2,2.2,0.0,0.0
2026-03-19T05:20+09:00,2026-03-19T05:20+09:00,0.0,2.8,2.8,0.0,0.0
2026-03-19T06:19+09:00,2026-03-19T06:19+09:00,0.0,3.5,3.5,0.0,0.0
2026-03-19T07:03+09:00,2026-03-19T07:03+09:00,0.0,3.9,3.9,0.0,0.0
2026-03-19T07:49+09:00,2026-03-19T07:49+09:00,0.0,5.0,5.0,0.0,0.0
2026-03-19T08:42+09:00,2026-03-19T08:42+09:00,0.1,5.2,5.5,0.4,0.5
2026-03-19T09:00+09:00,2026-03-19T09:00+09:00,,,,,
2026-03-19T12:20+09:00,2026-03-19T12:20+09:00,3.6,5.4,7.1,1.7,5.3
2026-03-19T14:13+09:00,2026-03-19T14:14+09:00,6.5,5.4,7.5,2.0,8.5
2026-03-19T15:12+09:00,2026-03-19T15:13+09:00,6.9,5.4,7.6,2.1,9.0
2026-03-19T16:15+09:00,2026-03-19T16:15+09:00,8.4,5.4,7.7,2.3,10.7
2026-03-19T16:57+09:00,2026-03-19T16:58+09:00,9.1,5.4,7.8,2.4,11.5
2026-03-19T18:02+09:00,2026-03-19T18:02+09:00,9.7,5.4,7.9,2.5,12.2
2026-03-19T19:01+09:00,2026-03-19T19:01+09:00,9.7,6.1,8.6,2.5,12.2
2026-03-19T20:02+09:00,2026-03-19T20:02+09:00,9.7,7.3,9.8,2.5,12.2
2026-03-19T20:50+09:00,2026-03-19T20:50+09:00,9.7,7.9,10.4,2.5,12.2
2026-03-19T22:42+09:00,2026-03-19T22:42+09:00,9.7,9.5,12.1,2.5,12.2
2026-03-19T23:35+09:00,2026-03-19T23:36+09:00,9.7,10.2,12.8,2.5,12.2
2026-03-20T00:37+09:00,2026-03-20T00:37+09:00,0.0,0.7,0.7,0.0,0.0
2026-03-20T01:40+09:00,2026-03-20T01:41+09:00,0.0,1.9,1.9,0.0,0.0
2026-03-20T02:42+09:00,2026-03-20T02:42+09:00,0.0,2.1,2.1,0.0,0.0
2026-03-20T03:35+09:00,2026-03-20T03:35+09:00,0.0,2.2,2.2,0.0,0.0
2026-03-20T04:40+09:00,2026-03-20T04:40+09:00,0.0,2.6,2.6,0.0,0.0
2026-03-20T05:19+09:00,2026-03-20T05:20+09:00,0.0,3.0,3.0,0.0,0.0
2026-03-20T06:19+09:00,2026-03-20T06:19+09:00,0.0,3.5,3.5,0.0,0.0
2026-03-20T07:00+09:00,2026-03-20T07:01+09:00,0.0,3.6,3.7,0.1,0.1
2026-03-20T07:48+09:00,2026-03-20T07:48+09:00,0.2,4.1,4.8,0.7,0.9
2026-03-20T08:44+09:00,2026-03-20T08:44+09:00,1.2,4.1,5.8,1.6,2.8
2026-03-20T09:01+09:00,2026-03-20T09:01+09:00,1.2,4.1,5.8,1.6,2.8
2026-03-20T12:10+09:00,2026-03-20T12:10+09:00,8.2,4.2,8.3,4.2,12.4
2026-03-20T13:57+09:00,2026-03-20T13:57+09:00,16.4,4.2,9.5,5.3,21.7
2026-03-20T15:07+09:00,2026-03-20T15:07+09:00,19.5,4.2,10.2,6.1,25.6
2026-03-20T16:13+09:00,2026-03-20T16:14+09:00,22.4,4.2,11.1,7.0,29.4
2026-03-20T16:56+09:00,2026-03-20T16:56+09:00,22.9,4.2,11.2,7.0,29.9
2026-03-20T17:59+09:00,2026-03-20T18:00+09:00,23.6,4.2,11.4,7.2,30.8
2026-03-20T18:58+09:00,2026-03-20T18:58+09:00,23.6,5.1,12.3,7.2,30.8
2026-03-20T19:57+09:00,2026-03-20T19:57+09:00,23.6,6.7,13.9,7.2,30.8
2026-03-20T20:45+09:00,2026-03-20T20:46+09:00,23.6,7.8,15.0,7.2,30.8
2026-03-20T22:34+09:00,2026-03-20T22:34+09:00,23.6,9.1,16.3,7.2,30.8
2026-03-20T23:28+09:00,2026-03-20T23:28+09:00,23.6,10.7,17.9,7.2,30.8
2026-03-21T00:28+09:00,2026-03-21T00:28+09:00,23.6,11.6,18.8,7.2,30.8
2026-03-21T01:24+09:00,2026-03-21T01:25+09:00,0.0,1.8,1.8,0.0,0.0
2026-03-21T02:24+09:00,2026-03-21T02:24+09:00,0.0,2.4,2.4,0.0,0.0
2026-03-21T03:06+09:00,2026-03-21T03:06+09:00,0.0,2.6,2.6,0.0,0.0
2026-03-21T04:06+09:00,2026-03-21T04:07+09:00,0.0,2.8,2.8,0.0,0.0
2026-03-21T04:49+09:00,2026-03-21T04:49+09:00,0.0,3.0,3.0,0.0,0.0
2026-03-21T05:50+09:00,2026-03-21T05:50+09:00,0.0,3.3,3.3,0.0,0.0
2026-03-21T06:44+09:00,2026-03-21T06:45+09:00,0.0,3.5,3.6,0.1,0.1
2026-03-21T07:01+09:00,2026-03-21T07:01+09:00,0.0,3.5,3.6,0.1,0.1
2026-03-21T07:48+09:00,2026-03-21T07:48+09:00,0.7,3.5,3.9,0.4,1.1
2026-03-21T08:44+09:00,2026-03-21T08:44+09:00,3.0,3.5,4.0,0.5,3.5
2026-03-21T09:01+09:00,2026-03-21T09:01+09:00,3.0,3.5,4.0,0.5,3.5
2026-03-21T11:47+09:00,2026-03-21T11:47+09:00,,,,,
2026-03-21T13:47+09:00,2026-03-21T13:47+09:00,21.7,3.5,9.3,5.8,27.5
2026-03-21T14:54+09:00,2026-03-21T14:55+09:00,25.2,3.5,10.2,6.7,31.9
2026-03-21T16:03+09:00,2026-03-21T16:04+09:00,26.4,3.5,11.8,8.3,34.7
2026-03-21T16:47+09:00,2026-03-21T16:47+09:00,,,,,
2026-03-21T17:50+09:00,2026-03-21T17:50+09:00,27.5,4.0,14.1,10.1,37.6
2026-03-21T18:46+09:00,2026-03-21T18:46+09:00,27.5,5.6,15.8,10.2,37.7
2026-03-21T19:45+09:00,2026-03-21T19:46+09:00,27.5,7.3,17.5,10.2,37.7
2026-03-21T20:35+09:00,2026-03-21T20:35+09:00,27.5,7.6,17.9,10.2,37.7
2026-03-21T20:55+09:00,2026-03-21T20:55+09:00,27.5,8.1,18.4,10.2,37.7
2026-03-21T22:12+09:00,2026-03-21T22:12+09:00,27.5,10.7,20.9,10.2,37.7
2026-03-21T22:52+09:00,2026-03-21T22:52+09:00,27.5,12.0,22.2,10.2,37.7
2026-03-21T23:44+09:00,2026-03-21T23:44+09:00,27.5,13.9,24.2,10.2,37.7
2026-03-22T00:01+09:00,2026-03-22T00:01+09:00,27.5,13.9,24.2,10.2,37.7
2026-03-22T00:40+09:00,2026-03-22T00:40+09:00,0.0,0.7,0.7,0.0,0.0
2026-03-22T00:57+09:00,2026-03-22T00:57+09:00,0.0,0.7,0.7,0.0,0.0
2026-03-22T01:47+09:00,2026-03-22T01:47+09:00,0.0,1.1,1.1,0.0,0.0
2026-03-22T02:40+09:00,2026-03-22T02:40+09:00,0.0,1.3,1.3,0.0,0.0
2026-03-22T02:57+09:00,2026-03-22T02:58+09:00,0.0,1.3,1.3,0.0,0.0
2026-03-22T03:54+09:00,2026-03-22T03:54+09:00,0.0,1.5,1.5,0.0,0.0
2026-03-22T04:36+09:00,2026-03-22T04:36+09:00,0.0,1.6,1.6,0.0,0.0
2026-03-22T04:55+09:00,2026-03-22T04:55+09:00,0.0,1.8,1.8,0.0,0.0
2026-03-22T05:43+09:00,2026-03-22T05:43+09:00,0.0,2.6,2.6,0.0,0.0
2026-03-22T06:01+09:00,2026-03-22T06:01+09:00,0.0,2.6,2.6,0.0,0.0
2026-03-22T06:39+09:00,2026-03-22T06:39+09:00,0.0,2.7,2.7,0.0,0.0
2026-03-22T06:56+09:00,2026-03-22T06:56+09:00,0.0,2.8,2.9,0.1,0.1
2026-03-22T07:43+09:00,2026-03-22T07:43+09:00,0.2,3.0,4.0,1.0,1.2
2026-03-22T08:00+09:00,2026-03-22T08:00+09:00,0.2,3.0,4.0,1.0,1.2
2026-03-22T08:39+09:00,2026-03-22T08:39+09:00,0.7,3.0,4.5,1.4,2.1
2026-03-22T08:57+09:00,2026-03-22T08:57+09:00,1.4,3.0,4.8,1.7,3.1
2026-03-22T12:21+09:00,2026-03-22T12:21+09:00,10.2,3.0,7.7,4.6,14.8
2026-03-22T14:11+09:00,2026-03-22T14:11+09:00,11.9,3.1,9.3,6.3,18.2
2026-03-22T15:04+09:00,2026-03-22T15:07+09:00,12.3,3.1,9.5,6.5,18.8
2026-03-22T16:09+09:00,2026-03-22T16:09+09:00,12.6,3.3,10.3,7.0,19.6
2026-03-22T16:50+09:00,2026-03-22T16:50+09:00,12.6,3.9,11.2,7.3,19.9
2026-03-22T17:51+09:00,2026-03-22T17:52+09:00,12.6,4.8,12.2,7.4,20.0
2026-03-22T18:47+09:00,2026-03-22T18:47+09:00,12.6,6.7,14.1,7.4,20.0
2026-03-22T19:47+09:00,2026-03-22T19:47+09:00,12.6,8.3,15.7,7.4,20.0
2026-03-22T20:35+09:00,2026-03-22T20:36+09:00,12.6,9.2,16.6,7.4,20.0
2026-03-22T20:56+09:00,2026-03-22T20:56+09:00,12.6,10.0,17.4,7.4,20.0
2026-03-22T22:14+09:00,2026-03-22T22:14+09:00,12.6,12.8,20.2,7.4,20.0
2026-03-22T22:54+09:00,2026-03-22T22:54+09:00,12.6,13.8,21.2,7.4,20.0
2026-03-22T23:46+09:00,2026-03-22T23:46+09:00,12.6,15.0,22.4,7.4,20.0
2026-03-23T00:41+09:00,2026-03-23T00:41+09:00,0.0,0.6,0.6,0.0,0.0
2026-03-23T00:58+09:00,2026-03-23T00:59+09:00,0.0,0.6,0.6,0.0,0.0
2026-03-23T01:47+09:00,2026-03-23T01:47+09:00,0.0,0.8,0.8,0.0,0.0
2026-03-23T02:41+09:00,2026-03-23T02:42+09:00,0.0,1.0,1.0,0.0,0.0
2026-03-23T02:59+09:00,2026-03-23T02:59+09:00,0.0,1.0,1.0,0.0,0.0
2026-03-23T03:55+09:00,2026-03-23T03:55+09:00,0.0,1.2,1.2,0.0,0.0
2026-03-23T04:38+09:00,2026-03-23T04:38+09:00,0.0,1.3,1.3,0.0,0.0
2026-03-23T04:55+09:00,2026-03-23T04:55+09:00,0.0,1.4,1.4,0.0,0.0
2026-03-23T05:45+09:00,2026-03-23T05:45+09:00,0.0,2.1,2.1,0.0,0.0
2026-03-23T06:02+09:00,2026-03-23T06:02+09:00,0.0,2.1,2.1,0.0,0.0
2026-03-23T06:41+09:00,2026-03-23T06:41+09:00,0.0,3.2,3.2,0.0,0.0
2026-03-23T06:58+09:00,2026-03-23T06:58+09:00,0.0,3.2,3.2,0.0,0.0
2026-03-23T07:45+09:00,2026-03-23T07:45+09:00,0.0,3.9,4.2,0.3,0.3
2026-03-23T08:02+09:00,2026-03-23T08:02+09:00,0.0,3.9,4.2,0.3,0.3
2026-03-23T08:44+09:00,2026-03-23T08:44+09:00,0.2,4.1,5.0,0.9,1.1
2026-03-23T09:02+09:00,2026-03-23T09:02+09:00,0.2,4.1,5.0,0.9,1.1
2026-03-23T12:24+09:00,2026-03-23T12:24+09:00,8.0,4.1,7.7,3.6,11.6
2026-03-23T14:23+09:00,2026-03-23T14:24+09:00,13.4,4.1,8.1,4.0,17.4
2026-03-23T15:50+09:00,2026-03-23T15:51+09:00,17.3,4.1,8.3,4.2,21.5
2026-03-23T17:09+09:00,2026-03-23T17:09+09:00,19.2,4.1,8.5,4.4,23.6
2026-03-23T18:13+09:00,2026-03-23T18:13+09:00,19.4,4.7,9.9,5.2,24.6
2026-03-23T19:15+09:00,2026-03-23T19:15+09:00,19.4,6.1,11.3,5.2,24.6
2026-03-23T20:10+09:00,2026-03-23T20:10+09:00,19.4,6.6,11.8,5.2,24.6
2026-03-23T20:55+09:00,2026-03-23T20:55+09:00,19.4,6.9,12.1,5.2,24.6
2026-03-23T22:49+09:00,2026-03-23T22:49+09:00,19.4,10.3,15.5,5.2,24.6
2026-03-24T00:14+09:00,2026-03-24T00:15+09:00,19.4,12.6,17.8,5.2,24.6
2026-03-24T01:13+09:00,2026-03-24T01:13+09:00,0.0,0.7,0.7,0.0,0.0
2026-03-24T02:10+09:00,2026-03-24T02:10+09:00,0.0,1.1,1.1,0.0,0.0
2026-03-24T03:04+09:00,2026-03-24T03:04+09:00,0.0,1.3,1.3,0.0,0.0
2026-03-24T04:13+09:00,2026-03-24T04:13+09:00,0.0,1.6,1.6,0.0,0.0
2026-03-24T04:56+09:00,2026-03-24T04:56+09:00,0.0,1.7,1.7,0.0,0.0
2026-03-24T05:55+09:00,2026-03-24T05:55+09:00,0.0,2.5,2.5,0.0,0.0
2026-03-24T06:55+09:00,2026-03-24T06:55+09:00,0.0,3.3,3.4,0.1,0.1
2026-03-24T07:52+09:00,2026-03-24T07:52+09:00,0.3,3.8,4.8,0.9,1.2
2026-03-24T08:47+09:00,2026-03-24T08:47+09:00,1.9,3.8,5.7,1.9,3.8
2026-03-24T12:13+09:00,2026-03-24T12:13+09:00,15.1,3.8,7.9,4.1,19.2
2026-03-24T14:04+09:00,2026-03-24T14:04+09:00,22.7,3.8,8.2,4.4,27.1
2026-03-24T15:13+09:00,2026-03-24T15:14+09:00,28.4,3.8,8.5,4.7,33.1
2026-03-24T16:31+09:00,2026-03-24T16:31+09:00,30.8,3.8,8.7,4.8,35.6
2026-03-24T17:30+09:00,2026-03-24T17:30+09:00,31.4,3.8,9.2,5.3,36.7
2026-03-24T18:38+09:00,2026-03-24T18:38+09:00,31.4,4.8,10.5,5.6,37.0
2026-03-24T19:35+09:00,2026-03-24T19:35+09:00,31.4,5.6,11.3,5.6,37.0
2026-03-24T20:31+09:00,2026-03-24T20:31+09:00,31.4,6.5,12.1,5.6,37.0
2026-03-24T21:34+09:00,2026-03-24T21:34+09:00,31.4,7.7,13.3,5.6,37.0
2026-03-24T23:04+09:00,2026-03-24T23:04+09:00,31.4,10.1,15.7,5.6,37.0
2026-03-25T00:19+09:00,2026-03-25T00:19+09:00,31.4,11.6,17.3,5.6,37.0
2026-03-25T01:42+09:00,2026-03-25T01:42+09:00,0.0,0.6,0.6,0.0,0.0
2026-03-25T02:40+09:00,2026-03-25T02:40+09:00,0.0,0.6,0.6,0.0,0.0
2026-03-25T03:39+09:00,2026-03-25T03:39+09:00,0.0,0.8,0.8,0.0,0.0
2026-03-25T04:40+09:00,2026-03-25T04:40+09:00,0.0,1.2,1.2,0.0,0.0
2026-03-25T05:24+09:00,2026-03-25T05:24+09:00,0.0,1.6,1.6,0.0,0.0
2026-03-25T06:22+09:00,2026-03-25T06:23+09:00,0.0,2.1,2.1,0.0,0.0
2026-03-25T07:05+09:00,2026-03-25T07:05+09:00,0.0,2.3,2.3,0.0,0.0
2026-03-25T07:50+09:00,2026-03-25T07:50+09:00,0.0,3.2,3.6,0.4,0.4
2026-03-25T08:46+09:00,2026-03-25T08:46+09:00,0.1,3.3,4.5,1.2,1.3
2026-03-25T12:18+09:00,2026-03-25T12:19+09:00,0.4,4.4,7.7,3.3,3.7
2026-03-25T14:14+09:00,2026-03-25T14:14+09:00,1.6,4.4,8.5,4.1,5.7
2026-03-25T15:16+09:00,2026-03-25T15:16+09:00,1.9,4.4,8.7,4.3,6.2
2026-03-25T16:40+09:00,2026-03-25T16:40+09:00,2.2,4.4,9.1,4.7,6.9
2026-03-25T17:30+09:00,2026-03-25T17:30+09:00,2.2,4.9,9.8,5.0,7.2
2026-03-25T18:36+09:00,2026-03-25T18:36+09:00,2.2,6.0,11.0,5.0,7.2
2026-03-25T19:32+09:00,2026-03-25T19:32+09:00,2.2,6.4,11.4,5.0,7.2
2026-03-25T20:27+09:00,2026-03-25T20:28+09:00,2.2,6.7,11.6,5.0,7.2
2026-03-25T21:32+09:00,2026-03-25T21:32+09:00,2.2,6.8,11.8,5.0,7.2
2026-03-25T23:04+09:00,2026-03-25T23:04+09:00,2.2,7.1,12.0,5.0,7.2
2026-03-26T00:21+09:00,2026-03-26T00:21+09:00,2.2,7.5,12.4,5.0,7.2
2026-03-26T01:46+09:00,2026-03-26T01:46+09:00,0.0,2.2,2.2,0.0,0.0
2026-03-26T03:09+09:00,2026-03-26T03:09+09:00,0.0,2.4,2.4,0.0,0.0
2026-03-26T04:12+09:00,2026-03-26T04:12+09:00,0.0,2.6,2.6,0.0,0.0
2026-03-26T04:54+09:00,2026-03-26T04:55+09:00,0.0,2.7,2.7,0.0,0.0
2026-03-26T05:56+09:00,2026-03-26T05:56+09:00,0.0,3.0,3.0,0.0,0.0
2026-03-26T06:53+09:00,2026-03-26T06:54+09:00,0.0,3.4,3.4,0.0,0.0
2026-03-26T07:56+09:00,2026-03-26T07:56+09:00,0.0,3.6,3.9,0.3,0.3
2026-03-26T08:51+09:00,2026-03-26T08:51+09:00,0.1,3.8,5.0,1.2,1.3
2026-03-26T12:27+09:00,2026-03-26T12:27+09:00,8.2,3.8,6.5,2.7,10.9
2026-03-26T14:25+09:00,2026-03-26T14:25+09:00,14.5,3.8,7.4,3.6,18.1
2026-03-26T15:49+09:00,2026-03-26T15:49+09:00,17.8,3.8,8.0,4.2,22.0
2026-03-26T17:09+09:00,2026-03-26T17:09+09:00,19.7,3.8,8.4,4.5,24.2
2026-03-26T18:13+09:00,2026-03-26T18:14+09:00,19.7,4.9,10.3,5.4,25.1
2026-03-26T19:13+09:00,2026-03-26T19:13+09:00,19.7,6.1,11.5,5.4,25.1
2026-03-26T20:21+09:00,2026-03-26T20:21+09:00,19.7,7.2,12.6,5.4,25.1
2026-03-26T21:01+09:00,2026-03-26T21:01+09:00,19.7,7.8,13.2,5.4,25.1
2026-03-26T22:58+09:00,2026-03-26T22:58+09:00,19.7,12.0,17.4,5.4,25.1
2026-03-27T00:41+09:00,2026-03-27T00:41+09:00,0.0,0.5,0.5,0.0,0.0
2026-03-27T01:45+09:00,2026-03-27T01:45+09:00,0.0,0.7,0.7,0.0,0.0
2026-03-27T02:45+09:00,2026-03-27T02:46+09:00,0.0,1.0,1.0,0.0,0.0
2026-03-27T04:32+09:00,2026-03-27T04:32+09:00,0.0,1.4,1.4,0.0,0.0
2026-03-27T05:05+09:00,2026-03-27T05:06+09:00,0.0,1.5,1.5,0.0,0.0
2026-03-27T05:51+09:00,2026-03-27T05:51+09:00,0.0,1.7,1.7,0.0,0.0
2026-03-27T06:46+09:00,2026-03-27T06:46+09:00,0.0,2.0,2.1,0.1,0.1
2026-03-27T07:50+09:00,2026-03-27T07:50+09:00,0.3,2.4,3.3,1.0,1.3
2026-03-27T08:47+09:00,2026-03-27T08:47+09:00,1.6,2.4,4.6,2.3,3.9
2026-03-27T12:29+09:00,2026-03-27T12:30+09:00,15.7,2.4,6.7,4.4,20.1
2026-03-27T14:27+09:00,2026-03-27T14:27+09:00,,,,,
2026-03-27T15:53+09:00,2026-03-27T15:53+09:00,30.3,2.4,7.5,5.2,35.5
2026-03-27T17:06+09:00,2026-03-27T17:06+09:00,,,,,
2026-03-27T18:08+09:00,2026-03-27T18:08+09:00,32.3,2.5,8.6,6.1,38.4
2026-03-27T19:06+09:00,2026-03-27T19:06+09:00,32.3,2.6,8.8,6.2,38.5
2026-03-27T20:07+09:00,2026-03-27T20:07+09:00,32.3,2.9,9.1,6.2,38.5
2026-03-27T20:56+09:00,2026-03-27T20:56+09:00,32.3,3.2,9.4,6.2,38.5
2026-03-27T22:42+09:00,2026-03-27T22:43+09:00,32.3,4.7,10.9,6.2,38.5
2026-03-27T23:37+09:00,2026-03-27T23:37+09:00,32.3,5.7,11.9,6.2,38.5
2026-03-28T00:33+09:00,2026-03-28T00:33+09:00,0.0,0.8,0.8,0.0,0.0
2026-03-28T01:35+09:00,2026-03-28T01:35+09:00,0.0,1.2,1.2,0.0,0.0
2026-03-28T02:35+09:00,2026-03-28T02:35+09:00,0.0,1.3,1.3,0.0,0.0
2026-03-28T03:35+09:00,2026-03-28T03:35+09:00,0.0,1.5,1.5,0.0,0.0
2026-03-28T04:28+09:00,2026-03-28T04:28+09:00,0.0,1.7,1.7,0.0,0.0
2026-03-28T05:04+09:00,2026-03-28T05:04+09:00,0.0,1.8,1.8,0.0,0.0
2026-03-28T05:55+09:00,2026-03-28T05:55+09:00,0.0,2.0,2.0,0.0,0.0
2026-03-28T06:51+09:00,2026-03-28T06:51+09:00,0.0,2.1,2.2,0.1,0.1
2026-03-28T07:52+09:00,2026-03-28T07:52+09:00,0.4,2.2,3.1,0.8,1.2
2026-03-28T08:46+09:00,2026-03-28T08:46+09:00,1.8,2.2,4.1,1.8,3.6
2026-03-28T12:16+09:00,2026-03-28T12:16+09:00,15.9,2.2,5.4,3.2,19.1
2026-03-28T14:13+09:00,2026-03-28T14:13+09:00,24.2,2.2,6.4,4.2,28.4
2026-03-28T15:12+09:00,2026-03-28T15:12+09:00,27.2,2.2,6.9,4.7,31.9
2026-03-28T16:15+09:00,2026-03-28T16:15+09:00,28.8,2.2,7.4,5.2,34.0
2026-03-28T16:54+09:00,2026-03-28T16:55+09:00,29.2,2.2,7.8,5.6,34.8
2026-03-28T17:58+09:00,2026-03-28T17:58+09:00,29.2,2.7,9.0,6.3,35.5
2026-03-28T18:52+09:00,2026-03-28T18:53+09:00,29.2,3.1,9.4,6.4,35.6
2026-03-28T19:51+09:00,2026-03-28T19:51+09:00,29.2,3.4,9.8,6.4,35.6
2026-03-28T20:41+09:00,2026-03-28T20:41+09:00,29.2,3.9,10.2,6.4,35.6
2026-03-28T20:58+09:00,2026-03-28T20:58+09:00,29.2,3.9,10.2,6.4,35.6
2026-03-28T22:19+09:00,2026-03-28T22:19+09:00,29.2,4.2,10.5,6.4,35.6
2026-03-28T23:19+09:00,2026-03-28T23:19+09:00,29.2,4.4,10.8,6.4,35.6
2026-03-29T00:03+09:00,2026-03-29T00:03+09:00,29.2,4.5,10.9,6.4,35.6
2026-03-29T00:46+09:00,2026-03-29T00:47+09:00,0.0,0.3,0.3,0.0,0.0
2026-03-29T01:51+09:00,2026-03-29T01:51+09:00,0.0,0.4,0.4,0.0,0.0
2026-03-29T02:46+09:00,2026-03-29T02:46+09:00,0.0,0.6,0.6,0.0,0.0
2026-03-29T04:00+09:00,2026-03-29T04:00+09:00,0.0,0.8,0.8,0.0,0.0
2026-03-29T04:45+09:00,2026-03-29T04:45+09:00,0.0,0.9,0.9,0.0,0.0
2026-03-29T05:02+09:00,2026-03-29T05:02+09:00,0.0,0.9,0.9,0.0,0.0
2026-03-29T05:49+09:00,2026-03-29T05:49+09:00,0.0,1.1,1.1,0.0,0.0
2026-03-29T06:45+09:00,2026-03-29T06:45+09:00,0.0,1.2,1.3,0.1,0.1
2026-03-29T07:01+09:00,2026-03-29T07:01+09:00,0.0,1.2,1.3,0.1,0.1
2026-03-29T07:48+09:00,2026-03-29T07:48+09:00,0.6,1.2,1.7,0.5,1.1
2026-03-29T08:45+09:00,2026-03-29T08:46+09:00,2.3,1.2,2.3,1.1,3.4
2026-03-29T12:35+09:00,2026-03-29T12:35+09:00,16.7,1.2,3.1,1.9,18.6
2026-03-29T14:29+09:00,2026-03-29T14:29+09:00,24.2,1.2,3.6,2.4,26.6
2026-03-29T15:46+09:00,2026-03-29T15:46+09:00,27.9,1.2,4.1,2.9,30.8
2026-03-29T16:58+09:00,2026-03-29T16:58+09:00,28.5,1.4,5.1,3.8,32.3
2026-03-29T17:58+09:00,2026-03-29T17:59+09:00,28.6,1.7,6.2,4.5,33.1
2026-03-29T18:53+09:00,2026-03-29T18:53+09:00,28.6,2.5,7.1,4.6,33.2
2026-03-29T19:54+09:00,2026-03-29T19:54+09:00,28.6,2.8,7.4,4.6,33.2
2026-03-29T20:43+09:00,2026-03-29T20:43+09:00,28.6,3.1,7.7,4.6,33.2
2026-03-29T21:00+09:00,2026-03-29T21:01+09:00,28.6,3.1,7.7,4.6,33.2
2026-03-29T22:20+09:00,2026-03-29T22:20+09:00,28.6,3.5,8.1,4.6,33.2
2026-03-29T23:20+09:00,2026-03-29T23:20+09:00,28.6,4.2,8.8,4.6,33.2
2026-03-30T00:04+09:00,2026-03-30T00:05+09:00,28.6,4.5,9.1,4.6,33.2
2026-03-30T00:47+09:00,2026-03-30T00:47+09:00,0.0,0.3,0.3,0.0,0.0
2026-03-30T01:52+09:00,2026-03-30T01:52+09:00,0.0,0.5,0.5,0.0,0.0
2026-03-30T02:48+09:00,2026-03-30T02:48+09:00,0.0,0.8,0.8,0.0,0.0
2026-03-30T04:02+09:00,2026-03-30T04:02+09:00,0.0,1.0,1.0,0.0,0.0
2026-03-30T04:47+09:00,2026-03-30T04:47+09:00,0.0,1.1,1.1,0.0,0.0
2026-03-30T05:50+09:00,2026-03-30T05:50+09:00,0.0,1.3,1.3,0.0,0.0
2026-03-30T06:46+09:00,2026-03-30T06:47+09:00,0.0,1.5,1.6,0.1,0.1
2026-03-30T07:51+09:00,2026-03-30T07:51+09:00,0.6,1.5,1.7,0.2,0.8
2026-03-30T08:48+09:00,2026-03-30T08:48+09:00,2.6,1.5,1.9,0.4,3.0
2026-03-30T12:42+09:00,2026-03-30T12:42+09:00,18.0,1.5,3.4,1.9,19.9
2026-03-30T14:51+09:00,2026-03-30T14:51+09:00,24.1,1.5,3.7,2.2,26.3
2026-03-30T17:01+09:00,2026-03-30T17:01+09:00,27.9,1.5,3.9,2.4,30.3
2026-03-30T18:47+09:00,2026-03-30T18:48+09:00,28.2,2.1,4.6,2.6,30.8
2026-03-30T20:18+09:00,2026-03-30T20:18+09:00,28.2,3.1,5.7,2.6,30.8
2026-03-30T21:40+09:00,2026-03-30T21:40+09:00,28.2,4.8,7.4,2.6,30.8
2026-03-30T23:11+09:00,2026-03-30T23:12+09:00,28.2,6.4,9.0,2.6,30.8
2026-03-31T00:55+09:00,2026-03-31T00:55+09:00,0.0,0.8,0.8,0.0,0.0
2026-03-31T01:40+09:00,2026-03-31T01:40+09:00,0.0,0.9,0.9,0.0,0.0
2026-03-31T02:36+09:00,2026-03-31T02:36+09:00,0.0,1.1,1.1,0.0,0.0
2026-03-31T03:39+09:00,2026-03-31T03:39+09:00,0.0,1.3,1.3,0.0,0.0
2026-03-31T04:41+09:00,2026-03-31T04:41+09:00,0.0,1.5,1.5,0.0,0.0
2026-03-31T05:26+09:00,2026-03-31T05:27+09:00,0.0,1.6,1.6,0.0,0.0
2026-03-31T06:27+09:00,2026-03-31T06:27+09:00,0.0,1.7,1.7,0.0,0.0
2026-03-31T07:19+09:00,2026-03-31T07:19+09:00,0.0,1.9,1.9,0.0,0.0
2026-03-31T08:20+09:00,2026-03-31T08:20+09:00,0.0,2.6,2.8,0.2,0.2
2026-03-31T09:04+09:00,2026-03-31T09:05+09:00,0.0,2.9,3.3,0.4,0.4
2026-03-31T12:29+09:00,2026-03-31T12:29+09:00,1.6,3.2,5.1,1.9,3.5
2026-03-31T14:29+09:00,2026-03-31T14:29+09:00,2.8,3.2,5.4,2.2,5.0
2026-03-31T15:55+09:00,2026-03-31T15:55+09:00,3.2,3.3,5.8,2.5,5.7
2026-03-31T17:16+09:00,2026-03-31T17:16+09:00,3.6,3.3,6.1,2.8,6.4
2026-03-31T18:45+09:00,2026-03-31T18:45+09:00,3.8,4.7,7.7,3.0,6.8
2026-03-31T19:40+09:00,2026-03-31T19:40+09:00,3.8,5.5,8.5,3.0,6.8
2026-03-31T20:35+09:00,2026-03-31T20:35+09:00,3.8,6.0,9.0,3.0,6.8
2026-03-31T21:40+09:00,2026-03-31T21:40+09:00,3.8,7.3,10.3,3.0,6.8
2026-03-31T23:14+09:00,2026-03-31T23:14+09:00,3.8,9.1,12.1,3.0,6.8
2026-04-01T00:38+09:00,2026-04-01T00:38+09:00,0.0,0.3,,,
2026-04-01T01:40+09:00,2026-04-01T01:40+09:00,0.0,1.2,1.2,0.0,0.0
2026-04-01T02:40+09:00,2026-04-01T02:40+09:00,0.0,1.3,1.3,0.0,0.0
2026-04-01T03:38+09:00,2026-04-01T03:38+09:00,0.0,1.4,1.4,0.0,0.0
2026-04-01T04:41+09:00,2026-04-01T04:41+09:00,0.0,1.6,1.6,0.0,0.0
2026-04-01T05:34+09:00,2026-04-01T05:34+09:00,0.0,1.7,1.7,0.0,0.0
2026-04-01T06:21+09:00,2026-04-01T06:22+09:00,0.0,2.0,2.0,0.0,0.0
2026-04-01T07:19+09:00,2026-04-01T07:19+09:00,0.0,3.3,3.4,0.1,0.1
2026-04-01T08:05+09:00,2026-04-01T08:05+09:00,0.0,4.0,4.2,0.2,0.2
2026-04-01T08:49+09:00,2026-04-01T08:49+09:00,0.0,4.8,5.3,0.5,0.5
2026-04-01T12:45+09:00,2026-04-01T12:46+09:00,2.9,5.8,8.0,2.2,5.1
2026-04-01T15:04+09:00,2026-04-01T15:04+09:00,4.5,5.8,8.3,2.5,7.0
2026-04-01T16:54+09:00,2026-04-01T16:54+09:00,5.9,5.8,8.6,2.8,8.7
2026-04-01T18:35+09:00,2026-04-01T18:36+09:00,6.1,6.4,9.3,2.9,9.0
2026-04-01T19:40+09:00,2026-04-01T19:40+09:00,6.1,7.9,10.8,2.9,9.0
2026-04-01T20:36+09:00,2026-04-01T20:37+09:00,6.1,8.1,11.0,2.9,9.0
2026-04-01T21:42+09:00,2026-04-01T21:42+09:00,6.1,9.6,12.6,2.9,9.0
2026-04-01T23:18+09:00,2026-04-01T23:18+09:00,6.1,11.4,14.4,2.9,9.0
2026-04-02T00:57+09:00,2026-04-02T00:57+09:00,0.0,1.2,1.2,0.0,0.0
2026-04-02T02:11+09:00,2026-04-02T02:11+09:00,0.0,2.2,2.2,0.0,0.0
2026-04-02T03:03+09:00,2026-04-02T03:03+09:00,0.0,2.3,2.3,0.0,0.0
2026-04-02T04:22+09:00,2026-04-02T04:22+09:00,0.0,2.6,2.6,0.0,0.0
2026-04-02T05:25+09:00,2026-04-02T05:25+09:00,0.0,2.7,2.7,0.0,0.0
2026-04-02T06:27+09:00,2026-04-02T06:27+09:00,0.0,3.1,3.1,0.0,0.0
2026-04-02T07:20+09:00,2026-04-02T07:20+09:00,0.0,3.9,4.1,0.2,0.2
2026-04-02T08:21+09:00,2026-04-02T08:21+09:00,0.6,4.4,5.3,1.0,1.6
2026-04-02T09:02+09:00,2026-04-02T09:02+09:00,1.6,4.4,5.9,1.5,3.1
2026-04-02T12:26+09:00,2026-04-02T12:26+09:00,15.5,4.4,8.8,4.4,19.9
2026-04-02T14:24+09:00,2026-04-02T14:24+09:00,25.7,4.4,9.2,4.9,30.6
2026-04-02T15:56+09:00,2026-04-02T15:56+09:00,30.9,4.4,9.4,5.1,36.0
2026-04-02T17:15+09:00,2026-04-02T17:15+09:00,32.8,4.4,9.6,5.2,38.0
2026-04-02T18:17+09:00,2026-04-02T18:17+09:00,33.1,4.5,10.0,5.5,38.6
2026-04-02T19:35+09:00,2026-04-02T19:35+09:00,33.1,5.3,10.8,5.5,38.6
2026-04-02T20:32+09:00,2026-04-02T20:32+09:00,33.1,6.2,11.7,5.5,38.6
2026-04-02T21:38+09:00,2026-04-02T21:38+09:00,33.1,6.9,12.4,5.5,38.6
2026-04-02T23:08+09:00,2026-04-02T23:08+09:00,33.1,8.9,14.4,5.5,38.6
2026-04-03T00:16+09:00,2026-04-03T00:16+09:00,33.1,11.1,16.6,5.5,38.6
2026-04-03T01:37+09:00,2026-04-03T01:37+09:00,0.0,1.3,1.3,0.0,0.0
2026-04-03T02:34+09:00,2026-04-03T02:34+09:00,0.0,1.8,1.8,0.0,0.0
2026-04-03T03:35+09:00,2026-04-03T03:35+09:00,0.0,2.2,2.2,0.0,0.0
2026-04-03T04:35+09:00,2026-04-03T04:36+09:00,0.0,2.7,2.7,0.0,0.0
2026-04-03T05:19+09:00,2026-04-03T05:19+09:00,0.0,3.2,3.2,0.0,0.0
2026-04-03T06:21+09:00,2026-04-03T06:21+09:00,0.0,4.2,4.2,0.0,0.0
2026-04-03T07:18+09:00,2026-04-03T07:18+09:00,0.0,4.9,5.5,0.6,0.6
2026-04-03T08:05+09:00,2026-04-03T08:05+09:00,0.4,4.9,6.1,1.1,1.5
2026-04-03T08:49+09:00,2026-04-03T08:50+09:00,1.9,4.9,7.2,2.3,4.2
2026-04-03T12:27+09:00,2026-04-03T12:28+09:00,16.4,4.9,9.1,4.2,20.6
2026-04-03T14:25+09:00,2026-04-03T14:25+09:00,26.7,4.9,9.5,4.6,31.3
2026-04-03T15:50+09:00,2026-04-03T15:50+09:00,31.7,4.9,9.8,4.9,36.6
2026-04-03T17:08+09:00,2026-04-03T17:09+09:00,33.4,4.9,10.0,5.0,38.4
2026-04-03T18:10+09:00,2026-04-03T18:10+09:00,34.1,4.9,10.2,5.3,39.4
2026-04-03T19:03+09:00,2026-04-03T19:03+09:00,34.2,5.6,11.0,5.4,39.6
2026-04-03T20:03+09:00,2026-04-03T20:03+09:00,34.2,6.5,11.9,5.4,39.6
2026-04-03T20:53+09:00,2026-04-03T20:53+09:00,34.2,7.1,12.5,5.4,39.6
2026-04-03T22:38+09:00,2026-04-03T22:38+09:00,34.2,8.4,13.9,5.4,39.6
2026-04-03T23:27+09:00,2026-04-03T23:27+09:00,34.2,9.9,15.4,5.4,39.6
2026-04-04T00:27+09:00,2026-04-04T00:28+09:00,34.2,10.8,16.2,5.4,39.6
2026-04-04T01:21+09:00,2026-04-04T01:21+09:00,0.0,1.4,1.4,0.0,0.0
2026-04-04T02:19+09:00,2026-04-04T02:19+09:00,0.0,1.6,1.6,0.0,0.0
2026-04-04T03:23+09:00,2026-04-04T03:23+09:00,0.0,1.8,1.8,0.0,0.0
2026-04-04T04:26+09:00,2026-04-04T04:27+09:00,0.0,1.9,1.9,0.0,0.0
2026-04-04T05:04+09:00,2026-04-04T05:04+09:00,0.0,2.0,2.0,0.0,0.0
2026-04-04T05:54+09:00,2026-04-04T05:54+09:00,0.0,2.2,2.2,0.0,0.0
2026-04-04T06:49+09:00,2026-04-04T06:50+09:00,0.0,2.3,2.3,0.0,0.0
2026-04-04T07:53+09:00,2026-04-04T07:53+09:00,0.1,2.4,2.6,0.2,0.3
2026-04-04T08:49+09:00,2026-04-04T08:49+09:00,0.7,2.4,2.8,0.4,1.1
2026-04-04T12:15+09:00,2026-04-04T12:16+09:00,2.4,2.6,5.7,3.0,5.4
2026-04-04T14:12+09:00,2026-04-04T14:12+09:00,4.4,3.6,8.4,4.8,9.2
2026-04-04T15:13+09:00,2026-04-04T15:13+09:00,4.5,3.7,9.1,5.4,9.9
2026-04-04T16:19+09:00,2026-04-04T16:19+09:00,4.9,3.7,9.3,5.6,10.5
2026-04-04T17:23+09:00,2026-04-04T17:23+09:00,4.9,3.8,9.6,5.8,10.7
2026-04-04T18:23+09:00,2026-04-04T18:23+09:00,4.9,4.3,10.1,5.8,10.7
2026-04-04T19:06+09:00,2026-04-04T19:06+09:00,4.9,5.0,10.8,5.8,10.7
2026-04-04T19:53+09:00,2026-04-04T19:53+09:00,4.9,6.2,12.0,5.8,10.7
2026-04-04T20:44+09:00,2026-04-04T20:44+09:00,4.9,6.9,12.7,5.8,10.7
2026-04-04T21:01+09:00,2026-04-04T21:01+09:00,4.9,6.9,12.7,5.8,10.7
2026-04-04T22:20+09:00,2026-04-04T22:20+09:00,4.9,7.7,13.5,5.8,10.7
2026-04-04T23:20+09:00,2026-04-04T23:20+09:00,4.9,8.7,14.5,5.8,10.7
2026-04-05T00:04+09:00,2026-04-05T00:04+09:00,4.9,9.3,15.1,5.8,10.7
2026-04-05T00:47+09:00,2026-04-05T00:47+09:00,0.0,1.2,1.2,0.0,0.0
2026-04-05T01:53+09:00,2026-04-05T01:53+09:00,0.0,1.9,1.9,0.0,0.0
2026-04-05T02:48+09:00,2026-04-05T02:48+09:00,0.0,2.2,2.2,0.0,0.0
2026-04-05T04:01+09:00,2026-04-05T04:01+09:00,0.0,2.4,2.4,0.0,0.0
2026-04-05T04:45+09:00,2026-04-05T04:45+09:00,0.0,2.5,2.5,0.0,0.0
2026-04-05T05:01+09:00,2026-04-05T05:01+09:00,0.0,2.5,2.5,0.0,0.0
2026-04-05T05:50+09:00,2026-04-05T05:50+09:00,0.0,2.7,2.7,0.0,0.0
2026-04-05T06:46+09:00,2026-04-05T06:46+09:00,0.0,2.7,2.8,0.1,0.1
2026-04-05T07:49+09:00,2026-04-05T07:49+09:00,0.9,2.7,3.0,0.2,1.1
2026-04-05T08:46+09:00,2026-04-05T08:46+09:00,1.5,2.8,3.5,0.7,2.2
2026-04-05T12:37+09:00,2026-04-05T12:37+09:00,12.5,2.8,6.4,3.6,16.1
2026-04-05T14:30+09:00,2026-04-05T14:30+09:00,17.4,2.8,7.5,4.7,22.1
2026-04-05T15:47+09:00,2026-04-05T15:47+09:00,22.2,2.8,8.0,5.2,27.4
2026-04-05T17:01+09:00,2026-04-05T17:01+09:00,23.3,2.8,8.8,6.0,29.3
2026-04-05T18:00+09:00,2026-04-05T18:00+09:00,23.7,2.9,9.7,6.8,30.5
2026-04-05T18:55+09:00,2026-04-05T18:56+09:00,23.7,3.8,10.6,6.9,30.6
2026-04-05T19:54+09:00,2026-04-05T19:54+09:00,23.7,5.4,12.3,6.9,30.6
2026-04-05T20:45+09:00,2026-04-05T20:45+09:00,23.7,6.3,13.1,6.9,30.6
2026-04-05T21:02+09:00,2026-04-05T21:02+09:00,23.7,6.3,13.1,6.9,30.6
2026-04-05T22:21+09:00,2026-04-05T22:21+09:00,23.7,8.1,15.0,6.9,30.6
2026-04-05T23:21+09:00,2026-04-05T23:21+09:00,23.7,9.7,16.6,6.9,30.6
2026-04-06T00:06+09:00,2026-04-06T00:06+09:00,23.7,10.2,17.1,6.9,30.6
2026-04-06T00:47+09:00,2026-04-06T00:47+09:00,0.0,0.9,0.9,0.0,0.0
2026-04-06T01:54+09:00,2026-04-06T01:54+09:00,0.0,1.1,1.1,0.0,0.0
2026-04-06T02:49+09:00,2026-04-06T02:49+09:00,0.0,1.2,1.2,0.0,0.0
2026-04-06T04:03+09:00,2026-04-06T04:04+09:00,0.0,1.4,1.4,0.0,0.0
2026-04-06T04:49+09:00,2026-04-06T04:49+09:00,0.0,1.6,1.6,0.0,0.0
2026-04-06T05:50+09:00,2026-04-06T05:50+09:00,0.0,1.7,1.7,0.0,0.0
2026-04-06T06:47+09:00,2026-04-06T06:47+09:00,0.0,2.0,2.1,0.1,0.1
2026-04-06T07:51+09:00,2026-04-06T07:51+09:00,0.7,2.2,2.8,0.6,1.3
2026-04-06T08:49+09:00,2026-04-06T08:50+09:00,2.7,2.2,3.2,1.0,3.7
2026-04-06T12:40+09:00,2026-04-06T12:41+09:00,16.5,2.2,5.1,2.9,19.4
2026-04-06T14:51+09:00,2026-04-06T14:51+09:00,24.5,2.2,5.3,3.2,27.7
2026-04-06T17:02+09:00,2026-04-06T17:02+09:00,27.0,2.2,5.6,3.4,30.4
2026-04-06T18:41+09:00,2026-04-06T18:42+09:00,27.2,3.3,6.9,3.6,30.8
2026-04-06T19:42+09:00,2026-04-06T19:42+09:00,27.2,4.1,7.7,3.6,30.8
2026-04-06T20:35+09:00,2026-04-06T20:36+09:00,27.2,4.4,8.1,3.6,30.8
2026-04-06T21:36+09:00,2026-04-06T21:37+09:00,27.2,5.3,9.0,3.6,30.8
2026-04-06T22:59+09:00,2026-04-06T22:59+09:00,27.2,7.6,11.2,3.6,30.8
2026-04-07T00:06+09:00,2026-04-07T00:06+09:00,27.2,8.5,12.1,3.6,30.8
2026-04-07T01:01+09:00,2026-04-07T01:01+09:00,0.0,0.4,0.4,0.0,0.0
